timestamps,actual,pred
2021-05-26 23:00:00+00:00,-1.0,-0.44356924295425415
2021-05-27 00:00:00+00:00,-1.0,-1.0214695930480957
2021-05-27 01:00:00+00:00,-1.0,-0.717962920665741
2021-05-27 02:00:00+00:00,-1.0,1.2803996801376343
2021-05-27 03:00:00+00:00,-1.0,-0.7522779107093811
2021-05-27 04:00:00+00:00,-1.0,-0.9337573647499084
2021-05-27 05:00:00+00:00,-1.0,-0.8330829739570618
2021-05-27 06:00:00+00:00,-1.0,-0.9460354447364807
2021-05-27 07:00:00+00:00,-1.0,-1.0583741664886475
2021-05-27 08:00:00+00:00,-1.0,-1.0404973030090332
2021-05-27 09:00:00+00:00,-1.0,-1.0349297523498535
2021-05-27 10:00:00+00:00,-1.0,-1.0481977462768555
2021-05-27 11:00:00+00:00,-1.0,-1.100820541381836
2021-05-27 12:00:00+00:00,-1.0,-1.073486566543579
2021-05-27 13:00:00+00:00,-1.0,-1.0798966884613037
2021-05-27 14:00:00+00:00,-1.0,-1.007990837097168
2021-05-27 15:00:00+00:00,-1.0,-1.0185508728027344
2021-05-27 16:00:00+00:00,-1.0,-0.9912293553352356
2021-05-27 17:00:00+00:00,-1.0,-0.9789018034934998
2021-05-27 18:00:00+00:00,-1.0,-0.9985722899436951
2021-05-27 19:00:00+00:00,-1.0,-1.0091485977172852
2021-05-27 20:00:00+00:00,-1.0,-0.9416425824165344
2021-05-27 21:00:00+00:00,-1.0,-0.9222236275672913
2021-05-27 22:00:00+00:00,2.0,-0.9173582196235657
2021-05-27 23:00:00+00:00,1.0,2.4214096069335938
2021-05-28 00:00:00+00:00,1.0,1.3457449674606323
2021-05-28 01:00:00+00:00,1.0,3.4177749156951904
2021-05-28 02:00:00+00:00,5.0,9.191723823547363
2021-05-28 03:00:00+00:00,21.0,23.027118682861328
2021-05-28 04:00:00+00:00,32.0,31.54279899597168
2021-05-28 05:00:00+00:00,33.0,41.38853454589844
2021-05-28 06:00:00+00:00,37.0,41.94697570800781
2021-05-28 07:00:00+00:00,35.0,41.51104736328125
2021-05-28 08:00:00+00:00,48.0,37.771419525146484
2021-05-28 09:00:00+00:00,48.0,61.44011688232422
2021-05-28 10:00:00+00:00,43.0,56.92182922363281
2021-05-28 11:00:00+00:00,51.0,50.189483642578125
2021-05-28 12:00:00+00:00,81.0,61.183067321777344
2021-05-28 13:00:00+00:00,60.0,86.0108871459961
2021-05-28 14:00:00+00:00,51.0,50.1758918762207
2021-05-28 15:00:00+00:00,36.0,46.63428497314453
2021-05-28 16:00:00+00:00,23.0,27.319374084472656
2021-05-28 17:00:00+00:00,14.0,16.253520965576172
2021-05-28 18:00:00+00:00,11.0,9.355002403259277
2021-05-28 19:00:00+00:00,7.0,6.924890995025635
2021-05-28 20:00:00+00:00,5.0,4.1500749588012695
2021-05-28 21:00:00+00:00,3.0,3.9826302528381348
2021-05-28 22:00:00+00:00,1.0,2.2482833862304688
2021-05-28 23:00:00+00:00,3.0,0.5480127930641174
2021-05-29 00:00:00+00:00,1.0,3.8193702697753906
2021-05-29 01:00:00+00:00,1.0,0.5000771284103394
2021-05-29 02:00:00+00:00,2.0,2.4592719078063965
2021-05-29 03:00:00+00:00,2.0,8.738591194152832
2021-05-29 04:00:00+00:00,15.0,2.131006956100464
2021-05-29 05:00:00+00:00,11.0,31.291339874267578
2021-05-29 06:00:00+00:00,32.0,23.95244026184082
2021-05-29 07:00:00+00:00,27.0,41.553096771240234
2021-05-29 08:00:00+00:00,33.0,34.11772918701172
2021-05-29 09:00:00+00:00,33.0,33.420166015625
2021-05-29 10:00:00+00:00,24.0,30.829360961914062
2021-05-29 11:00:00+00:00,35.0,22.338319778442383
2021-05-29 12:00:00+00:00,28.0,32.365135192871094
2021-05-29 13:00:00+00:00,20.0,24.014230728149414
2021-05-29 14:00:00+00:00,27.0,18.217405319213867
2021-05-29 15:00:00+00:00,19.0,22.601619720458984
2021-05-29 16:00:00+00:00,11.0,12.752350807189941
2021-05-29 17:00:00+00:00,16.0,6.975000858306885
2021-05-29 18:00:00+00:00,6.0,10.368611335754395
2021-05-29 19:00:00+00:00,5.0,3.4215898513793945
2021-05-29 20:00:00+00:00,8.0,4.3841776847839355
2021-05-29 21:00:00+00:00,4.5,7.053076267242432
2021-05-29 22:00:00+00:00,1.0,4.056122779846191
2021-05-29 23:00:00+00:00,1.0,1.2738896608352661
2021-05-30 00:00:00+00:00,0.0,1.4493637084960938
2021-05-30 01:00:00+00:00,1.0,-0.2743808627128601
2021-05-30 02:00:00+00:00,2.0,2.5245449542999268
2021-05-30 03:00:00+00:00,2.0,5.479661464691162
2021-05-30 04:00:00+00:00,9.0,6.223023414611816
2021-05-30 05:00:00+00:00,11.0,15.871760368347168
2021-05-30 06:00:00+00:00,16.0,21.369644165039062
2021-05-30 07:00:00+00:00,21.0,26.193099975585938
2021-05-30 08:00:00+00:00,45.0,27.745492935180664
2021-05-30 09:00:00+00:00,41.0,63.146480560302734
2021-05-30 10:00:00+00:00,47.0,49.24221420288086
2021-05-30 11:00:00+00:00,63.0,53.79657745361328
2021-05-30 12:00:00+00:00,53.0,71.31513214111328
2021-05-30 13:00:00+00:00,74.0,54.89967346191406
2021-05-30 14:00:00+00:00,82.0,72.29627990722656
2021-05-30 15:00:00+00:00,67.0,78.00047302246094
2021-05-30 16:00:00+00:00,55.0,61.910850524902344
2021-05-30 17:00:00+00:00,26.0,44.46344757080078
2021-05-30 18:00:00+00:00,7.0,18.953083038330078
2021-05-30 19:00:00+00:00,5.0,2.032306432723999
2021-05-30 20:00:00+00:00,5.0,2.311323642730713
2021-05-30 21:00:00+00:00,2.5,2.2749221324920654
2021-05-30 22:00:00+00:00,0.0,1.1747515201568604
2021-05-30 23:00:00+00:00,0.0,0.4423457384109497
2021-05-31 00:00:00+00:00,0.0,0.39895737171173096
2021-05-31 01:00:00+00:00,3.0,2.1057915687561035
2021-05-31 02:00:00+00:00,8.0,11.899296760559082
2021-05-31 03:00:00+00:00,46.0,30.93966293334961
2021-05-31 04:00:00+00:00,49.0,63.90283203125
2021-05-31 05:00:00+00:00,33.0,61.727760314941406
2021-05-31 06:00:00+00:00,23.0,36.035579681396484
2021-05-31 07:00:00+00:00,30.0,22.755390167236328
2021-05-31 08:00:00+00:00,35.0,29.441160202026367
2021-05-31 09:00:00+00:00,28.0,31.58904266357422
2021-05-31 10:00:00+00:00,43.0,26.115751266479492
2021-05-31 11:00:00+00:00,44.0,44.45392608642578
2021-05-31 12:00:00+00:00,52.0,57.69544219970703
2021-05-31 13:00:00+00:00,40.0,42.48979949951172
2021-05-31 14:00:00+00:00,36.0,33.5844612121582
2021-05-31 15:00:00+00:00,23.0,28.77109718322754
2021-05-31 16:00:00+00:00,23.0,15.931526184082031
2021-05-31 17:00:00+00:00,18.0,16.109853744506836
2021-05-31 18:00:00+00:00,7.0,12.736600875854492
2021-05-31 19:00:00+00:00,12.0,2.833146333694458
2021-05-31 20:00:00+00:00,0.0,7.297802448272705
2021-05-31 21:00:00+00:00,1.5,-0.33118778467178345
2021-05-31 22:00:00+00:00,3.0,0.4632980227470398
2021-05-31 23:00:00+00:00,2.0,3.0884203910827637
2021-06-01 00:00:00+00:00,3.0,3.259183645248413
2021-06-01 01:00:00+00:00,3.0,7.308093070983887
2021-06-01 02:00:00+00:00,8.0,12.475091934204102
2021-06-01 03:00:00+00:00,41.0,33.190773010253906
2021-06-01 04:00:00+00:00,43.0,60.443485260009766
2021-06-01 05:00:00+00:00,27.0,56.896697998046875
2021-06-01 06:00:00+00:00,35.0,30.986770629882812
2021-06-01 07:00:00+00:00,19.0,35.47624969482422
2021-06-01 08:00:00+00:00,28.0,20.013029098510742
2021-06-01 09:00:00+00:00,27.0,24.530654907226562
2021-06-01 10:00:00+00:00,30.0,26.214797973632812
2021-06-01 11:00:00+00:00,33.0,33.8159294128418
2021-06-01 12:00:00+00:00,38.0,44.257503509521484
2021-06-01 13:00:00+00:00,38.0,29.555112838745117
2021-06-01 14:00:00+00:00,33.0,31.052705764770508
2021-06-01 15:00:00+00:00,21.0,25.60195541381836
2021-06-01 16:00:00+00:00,30.0,14.90002155303955
2021-06-01 17:00:00+00:00,9.0,22.063383102416992
2021-06-01 18:00:00+00:00,15.0,5.818587303161621
2021-06-01 19:00:00+00:00,16.0,8.668305397033691
2021-06-01 20:00:00+00:00,3.0,8.912025451660156
2021-06-01 21:00:00+00:00,2.5,2.093898296356201
2021-06-01 22:00:00+00:00,2.0,1.0521245002746582
2021-06-01 23:00:00+00:00,0.0,2.2997734546661377
2021-06-02 00:00:00+00:00,1.0,-0.4147288203239441
2021-06-02 01:00:00+00:00,1.0,3.7728164196014404
2021-06-02 02:00:00+00:00,6.0,8.345612525939941
2021-06-02 03:00:00+00:00,41.0,28.721464157104492
2021-06-02 04:00:00+00:00,35.0,60.88308334350586
2021-06-02 05:00:00+00:00,36.0,41.468997955322266
2021-06-02 06:00:00+00:00,45.0,48.808292388916016
2021-06-02 07:00:00+00:00,36.0,55.84177017211914
2021-06-02 08:00:00+00:00,33.0,37.50495147705078
2021-06-02 09:00:00+00:00,30.0,31.62413787841797
2021-06-02 10:00:00+00:00,38.0,29.662845611572266
2021-06-02 11:00:00+00:00,31.0,42.134727478027344
2021-06-02 12:00:00+00:00,45.0,39.832279205322266
2021-06-02 13:00:00+00:00,34.0,37.02946853637695
2021-06-02 14:00:00+00:00,41.0,26.134462356567383
2021-06-02 15:00:00+00:00,26.0,34.98994827270508
2021-06-02 16:00:00+00:00,27.0,18.981529235839844
2021-06-02 17:00:00+00:00,14.0,19.77194595336914
2021-06-02 18:00:00+00:00,14.0,10.145055770874023
2021-06-02 19:00:00+00:00,7.0,8.100852012634277
2021-06-02 20:00:00+00:00,8.0,4.19196891784668
2021-06-02 21:00:00+00:00,4.0,5.217607498168945
2021-06-02 22:00:00+00:00,0.0,1.9448413848876953
2021-06-02 23:00:00+00:00,1.0,0.47494667768478394
2021-06-03 00:00:00+00:00,3.0,1.6023694276809692
2021-06-03 01:00:00+00:00,0.0,6.598806858062744
2021-06-03 02:00:00+00:00,7.0,6.282556056976318
2021-06-03 03:00:00+00:00,38.0,31.446760177612305
2021-06-03 04:00:00+00:00,25.0,56.515533447265625
2021-06-03 05:00:00+00:00,21.0,34.06578826904297
2021-06-03 06:00:00+00:00,47.0,23.062679290771484
2021-06-03 07:00:00+00:00,27.0,60.42123031616211
2021-06-03 08:00:00+00:00,41.0,26.43977165222168
2021-06-03 09:00:00+00:00,41.0,46.244544982910156
2021-06-03 10:00:00+00:00,35.0,43.871219635009766
2021-06-03 11:00:00+00:00,37.0,38.722999572753906
2021-06-03 12:00:00+00:00,62.0,47.228004455566406
2021-06-03 13:00:00+00:00,52.0,54.53242111206055
2021-06-03 14:00:00+00:00,29.0,47.69839096069336
2021-06-03 15:00:00+00:00,21.0,23.28158187866211
2021-06-03 16:00:00+00:00,19.0,15.17529296875
2021-06-03 17:00:00+00:00,20.0,13.760127067565918
2021-06-03 18:00:00+00:00,15.0,14.185833930969238
2021-06-03 19:00:00+00:00,11.0,9.738696098327637
2021-06-03 20:00:00+00:00,5.0,5.999151229858398
2021-06-03 21:00:00+00:00,3.5,2.589646100997925
2021-06-03 22:00:00+00:00,2.0,1.5338928699493408
2021-06-03 23:00:00+00:00,5.0,2.292707681655884
2021-06-04 00:00:00+00:00,4.0,6.131628036499023
2021-06-04 01:00:00+00:00,1.0,7.916413307189941
2021-06-04 02:00:00+00:00,3.0,9.612632751464844
2021-06-04 03:00:00+00:00,32.0,13.00191879272461
2021-06-04 04:00:00+00:00,31.0,53.86056900024414
2021-06-04 05:00:00+00:00,29.0,39.451499938964844
2021-06-04 06:00:00+00:00,40.0,33.271419525146484
2021-06-04 07:00:00+00:00,24.0,51.423301696777344
2021-06-04 08:00:00+00:00,46.0,25.33991050720215
2021-06-04 09:00:00+00:00,46.0,56.79545211791992
2021-06-04 10:00:00+00:00,53.0,53.04574966430664
2021-06-04 11:00:00+00:00,43.0,62.818111419677734
2021-06-04 12:00:00+00:00,82.0,61.31267166137695
2021-06-04 13:00:00+00:00,52.0,90.58134460449219
2021-06-04 14:00:00+00:00,48.0,48.871131896972656
2021-06-04 15:00:00+00:00,36.0,42.01243209838867
2021-06-04 16:00:00+00:00,27.0,26.80152130126953
2021-06-04 17:00:00+00:00,21.0,19.295047760009766
2021-06-04 18:00:00+00:00,13.0,14.481612205505371
2021-06-04 19:00:00+00:00,4.0,8.435973167419434
2021-06-04 20:00:00+00:00,5.0,2.270857810974121
2021-06-04 21:00:00+00:00,3.0,3.8125431537628174
2021-06-04 22:00:00+00:00,1.0,2.2572407722473145
2021-06-04 23:00:00+00:00,3.0,0.5202473402023315
2021-06-05 00:00:00+00:00,2.0,4.259191989898682
2021-06-05 01:00:00+00:00,1.0,2.5824344158172607
2021-06-05 02:00:00+00:00,3.0,3.217097043991089
2021-06-05 03:00:00+00:00,4.0,10.792404174804688
2021-06-05 04:00:00+00:00,13.0,7.644835472106934
2021-06-05 05:00:00+00:00,27.0,25.030181884765625
2021-06-05 06:00:00+00:00,29.0,51.80447006225586
2021-06-05 07:00:00+00:00,33.0,37.76865768432617
2021-06-05 08:00:00+00:00,46.0,38.72945022583008
2021-06-05 09:00:00+00:00,45.0,57.94319152832031
2021-06-05 10:00:00+00:00,25.0,50.013118743896484
2021-06-05 11:00:00+00:00,28.0,23.18309211730957
2021-06-05 12:00:00+00:00,27.0,25.9424991607666
2021-06-05 13:00:00+00:00,34.0,23.781890869140625
2021-06-05 14:00:00+00:00,26.0,29.77741813659668
2021-06-05 15:00:00+00:00,21.0,21.064510345458984
2021-06-05 16:00:00+00:00,24.0,14.308552742004395
2021-06-05 17:00:00+00:00,13.0,17.052898406982422
2021-06-05 18:00:00+00:00,6.0,8.107749938964844
2021-06-05 19:00:00+00:00,7.0,3.4465622901916504
2021-06-05 20:00:00+00:00,4.0,5.93109655380249
2021-06-05 21:00:00+00:00,2.5,3.2176103591918945
2021-06-05 22:00:00+00:00,1.0,2.2118096351623535
2021-06-05 23:00:00+00:00,1.0,1.164479374885559
2021-06-06 00:00:00+00:00,0.0,0.7300593256950378
2021-06-06 01:00:00+00:00,1.0,0.18031519651412964
2021-06-06 02:00:00+00:00,1.0,2.6950058937072754
2021-06-06 03:00:00+00:00,4.0,4.326663494110107
2021-06-06 04:00:00+00:00,10.0,9.953597068786621
2021-06-06 05:00:00+00:00,20.0,17.293560028076172
2021-06-06 06:00:00+00:00,26.0,31.910486221313477
2021-06-06 07:00:00+00:00,31.0,44.394107818603516
2021-06-06 08:00:00+00:00,37.0,43.59988021850586
2021-06-06 09:00:00+00:00,54.0,48.88222885131836
2021-06-06 10:00:00+00:00,45.0,67.32213592529297
2021-06-06 11:00:00+00:00,63.0,49.31410598754883
2021-06-06 12:00:00+00:00,53.0,70.60385131835938
2021-06-06 13:00:00+00:00,74.0,54.521095275878906
2021-06-06 14:00:00+00:00,70.0,70.45679473876953
2021-06-06 15:00:00+00:00,79.0,67.28318786621094
2021-06-06 16:00:00+00:00,45.0,71.15959930419922
2021-06-06 17:00:00+00:00,29.0,33.993370056152344
2021-06-06 18:00:00+00:00,14.0,19.422273635864258
2021-06-06 19:00:00+00:00,3.0,6.370908737182617
2021-06-06 20:00:00+00:00,1.0,0.8721633553504944
2021-06-06 21:00:00+00:00,0.5,-0.6026317477226257
2021-06-06 22:00:00+00:00,0.0,-0.24952799081802368
2021-06-06 23:00:00+00:00,0.0,0.4788905680179596
2021-06-07 00:00:00+00:00,1.0,0.9763506054878235
2021-06-07 01:00:00+00:00,1.0,4.45473575592041
2021-06-07 02:00:00+00:00,7.0,7.175713539123535
2021-06-07 03:00:00+00:00,50.0,27.645187377929688
2021-06-07 04:00:00+00:00,40.0,70.67540740966797
2021-06-07 05:00:00+00:00,41.0,49.77802658081055
2021-06-07 06:00:00+00:00,38.0,53.725894927978516
2021-06-07 07:00:00+00:00,38.0,32.055686950683594
2021-06-07 08:00:00+00:00,37.0,34.04468536376953
2021-06-07 09:00:00+00:00,25.0,33.07969665527344
2021-06-07 10:00:00+00:00,25.0,24.940113067626953
2021-06-07 11:00:00+00:00,32.0,27.973114013671875
2021-06-07 12:00:00+00:00,47.0,42.76865005493164
2021-06-07 13:00:00+00:00,36.0,39.3988151550293
2021-06-07 14:00:00+00:00,39.0,29.158000946044922
2021-06-07 15:00:00+00:00,28.0,32.01283645629883
2021-06-07 16:00:00+00:00,28.0,21.196048736572266
2021-06-07 17:00:00+00:00,13.0,21.690752029418945
2021-06-07 18:00:00+00:00,12.0,9.990333557128906
2021-06-07 19:00:00+00:00,5.0,7.391642093658447
2021-06-07 20:00:00+00:00,2.0,3.263827085494995
2021-06-07 21:00:00+00:00,2.0,1.533524751663208
2021-06-07 22:00:00+00:00,2.0,0.6716197729110718
2021-06-07 23:00:00+00:00,0.0,2.1927080154418945
2021-06-08 00:00:00+00:00,1.0,-0.03723764419555664
2021-06-08 01:00:00+00:00,0.0,3.5163216590881348
2021-06-08 02:00:00+00:00,8.0,3.149855375289917
2021-06-08 03:00:00+00:00,39.0,35.767215728759766
2021-06-08 04:00:00+00:00,41.0,54.45134735107422
2021-06-08 05:00:00+00:00,36.0,53.47869873046875
2021-06-08 06:00:00+00:00,43.0,37.23868179321289
2021-06-08 07:00:00+00:00,33.0,38.47941970825195
2021-06-08 08:00:00+00:00,28.0,30.670028686523438
2021-06-08 09:00:00+00:00,31.0,24.40354347229004
2021-06-08 10:00:00+00:00,30.0,29.525651931762695
2021-06-08 11:00:00+00:00,46.0,34.65443420410156
2021-06-08 12:00:00+00:00,48.0,58.19752502441406
2021-06-08 13:00:00+00:00,44.0,38.89897537231445
2021-06-08 14:00:00+00:00,32.0,35.8370361328125
2021-06-08 15:00:00+00:00,30.0,24.655315399169922
2021-06-08 16:00:00+00:00,21.0,22.85759162902832
2021-06-08 17:00:00+00:00,20.0,16.183685302734375
2021-06-08 18:00:00+00:00,13.0,15.1874361038208
2021-06-08 19:00:00+00:00,4.0,8.620718955993652
2021-06-08 20:00:00+00:00,5.0,2.58884859085083
2021-06-08 21:00:00+00:00,4.0,4.60023832321167
2021-06-08 22:00:00+00:00,3.0,2.0139243602752686
2021-06-08 23:00:00+00:00,0.0,3.38804030418396
2021-06-09 00:00:00+00:00,1.0,-0.5568543076515198
2021-06-09 01:00:00+00:00,0.0,2.789205551147461
2021-06-09 02:00:00+00:00,8.0,2.826472759246826
2021-06-09 03:00:00+00:00,40.0,35.81121063232422
2021-06-09 04:00:00+00:00,29.0,55.5493049621582
2021-06-09 05:00:00+00:00,34.0,31.979217529296875
2021-06-09 06:00:00+00:00,33.0,35.96512985229492
2021-06-09 07:00:00+00:00,32.0,30.609821319580078
2021-06-09 08:00:00+00:00,36.0,30.778459548950195
2021-06-09 09:00:00+00:00,24.0,33.057228088378906
2021-06-09 10:00:00+00:00,27.0,25.336645126342773
2021-06-09 11:00:00+00:00,36.0,31.975746154785156
2021-06-09 12:00:00+00:00,57.0,44.95235824584961
2021-06-09 13:00:00+00:00,38.0,42.561859130859375
2021-06-09 14:00:00+00:00,37.0,32.7990608215332
2021-06-09 15:00:00+00:00,23.0,30.694658279418945
2021-06-09 16:00:00+00:00,28.0,17.60232925415039
2021-06-09 17:00:00+00:00,28.0,22.022159576416016
2021-06-09 18:00:00+00:00,8.0,20.618518829345703
2021-06-09 19:00:00+00:00,1.0,4.288309574127197
2021-06-09 20:00:00+00:00,2.0,-0.636120617389679
2021-06-09 21:00:00+00:00,1.5,0.9399052858352661
2021-06-09 22:00:00+00:00,1.0,0.18986451625823975
2021-06-09 23:00:00+00:00,1.0,1.36869215965271
2021-06-10 00:00:00+00:00,1.0,1.143221139907837
2021-06-10 01:00:00+00:00,1.0,2.881117582321167
2021-06-10 02:00:00+00:00,5.0,7.586390972137451
2021-06-10 03:00:00+00:00,41.0,27.463376998901367
2021-06-10 04:00:00+00:00,25.0,55.292667388916016
2021-06-10 05:00:00+00:00,43.0,28.3873348236084
2021-06-10 06:00:00+00:00,24.0,54.9892692565918
2021-06-10 07:00:00+00:00,41.0,23.782991409301758
2021-06-10 08:00:00+00:00,31.0,38.613277435302734
2021-06-10 09:00:00+00:00,32.0,28.05699920654297
2021-06-10 10:00:00+00:00,39.0,31.11126708984375
2021-06-10 11:00:00+00:00,43.0,41.06884002685547
2021-06-10 12:00:00+00:00,80.0,43.71641540527344
2021-06-10 13:00:00+00:00,56.0,78.31078338623047
2021-06-10 14:00:00+00:00,51.0,41.64231491088867
2021-06-10 15:00:00+00:00,24.0,38.24797058105469
2021-06-10 16:00:00+00:00,30.0,17.702970504760742
2021-06-10 17:00:00+00:00,13.0,23.065696716308594
2021-06-10 18:00:00+00:00,14.0,10.078210830688477
2021-06-10 19:00:00+00:00,8.0,9.926665306091309
2021-06-10 20:00:00+00:00,3.0,5.168092727661133
2021-06-10 21:00:00+00:00,2.0,1.907221794128418
2021-06-10 22:00:00+00:00,1.0,0.31954365968704224
2021-06-10 23:00:00+00:00,0.0,1.291351318359375
2021-06-11 00:00:00+00:00,3.0,-0.48155635595321655
2021-06-11 01:00:00+00:00,1.0,6.690605163574219
2021-06-11 02:00:00+00:00,4.0,9.297618865966797
2021-06-11 03:00:00+00:00,27.0,21.285396575927734
2021-06-11 04:00:00+00:00,23.0,40.67499542236328
2021-06-11 05:00:00+00:00,43.0,27.874338150024414
2021-06-11 06:00:00+00:00,40.0,56.674903869628906
2021-06-11 07:00:00+00:00,50.0,42.653377532958984
2021-06-11 08:00:00+00:00,35.0,60.202857971191406
2021-06-11 09:00:00+00:00,44.0,32.94794845581055
2021-06-11 10:00:00+00:00,49.0,46.969818115234375
2021-06-11 11:00:00+00:00,49.0,50.180782318115234
2021-06-11 12:00:00+00:00,62.0,55.16048812866211
2021-06-11 13:00:00+00:00,57.0,48.34676742553711
2021-06-11 14:00:00+00:00,30.0,43.7921257019043
2021-06-11 15:00:00+00:00,37.0,26.236562728881836
2021-06-11 16:00:00+00:00,15.0,26.9085750579834
2021-06-11 17:00:00+00:00,15.0,11.805132865905762
2021-06-11 18:00:00+00:00,9.0,11.174905776977539
2021-06-11 19:00:00+00:00,4.0,5.760695457458496
2021-06-11 20:00:00+00:00,6.0,2.515298843383789
2021-06-11 21:00:00+00:00,3.5,4.821440696716309
2021-06-11 22:00:00+00:00,1.0,2.3959555625915527
2021-06-11 23:00:00+00:00,1.0,0.13219505548477173
2021-06-12 00:00:00+00:00,1.0,1.2640608549118042
2021-06-12 01:00:00+00:00,0.0,0.3103526830673218
2021-06-12 02:00:00+00:00,1.0,0.6687246561050415
2021-06-12 03:00:00+00:00,6.0,4.464410305023193
2021-06-12 04:00:00+00:00,10.0,11.69130802154541
2021-06-12 05:00:00+00:00,15.0,19.174715042114258
2021-06-12 06:00:00+00:00,35.0,35.75682067871094
2021-06-12 07:00:00+00:00,43.0,51.840858459472656
2021-06-12 08:00:00+00:00,39.0,52.41651153564453
2021-06-12 09:00:00+00:00,34.0,40.81101608276367
2021-06-12 10:00:00+00:00,30.0,30.702728271484375
2021-06-12 11:00:00+00:00,44.0,29.133451461791992
2021-06-12 12:00:00+00:00,29.0,39.67537307739258
2021-06-12 13:00:00+00:00,25.0,25.89409828186035
2021-06-12 14:00:00+00:00,25.0,21.58341407775879
2021-06-12 15:00:00+00:00,15.0,19.445785522460938
2021-06-12 16:00:00+00:00,16.0,10.438836097717285
2021-06-12 17:00:00+00:00,10.0,10.409174919128418
2021-06-12 18:00:00+00:00,8.0,5.665353775024414
2021-06-12 19:00:00+00:00,3.0,5.387289047241211
2021-06-12 20:00:00+00:00,7.0,2.6725172996520996
2021-06-12 21:00:00+00:00,3.5,6.004894256591797
2021-06-12 22:00:00+00:00,0.0,2.4307847023010254
2021-06-12 23:00:00+00:00,1.0,-0.6684561371803284
2021-06-13 00:00:00+00:00,0.0,1.4092297554016113
2021-06-13 01:00:00+00:00,0.0,-0.5030671954154968
2021-06-13 02:00:00+00:00,3.0,0.776880145072937
2021-06-13 03:00:00+00:00,6.0,6.211413860321045
2021-06-13 04:00:00+00:00,4.0,12.108726501464844
2021-06-13 05:00:00+00:00,3.0,6.389622688293457
2021-06-13 06:00:00+00:00,22.0,4.743025302886963
2021-06-13 07:00:00+00:00,23.0,41.48897171020508
2021-06-13 08:00:00+00:00,49.0,31.74552345275879
2021-06-13 09:00:00+00:00,70.0,69.00476837158203
2021-06-13 10:00:00+00:00,76.0,85.3762435913086
2021-06-13 11:00:00+00:00,65.0,84.94537353515625
2021-06-13 12:00:00+00:00,71.0,73.47550201416016
2021-06-13 13:00:00+00:00,64.0,72.2464370727539
2021-06-13 14:00:00+00:00,72.0,58.614341735839844
2021-06-13 15:00:00+00:00,55.0,68.17184448242188
2021-06-13 16:00:00+00:00,30.0,43.294654846191406
2021-06-13 17:00:00+00:00,25.0,25.49839210510254
2021-06-13 18:00:00+00:00,13.0,18.62171745300293
2021-06-13 19:00:00+00:00,7.0,6.242431163787842
2021-06-13 20:00:00+00:00,4.0,3.897113561630249
2021-06-13 21:00:00+00:00,2.0,1.8736395835876465
2021-06-13 22:00:00+00:00,0.0,0.9784728288650513
2021-06-13 23:00:00+00:00,0.0,0.413979709148407
2021-06-14 00:00:00+00:00,1.0,0.5003982186317444
2021-06-14 01:00:00+00:00,3.0,4.242393970489502
2021-06-14 02:00:00+00:00,5.0,11.573433876037598
2021-06-14 03:00:00+00:00,41.0,25.18412971496582
2021-06-14 04:00:00+00:00,42.0,55.165802001953125
2021-06-14 05:00:00+00:00,28.0,53.826263427734375
2021-06-14 06:00:00+00:00,38.0,27.054407119750977
2021-06-14 07:00:00+00:00,42.0,33.35874938964844
2021-06-14 08:00:00+00:00,39.0,40.02751541137695
2021-06-14 09:00:00+00:00,37.0,34.20581817626953
2021-06-14 10:00:00+00:00,32.0,32.167808532714844
2021-06-14 11:00:00+00:00,32.0,35.90697479248047
2021-06-14 12:00:00+00:00,48.0,43.692115783691406
2021-06-14 13:00:00+00:00,28.0,35.270233154296875
2021-06-14 14:00:00+00:00,40.0,21.956462860107422
2021-06-14 15:00:00+00:00,25.0,32.663551330566406
2021-06-14 16:00:00+00:00,21.0,18.10309600830078
2021-06-14 17:00:00+00:00,14.0,16.20574188232422
2021-06-14 18:00:00+00:00,11.0,10.650493621826172
2021-06-14 19:00:00+00:00,2.0,5.990591526031494
2021-06-14 20:00:00+00:00,3.0,1.625131368637085
2021-06-14 21:00:00+00:00,2.0,2.6925048828125
2021-06-14 22:00:00+00:00,1.0,0.7210723161697388
2021-06-14 23:00:00+00:00,0.0,0.9909583330154419
2021-06-15 00:00:00+00:00,0.0,-0.23954898118972778
2021-06-15 01:00:00+00:00,0.0,0.6376569867134094
2021-06-15 02:00:00+00:00,5.0,3.7686870098114014
2021-06-15 03:00:00+00:00,37.0,26.858983993530273
2021-06-15 04:00:00+00:00,28.0,49.77452850341797
2021-06-15 05:00:00+00:00,21.0,31.559818267822266
2021-06-15 06:00:00+00:00,30.0,16.644359588623047
2021-06-15 07:00:00+00:00,32.0,28.960264205932617
2021-06-15 08:00:00+00:00,42.0,30.551593780517578
2021-06-15 09:00:00+00:00,31.0,40.58159637451172
2021-06-15 10:00:00+00:00,38.0,29.564329147338867
2021-06-15 11:00:00+00:00,36.0,39.091548919677734
2021-06-15 12:00:00+00:00,58.0,43.580257415771484
2021-06-15 13:00:00+00:00,33.0,42.14630126953125
2021-06-15 14:00:00+00:00,42.0,27.35269546508789
2021-06-15 15:00:00+00:00,30.0,35.182525634765625
2021-06-15 16:00:00+00:00,23.0,22.613136291503906
2021-06-15 17:00:00+00:00,10.0,17.51288604736328
2021-06-15 18:00:00+00:00,10.0,7.828455448150635
2021-06-15 19:00:00+00:00,5.0,6.069979190826416
2021-06-15 20:00:00+00:00,2.0,3.7393269538879395
2021-06-15 21:00:00+00:00,1.0,1.435173511505127
2021-06-15 22:00:00+00:00,0.0,-0.09789270162582397
2021-06-15 23:00:00+00:00,1.0,0.11227548122406006
2021-06-16 00:00:00+00:00,1.0,0.8616857528686523
2021-06-16 01:00:00+00:00,3.0,2.7045388221740723
2021-06-16 02:00:00+00:00,5.0,12.984519958496094
2021-06-16 03:00:00+00:00,37.0,28.741235733032227
2021-06-16 04:00:00+00:00,28.0,51.432044982910156
2021-06-16 05:00:00+00:00,40.0,31.458181381225586
2021-06-16 06:00:00+00:00,27.0,48.79237747192383
2021-06-16 07:00:00+00:00,39.0,27.725282669067383
2021-06-16 08:00:00+00:00,41.0,35.6708984375
2021-06-16 09:00:00+00:00,38.0,37.2265739440918
2021-06-16 10:00:00+00:00,31.0,35.112850189208984
2021-06-16 11:00:00+00:00,31.0,36.056678771972656
2021-06-16 12:00:00+00:00,57.0,40.59701156616211
2021-06-16 13:00:00+00:00,36.0,43.02107238769531
2021-06-16 14:00:00+00:00,39.0,30.699573516845703
2021-06-16 15:00:00+00:00,25.0,32.80121612548828
2021-06-16 16:00:00+00:00,21.0,18.365201950073242
2021-06-16 17:00:00+00:00,21.0,16.189266204833984
2021-06-16 18:00:00+00:00,14.0,15.620770454406738
2021-06-16 19:00:00+00:00,5.0,8.840545654296875
2021-06-16 20:00:00+00:00,3.0,3.57470703125
2021-06-16 21:00:00+00:00,2.0,1.5335230827331543
2021-06-16 22:00:00+00:00,1.0,0.49541518092155457
2021-06-16 23:00:00+00:00,0.0,1.2094782590866089
2021-06-17 00:00:00+00:00,1.0,-0.515089213848114
2021-06-17 01:00:00+00:00,1.0,2.9431164264678955
2021-06-17 02:00:00+00:00,11.0,6.266750812530518
2021-06-17 03:00:00+00:00,27.0,42.74021530151367
2021-06-17 04:00:00+00:00,39.0,37.24302291870117
2021-06-17 05:00:00+00:00,31.0,52.37281036376953
2021-06-17 06:00:00+00:00,40.0,31.279909133911133
2021-06-17 07:00:00+00:00,31.0,34.464603424072266
2021-06-17 08:00:00+00:00,45.0,29.63932228088379
2021-06-17 09:00:00+00:00,40.0,43.4747200012207
2021-06-17 10:00:00+00:00,34.0,37.032649993896484
2021-06-17 11:00:00+00:00,44.0,38.70995330810547
2021-06-17 12:00:00+00:00,65.0,44.153053283691406
2021-06-17 13:00:00+00:00,46.0,54.3973388671875
2021-06-17 14:00:00+00:00,43.0,42.582366943359375
2021-06-17 15:00:00+00:00,24.0,35.107547760009766
2021-06-17 16:00:00+00:00,16.0,18.474218368530273
2021-06-17 17:00:00+00:00,8.0,13.163458824157715
2021-06-17 18:00:00+00:00,9.0,6.378538131713867
2021-06-17 19:00:00+00:00,8.0,6.047041416168213
2021-06-17 20:00:00+00:00,3.0,4.594333171844482
2021-06-17 21:00:00+00:00,2.0,1.416386365890503
2021-06-17 22:00:00+00:00,1.0,0.0639142394065857
2021-06-17 23:00:00+00:00,3.0,1.07909095287323
2021-06-18 00:00:00+00:00,2.0,4.070953845977783
2021-06-18 01:00:00+00:00,1.0,5.0102219581604
2021-06-18 02:00:00+00:00,4.0,7.896203994750977
2021-06-18 03:00:00+00:00,33.0,19.929630279541016
2021-06-18 04:00:00+00:00,27.0,48.91683578491211
2021-06-18 05:00:00+00:00,28.0,30.60396385192871
2021-06-18 06:00:00+00:00,38.0,29.240432739257812
2021-06-18 07:00:00+00:00,59.0,37.010860443115234
2021-06-18 08:00:00+00:00,46.0,75.86766815185547
2021-06-18 09:00:00+00:00,45.0,52.07616424560547
2021-06-18 10:00:00+00:00,44.0,45.362857818603516
2021-06-18 11:00:00+00:00,46.0,44.272823333740234
2021-06-18 12:00:00+00:00,72.0,56.01265335083008
2021-06-18 13:00:00+00:00,50.0,66.7789077758789
2021-06-18 14:00:00+00:00,43.0,44.679283142089844
2021-06-18 15:00:00+00:00,33.0,37.35472869873047
2021-06-18 16:00:00+00:00,32.0,24.716033935546875
2021-06-18 17:00:00+00:00,16.0,23.788782119750977
2021-06-18 18:00:00+00:00,14.0,12.448606491088867
2021-06-18 19:00:00+00:00,7.0,9.635045051574707
2021-06-18 20:00:00+00:00,9.0,4.296520233154297
2021-06-18 21:00:00+00:00,5.0,5.9092631340026855
2021-06-18 22:00:00+00:00,1.0,4.093088150024414
2021-06-18 23:00:00+00:00,2.0,-0.4909380078315735
2021-06-19 00:00:00+00:00,0.0,2.854016065597534
2021-06-19 01:00:00+00:00,0.0,-0.7468447089195251
2021-06-19 02:00:00+00:00,1.0,0.026316404342651367
2021-06-19 03:00:00+00:00,3.0,4.987248420715332
2021-06-19 04:00:00+00:00,8.0,4.117372989654541
2021-06-19 05:00:00+00:00,24.0,17.5229434967041
2021-06-19 06:00:00+00:00,26.0,45.552024841308594
2021-06-19 07:00:00+00:00,54.0,40.70950698852539
2021-06-19 08:00:00+00:00,42.0,72.26708984375
2021-06-19 09:00:00+00:00,43.0,45.750770568847656
2021-06-19 10:00:00+00:00,51.0,42.27385711669922
2021-06-19 11:00:00+00:00,24.0,51.93318176269531
2021-06-19 12:00:00+00:00,31.0,22.687747955322266
2021-06-19 13:00:00+00:00,29.0,27.828662872314453
2021-06-19 14:00:00+00:00,18.0,25.363693237304688
2021-06-19 15:00:00+00:00,20.0,15.085447311401367
2021-06-19 16:00:00+00:00,15.0,14.283256530761719
2021-06-19 17:00:00+00:00,10.0,9.906818389892578
2021-06-19 18:00:00+00:00,7.0,5.847104072570801
2021-06-19 19:00:00+00:00,5.0,4.431827068328857
2021-06-19 20:00:00+00:00,2.0,4.417889595031738
2021-06-19 21:00:00+00:00,3.0,1.7095906734466553
2021-06-19 22:00:00+00:00,4.0,2.0373642444610596
2021-06-19 23:00:00+00:00,0.0,3.255934238433838
2021-06-20 00:00:00+00:00,2.0,0.4128403663635254
2021-06-20 01:00:00+00:00,1.0,2.0562195777893066
2021-06-20 02:00:00+00:00,1.0,1.6762479543685913
2021-06-20 03:00:00+00:00,4.0,3.569411516189575
2021-06-20 04:00:00+00:00,4.0,7.191260814666748
2021-06-20 05:00:00+00:00,18.0,6.448067665100098
2021-06-20 06:00:00+00:00,21.0,29.192472457885742
2021-06-20 07:00:00+00:00,26.0,38.288394927978516
2021-06-20 08:00:00+00:00,44.0,34.50370407104492
2021-06-20 09:00:00+00:00,62.0,59.3275146484375
2021-06-20 10:00:00+00:00,84.0,75.0936279296875
2021-06-20 11:00:00+00:00,62.0,93.31884765625
2021-06-20 12:00:00+00:00,58.0,68.67477416992188
2021-06-20 13:00:00+00:00,88.0,56.94673156738281
2021-06-20 14:00:00+00:00,60.0,88.59370422363281
2021-06-20 15:00:00+00:00,54.0,49.379417419433594
2021-06-20 16:00:00+00:00,31.0,42.15855407714844
2021-06-20 17:00:00+00:00,22.0,24.699270248413086
2021-06-20 18:00:00+00:00,14.0,16.131420135498047
2021-06-20 19:00:00+00:00,5.0,7.156506538391113
2021-06-20 20:00:00+00:00,2.0,2.798494338989258
2021-06-20 21:00:00+00:00,1.5,0.024787187576293945
2021-06-20 22:00:00+00:00,1.0,0.3193286061286926
2021-06-20 23:00:00+00:00,0.0,1.5455418825149536
2021-06-21 00:00:00+00:00,2.0,0.13647711277008057
2021-06-21 01:00:00+00:00,1.0,5.802717208862305
2021-06-21 02:00:00+00:00,8.0,6.441208839416504
2021-06-21 03:00:00+00:00,34.0,33.86784362792969
2021-06-21 04:00:00+00:00,33.0,47.06134033203125
2021-06-21 05:00:00+00:00,33.0,35.71956253051758
2021-06-21 06:00:00+00:00,48.0,30.761032104492188
2021-06-21 07:00:00+00:00,28.0,48.720069885253906
2021-06-21 08:00:00+00:00,42.0,25.45794105529785
2021-06-21 09:00:00+00:00,31.0,36.65098190307617
2021-06-21 10:00:00+00:00,40.0,27.25572967529297
2021-06-21 11:00:00+00:00,42.0,36.483482360839844
2021-06-21 12:00:00+00:00,55.0,42.78620910644531
2021-06-21 13:00:00+00:00,29.0,41.860687255859375
2021-06-21 14:00:00+00:00,25.0,22.569847106933594
2021-06-21 15:00:00+00:00,32.0,19.176862716674805
2021-06-21 16:00:00+00:00,22.0,24.992094039916992
2021-06-21 17:00:00+00:00,13.0,16.618886947631836
2021-06-21 18:00:00+00:00,7.0,9.806131362915039
2021-06-21 19:00:00+00:00,5.0,3.723551034927368
2021-06-21 20:00:00+00:00,4.0,4.09511661529541
2021-06-21 21:00:00+00:00,3.0,3.647968053817749
2021-06-21 22:00:00+00:00,2.0,1.2363146543502808
2021-06-21 23:00:00+00:00,4.0,2.0638091564178467
2021-06-22 00:00:00+00:00,1.0,5.010666370391846
2021-06-22 01:00:00+00:00,1.0,3.123523235321045
2021-06-22 02:00:00+00:00,5.0,5.384905815124512
2021-06-22 03:00:00+00:00,35.0,28.4049129486084
2021-06-22 04:00:00+00:00,46.0,49.05744934082031
2021-06-22 05:00:00+00:00,32.0,58.13848876953125
2021-06-22 06:00:00+00:00,46.0,29.383302688598633
2021-06-22 07:00:00+00:00,35.0,45.769317626953125
2021-06-22 08:00:00+00:00,45.0,32.39227294921875
2021-06-22 09:00:00+00:00,40.0,42.19190979003906
2021-06-22 10:00:00+00:00,39.0,37.7742919921875
2021-06-22 11:00:00+00:00,37.0,37.6489372253418
2021-06-22 12:00:00+00:00,59.0,42.03738021850586
2021-06-22 13:00:00+00:00,50.0,40.465389251708984
2021-06-22 14:00:00+00:00,43.0,37.852596282958984
2021-06-22 15:00:00+00:00,33.0,35.49968719482422
2021-06-22 16:00:00+00:00,29.0,26.558740615844727
2021-06-22 17:00:00+00:00,20.0,21.796667098999023
2021-06-22 18:00:00+00:00,13.0,14.51926040649414
2021-06-22 19:00:00+00:00,10.0,8.27212905883789
2021-06-22 20:00:00+00:00,4.0,6.533181667327881
2021-06-22 21:00:00+00:00,2.0,3.4437804222106934
2021-06-22 22:00:00+00:00,0.0,0.48128944635391235
2021-06-22 23:00:00+00:00,1.0,-0.03840988874435425
2021-06-23 00:00:00+00:00,1.0,0.779597818851471
2021-06-23 01:00:00+00:00,4.0,2.975271463394165
2021-06-23 02:00:00+00:00,5.0,14.236815452575684
2021-06-23 03:00:00+00:00,48.0,28.591175079345703
2021-06-23 04:00:00+00:00,33.0,61.53684616088867
2021-06-23 05:00:00+00:00,31.0,40.797420501708984
2021-06-23 06:00:00+00:00,34.0,30.047731399536133
2021-06-23 07:00:00+00:00,43.0,30.33648109436035
2021-06-23 08:00:00+00:00,53.0,39.45027542114258
2021-06-23 09:00:00+00:00,42.0,57.388160705566406
2021-06-23 10:00:00+00:00,38.0,37.002098083496094
2021-06-23 11:00:00+00:00,35.0,37.60725784301758
2021-06-23 12:00:00+00:00,54.0,45.12049102783203
2021-06-23 13:00:00+00:00,40.0,38.68523406982422
2021-06-23 14:00:00+00:00,36.0,34.25987243652344
2021-06-23 15:00:00+00:00,38.0,29.571949005126953
2021-06-23 16:00:00+00:00,29.0,31.592838287353516
2021-06-23 17:00:00+00:00,9.0,21.973424911499023
2021-06-23 18:00:00+00:00,15.0,6.646307945251465
2021-06-23 19:00:00+00:00,11.0,9.289039611816406
2021-06-23 20:00:00+00:00,5.0,6.5906548500061035
2021-06-23 21:00:00+00:00,3.0,4.185473918914795
2021-06-23 22:00:00+00:00,1.0,0.8302054405212402
2021-06-23 23:00:00+00:00,0.0,1.0055055618286133
2021-06-24 00:00:00+00:00,2.0,-0.6538694500923157
2021-06-24 01:00:00+00:00,4.0,4.947491645812988
2021-06-24 02:00:00+00:00,9.0,14.559924125671387
2021-06-24 03:00:00+00:00,33.0,37.65815353393555
2021-06-24 04:00:00+00:00,40.0,47.30506134033203
2021-06-24 05:00:00+00:00,40.0,54.01840591430664
2021-06-24 06:00:00+00:00,29.0,43.379878997802734
2021-06-24 07:00:00+00:00,42.0,27.650121688842773
2021-06-24 08:00:00+00:00,60.0,41.69534683227539
2021-06-24 09:00:00+00:00,54.0,69.95783233642578
2021-06-24 10:00:00+00:00,47.0,58.874900817871094
2021-06-24 11:00:00+00:00,49.0,43.41405487060547
2021-06-24 12:00:00+00:00,70.0,51.45053482055664
2021-06-24 13:00:00+00:00,53.0,57.22014617919922
2021-06-24 14:00:00+00:00,38.0,43.387237548828125
2021-06-24 15:00:00+00:00,40.0,32.61463165283203
2021-06-24 16:00:00+00:00,19.0,31.477802276611328
2021-06-24 17:00:00+00:00,15.0,14.95279312133789
2021-06-24 18:00:00+00:00,13.0,10.821943283081055
2021-06-24 19:00:00+00:00,6.0,8.826295852661133
2021-06-24 20:00:00+00:00,6.0,3.77498722076416
2021-06-24 21:00:00+00:00,3.5,4.099610805511475
2021-06-24 22:00:00+00:00,1.0,1.3536646366119385
2021-06-24 23:00:00+00:00,2.0,1.151597261428833
2021-06-25 00:00:00+00:00,1.0,2.52716064453125
2021-06-25 01:00:00+00:00,0.0,3.292902708053589
2021-06-25 02:00:00+00:00,4.0,4.953577518463135
2021-06-25 03:00:00+00:00,27.0,21.796066284179688
2021-06-25 04:00:00+00:00,31.0,40.320213317871094
2021-06-25 05:00:00+00:00,28.0,40.02155685424805
2021-06-25 06:00:00+00:00,35.0,30.911142349243164
2021-06-25 07:00:00+00:00,42.0,35.924415588378906
2021-06-25 08:00:00+00:00,54.0,44.56342697143555
2021-06-25 09:00:00+00:00,51.0,64.15067291259766
2021-06-25 10:00:00+00:00,44.0,52.55379104614258
2021-06-25 11:00:00+00:00,45.0,42.03598403930664
2021-06-25 12:00:00+00:00,99.0,52.811283111572266
2021-06-25 13:00:00+00:00,70.0,103.32464599609375
2021-06-25 14:00:00+00:00,38.0,58.76882553100586
2021-06-25 15:00:00+00:00,32.0,32.901756286621094
2021-06-25 16:00:00+00:00,27.0,22.91014862060547
2021-06-25 17:00:00+00:00,19.0,19.445999145507812
2021-06-25 18:00:00+00:00,11.0,13.52502727508545
2021-06-25 19:00:00+00:00,5.0,7.7034502029418945
2021-06-25 20:00:00+00:00,4.0,2.732069492340088
2021-06-25 21:00:00+00:00,3.5,2.6846141815185547
2021-06-25 22:00:00+00:00,3.0,2.6672632694244385
2021-06-25 23:00:00+00:00,2.0,1.4287490844726562
2021-06-26 00:00:00+00:00,0.0,2.6611409187316895
2021-06-26 01:00:00+00:00,0.0,-0.6075494885444641
2021-06-26 02:00:00+00:00,8.0,0.06573176383972168
2021-06-26 03:00:00+00:00,7.0,17.53789520263672
2021-06-26 04:00:00+00:00,4.0,13.471189498901367
2021-06-26 05:00:00+00:00,28.0,9.655847549438477
2021-06-26 06:00:00+00:00,25.0,55.502323150634766
2021-06-26 07:00:00+00:00,43.0,40.23735809326172
2021-06-26 08:00:00+00:00,50.0,53.503543853759766
2021-06-26 09:00:00+00:00,54.0,60.256656646728516
2021-06-26 10:00:00+00:00,37.0,60.98561096191406
2021-06-26 11:00:00+00:00,42.0,30.933269500732422
2021-06-26 12:00:00+00:00,46.0,33.84519958496094
2021-06-26 13:00:00+00:00,24.0,38.10087585449219
2021-06-26 14:00:00+00:00,42.0,22.301942825317383
2021-06-26 15:00:00+00:00,24.0,35.79215621948242
2021-06-26 16:00:00+00:00,19.0,18.769222259521484
2021-06-26 17:00:00+00:00,12.0,13.058945655822754
2021-06-26 18:00:00+00:00,7.0,7.833098888397217
2021-06-26 19:00:00+00:00,7.0,5.103350639343262
2021-06-26 20:00:00+00:00,6.0,6.431323051452637
2021-06-26 21:00:00+00:00,3.5,5.008973598480225
2021-06-26 22:00:00+00:00,1.0,2.6300735473632812
2021-06-26 23:00:00+00:00,1.0,0.327207088470459
2021-06-27 00:00:00+00:00,1.0,1.6646862030029297
2021-06-27 01:00:00+00:00,0.0,0.6446230411529541
2021-06-27 02:00:00+00:00,2.0,0.08383208513259888
2021-06-27 03:00:00+00:00,4.0,5.077255725860596
2021-06-27 04:00:00+00:00,6.0,7.31083869934082
2021-06-27 05:00:00+00:00,12.0,10.253591537475586
2021-06-27 06:00:00+00:00,32.0,23.155179977416992
2021-06-27 07:00:00+00:00,36.0,56.9262580871582
2021-06-27 08:00:00+00:00,47.0,52.91899108886719
2021-06-27 09:00:00+00:00,41.0,63.06613540649414
2021-06-27 10:00:00+00:00,60.0,44.92203903198242
2021-06-27 11:00:00+00:00,91.0,66.79597473144531
2021-06-27 12:00:00+00:00,71.0,96.316162109375
2021-06-27 13:00:00+00:00,72.0,70.65184783935547
2021-06-27 14:00:00+00:00,75.0,66.49882507324219
2021-06-27 15:00:00+00:00,70.0,69.79955291748047
2021-06-27 16:00:00+00:00,51.0,58.58564758300781
2021-06-27 17:00:00+00:00,33.0,38.19538497924805
2021-06-27 18:00:00+00:00,12.0,21.404401779174805
2021-06-27 19:00:00+00:00,12.0,6.212976932525635
2021-06-27 20:00:00+00:00,1.0,5.043025493621826
2021-06-27 21:00:00+00:00,0.5,-0.6366874575614929
2021-06-27 22:00:00+00:00,0.0,-0.6651106476783752
2021-06-27 23:00:00+00:00,0.0,0.34496939182281494
2021-06-28 00:00:00+00:00,0.0,0.1408519148826599
2021-06-28 01:00:00+00:00,5.0,2.125833034515381
2021-06-28 02:00:00+00:00,9.0,14.7102632522583
2021-06-28 03:00:00+00:00,38.0,37.74181365966797
2021-06-28 04:00:00+00:00,30.0,53.782928466796875
2021-06-28 05:00:00+00:00,34.0,32.767120361328125
2021-06-28 06:00:00+00:00,46.0,29.81463050842285
2021-06-28 07:00:00+00:00,51.0,47.74925231933594
2021-06-28 08:00:00+00:00,55.0,57.20152282714844
2021-06-28 09:00:00+00:00,58.0,57.1048698425293
2021-06-28 10:00:00+00:00,41.0,57.90635299682617
2021-06-28 11:00:00+00:00,43.0,37.316280364990234
2021-06-28 12:00:00+00:00,58.0,41.224918365478516
2021-06-28 13:00:00+00:00,47.0,40.38878631591797
2021-06-28 14:00:00+00:00,39.0,37.680328369140625
2021-06-28 15:00:00+00:00,33.0,32.7484130859375
2021-06-28 16:00:00+00:00,29.0,25.385005950927734
2021-06-28 17:00:00+00:00,16.0,22.478593826293945
2021-06-28 18:00:00+00:00,14.0,12.184286117553711
2021-06-28 19:00:00+00:00,7.0,9.784041404724121
2021-06-28 20:00:00+00:00,3.0,4.6688385009765625
2021-06-28 21:00:00+00:00,2.5,2.9625966548919678
2021-06-28 22:00:00+00:00,2.0,0.9719829559326172
2021-06-28 23:00:00+00:00,0.0,1.8828585147857666
2021-06-29 00:00:00+00:00,1.0,-0.06306421756744385
2021-06-29 01:00:00+00:00,1.0,3.948668956756592
2021-06-29 02:00:00+00:00,5.0,6.118488788604736
2021-06-29 03:00:00+00:00,42.0,28.62397575378418
2021-06-29 04:00:00+00:00,16.0,59.16026306152344
2021-06-29 05:00:00+00:00,40.0,11.978187561035156
2021-06-29 06:00:00+00:00,44.0,36.52913284301758
2021-06-29 07:00:00+00:00,29.0,43.00606918334961
2021-06-29 08:00:00+00:00,60.0,27.941770553588867
2021-06-29 09:00:00+00:00,46.0,69.10301971435547
2021-06-29 10:00:00+00:00,47.0,41.5257568359375
2021-06-29 11:00:00+00:00,45.0,45.17350769042969
2021-06-29 12:00:00+00:00,69.0,45.19609069824219
2021-06-29 13:00:00+00:00,40.0,57.43448257446289
2021-06-29 14:00:00+00:00,37.0,34.057594299316406
2021-06-29 15:00:00+00:00,24.0,30.273523330688477
2021-06-29 16:00:00+00:00,25.0,19.120393753051758
2021-06-29 17:00:00+00:00,20.0,19.357006072998047
2021-06-29 18:00:00+00:00,12.0,15.311707496643066
2021-06-29 19:00:00+00:00,5.0,8.092798233032227
2021-06-29 20:00:00+00:00,5.0,3.3267037868499756
2021-06-29 21:00:00+00:00,3.5,4.318536281585693
2021-06-29 22:00:00+00:00,2.0,1.6515278816223145
2021-06-29 23:00:00+00:00,1.0,2.096021890640259
2021-06-30 00:00:00+00:00,1.0,1.0198131799697876
2021-06-30 01:00:00+00:00,0.0,3.2343878746032715
2021-06-30 02:00:00+00:00,9.0,2.4813201427459717
2021-06-30 03:00:00+00:00,30.0,39.096099853515625
2021-06-30 04:00:00+00:00,28.0,41.021602630615234
2021-06-30 05:00:00+00:00,27.0,33.693172454833984
2021-06-30 06:00:00+00:00,42.0,26.243772506713867
2021-06-30 07:00:00+00:00,43.0,41.261837005615234
2021-06-30 08:00:00+00:00,53.0,40.56589126586914
2021-06-30 09:00:00+00:00,40.0,57.526695251464844
2021-06-30 10:00:00+00:00,44.0,35.86271667480469
2021-06-30 11:00:00+00:00,45.0,41.29293441772461
2021-06-30 12:00:00+00:00,77.0,45.689308166503906
2021-06-30 13:00:00+00:00,47.0,72.80055236816406
2021-06-30 14:00:00+00:00,59.0,39.93050765991211
2021-06-30 15:00:00+00:00,45.0,46.958213806152344
2021-06-30 16:00:00+00:00,32.0,36.172332763671875
2021-06-30 17:00:00+00:00,19.0,23.962949752807617
2021-06-30 18:00:00+00:00,18.0,14.319842338562012
2021-06-30 19:00:00+00:00,5.0,12.52726936340332
2021-06-30 20:00:00+00:00,4.0,2.6212992668151855
2021-06-30 21:00:00+00:00,2.5,2.9131600856781006
2021-06-30 22:00:00+00:00,1.0,0.6358668804168701
2021-06-30 23:00:00+00:00,0.0,0.9455521106719971
2021-07-01 00:00:00+00:00,3.0,-0.5173113942146301
2021-07-01 01:00:00+00:00,0.0,7.034948348999023
2021-07-01 02:00:00+00:00,5.0,4.891219615936279
2021-07-01 03:00:00+00:00,35.0,28.685400009155273
2021-07-01 04:00:00+00:00,30.0,54.722137451171875
2021-07-01 05:00:00+00:00,35.0,34.99969482421875
2021-07-01 06:00:00+00:00,37.0,35.501155853271484
2021-07-01 07:00:00+00:00,46.0,38.9897346496582
2021-07-01 08:00:00+00:00,39.0,51.6533088684082
2021-07-01 09:00:00+00:00,33.0,34.403419494628906
2021-07-01 10:00:00+00:00,35.0,29.050527572631836
2021-07-01 11:00:00+00:00,42.0,36.67976760864258
2021-07-01 12:00:00+00:00,57.0,41.871524810791016
2021-07-01 13:00:00+00:00,47.0,45.08222198486328
2021-07-01 14:00:00+00:00,32.0,41.32324981689453
2021-07-01 15:00:00+00:00,28.0,25.783729553222656
2021-07-01 16:00:00+00:00,22.0,21.813648223876953
2021-07-01 17:00:00+00:00,21.0,17.764623641967773
2021-07-01 18:00:00+00:00,16.0,16.272029876708984
2021-07-01 19:00:00+00:00,2.0,12.04301929473877
2021-07-01 20:00:00+00:00,8.0,0.9549206495285034
2021-07-01 21:00:00+00:00,4.0,5.68288516998291
2021-07-01 22:00:00+00:00,0.0,2.052385091781616
2021-07-01 23:00:00+00:00,1.0,0.039915502071380615
2021-07-02 00:00:00+00:00,1.0,1.1230432987213135
2021-07-02 01:00:00+00:00,1.0,3.5128896236419678
2021-07-02 02:00:00+00:00,8.0,8.636868476867676
2021-07-02 03:00:00+00:00,30.0,35.023590087890625
2021-07-02 04:00:00+00:00,25.0,44.17524337768555
2021-07-02 05:00:00+00:00,39.0,28.92323875427246
2021-07-02 06:00:00+00:00,40.0,45.23143768310547
2021-07-02 07:00:00+00:00,39.0,47.212013244628906
2021-07-02 08:00:00+00:00,47.0,40.1517448425293
2021-07-02 09:00:00+00:00,56.0,52.0951042175293
2021-07-02 10:00:00+00:00,59.0,63.81983947753906
2021-07-02 11:00:00+00:00,63.0,63.742225646972656
2021-07-02 12:00:00+00:00,62.0,66.70038604736328
2021-07-02 13:00:00+00:00,66.0,51.7911376953125
2021-07-02 14:00:00+00:00,44.0,53.19770050048828
2021-07-02 15:00:00+00:00,42.0,36.16545104980469
2021-07-02 16:00:00+00:00,24.0,29.283004760742188
2021-07-02 17:00:00+00:00,17.0,18.118061065673828
2021-07-02 18:00:00+00:00,6.0,12.355997085571289
2021-07-02 19:00:00+00:00,12.0,3.445040702819824
2021-07-02 20:00:00+00:00,7.0,8.31226634979248
2021-07-02 21:00:00+00:00,3.5,5.704621315002441
2021-07-02 22:00:00+00:00,0.0,2.4079296588897705
2021-07-02 23:00:00+00:00,0.0,-0.7294335961341858
2021-07-03 00:00:00+00:00,2.0,0.16701239347457886
2021-07-03 01:00:00+00:00,0.0,2.2516653537750244
2021-07-03 02:00:00+00:00,1.0,-0.5602992177009583
2021-07-03 03:00:00+00:00,6.0,2.2857165336608887
2021-07-03 04:00:00+00:00,6.0,11.561223983764648
2021-07-03 05:00:00+00:00,15.0,12.580878257751465
2021-07-03 06:00:00+00:00,28.0,35.25233459472656
2021-07-03 07:00:00+00:00,37.0,41.68810272216797
2021-07-03 08:00:00+00:00,58.0,47.49663162231445
2021-07-03 09:00:00+00:00,36.0,70.20438385009766
2021-07-03 10:00:00+00:00,46.0,33.662899017333984
2021-07-03 11:00:00+00:00,36.0,44.66123580932617
2021-07-03 12:00:00+00:00,28.0,35.77143478393555
2021-07-03 13:00:00+00:00,34.0,27.157947540283203
2021-07-03 14:00:00+00:00,20.0,31.022428512573242
2021-07-03 15:00:00+00:00,25.0,19.81128692626953
2021-07-03 16:00:00+00:00,18.0,22.003984451293945
2021-07-03 17:00:00+00:00,12.0,13.089214324951172
2021-07-03 18:00:00+00:00,4.0,7.956884384155273
2021-07-03 19:00:00+00:00,2.0,2.910207986831665
2021-07-03 20:00:00+00:00,4.0,1.3506641387939453
2021-07-03 21:00:00+00:00,3.0,3.376638889312744
2021-07-03 22:00:00+00:00,2.0,2.335460901260376
2021-07-03 23:00:00+00:00,0.0,1.8450069427490234
2021-07-04 00:00:00+00:00,0.0,0.41542381048202515
2021-07-04 01:00:00+00:00,0.0,-0.4494022727012634
2021-07-04 02:00:00+00:00,2.0,0.4815046787261963
2021-07-04 03:00:00+00:00,1.0,4.811173439025879
2021-07-04 04:00:00+00:00,7.0,1.605185866355896
2021-07-04 05:00:00+00:00,14.0,12.207550048828125
2021-07-04 06:00:00+00:00,24.0,25.55445098876953
2021-07-04 07:00:00+00:00,30.0,43.241092681884766
2021-07-04 08:00:00+00:00,43.0,39.424381256103516
2021-07-04 09:00:00+00:00,53.0,56.150596618652344
2021-07-04 10:00:00+00:00,49.0,61.22344970703125
2021-07-04 11:00:00+00:00,66.0,50.430259704589844
2021-07-04 12:00:00+00:00,78.0,67.06820678710938
2021-07-04 13:00:00+00:00,72.0,77.10577392578125
2021-07-04 14:00:00+00:00,54.0,66.7807846069336
2021-07-04 15:00:00+00:00,73.0,45.40205001831055
2021-07-04 16:00:00+00:00,40.0,59.308815002441406
2021-07-04 17:00:00+00:00,19.0,31.4393310546875
2021-07-04 18:00:00+00:00,23.0,15.174040794372559
2021-07-04 19:00:00+00:00,7.0,15.197427749633789
2021-07-04 20:00:00+00:00,5.0,3.9757184982299805
2021-07-04 21:00:00+00:00,2.5,2.545912504196167
2021-07-04 22:00:00+00:00,0.0,0.6957569122314453
2021-07-04 23:00:00+00:00,0.0,0.39018863439559937
2021-07-05 00:00:00+00:00,1.0,0.2348572015762329
2021-07-05 01:00:00+00:00,1.0,4.03311014175415
2021-07-05 02:00:00+00:00,5.0,5.811459541320801
2021-07-05 03:00:00+00:00,26.0,28.637500762939453
2021-07-05 04:00:00+00:00,36.0,36.84441375732422
2021-07-05 05:00:00+00:00,36.0,46.208351135253906
2021-07-05 06:00:00+00:00,43.0,40.169002532958984
2021-07-05 07:00:00+00:00,52.0,48.5633544921875
2021-07-05 08:00:00+00:00,62.0,57.96298599243164
2021-07-05 09:00:00+00:00,49.0,67.4281997680664
2021-07-05 10:00:00+00:00,35.0,40.06841278076172
2021-07-05 11:00:00+00:00,39.0,34.15336227416992
2021-07-05 12:00:00+00:00,48.0,37.61590576171875
2021-07-05 13:00:00+00:00,41.0,37.48550033569336
2021-07-05 14:00:00+00:00,34.0,35.0162467956543
2021-07-05 15:00:00+00:00,32.0,27.623924255371094
2021-07-05 16:00:00+00:00,25.0,25.05308723449707
2021-07-05 17:00:00+00:00,22.0,19.78778648376465
2021-07-05 18:00:00+00:00,5.0,15.87488079071045
2021-07-05 19:00:00+00:00,4.0,2.695387601852417
2021-07-05 20:00:00+00:00,5.0,4.036380767822266
2021-07-05 21:00:00+00:00,2.5,4.817435264587402
2021-07-05 22:00:00+00:00,0.0,1.0577747821807861
2021-07-05 23:00:00+00:00,0.0,0.07388138771057129
2021-07-06 00:00:00+00:00,0.0,-0.22381585836410522
2021-07-06 01:00:00+00:00,1.0,1.1152530908584595
2021-07-06 02:00:00+00:00,3.0,5.391304016113281
2021-07-06 03:00:00+00:00,30.0,17.041662216186523
2021-07-06 04:00:00+00:00,29.0,49.16787338256836
2021-07-06 05:00:00+00:00,24.0,35.15824508666992
2021-07-06 06:00:00+00:00,43.0,28.31854248046875
2021-07-06 07:00:00+00:00,57.0,48.322486877441406
2021-07-06 08:00:00+00:00,58.0,67.51606750488281
2021-07-06 09:00:00+00:00,44.0,65.0243148803711
2021-07-06 10:00:00+00:00,29.0,38.86020278930664
2021-07-06 11:00:00+00:00,44.0,31.331554412841797
2021-07-06 12:00:00+00:00,40.0,42.59111022949219
2021-07-06 13:00:00+00:00,29.0,34.45598220825195
2021-07-06 14:00:00+00:00,59.0,23.627050399780273
2021-07-06 15:00:00+00:00,38.0,48.727195739746094
2021-07-06 16:00:00+00:00,17.0,29.786949157714844
2021-07-06 17:00:00+00:00,18.0,13.941771507263184
2021-07-06 18:00:00+00:00,9.0,13.482760429382324
2021-07-06 19:00:00+00:00,3.0,5.784739017486572
2021-07-06 20:00:00+00:00,5.0,2.3283369541168213
2021-07-06 21:00:00+00:00,2.5,4.555696964263916
2021-07-06 22:00:00+00:00,0.0,0.9027945399284363
2021-07-06 23:00:00+00:00,0.0,0.02900075912475586
2021-07-07 00:00:00+00:00,1.0,-0.5883159041404724
2021-07-07 01:00:00+00:00,1.0,3.624725580215454
2021-07-07 02:00:00+00:00,1.0,6.841317176818848
2021-07-07 03:00:00+00:00,30.0,4.355792045593262
2021-07-07 04:00:00+00:00,27.0,47.90834045410156
2021-07-07 05:00:00+00:00,29.0,30.692108154296875
2021-07-07 06:00:00+00:00,40.0,35.411319732666016
2021-07-07 07:00:00+00:00,44.0,46.593353271484375
2021-07-07 08:00:00+00:00,53.0,45.52372741699219
2021-07-07 09:00:00+00:00,61.0,56.915733337402344
2021-07-07 10:00:00+00:00,35.0,66.6532211303711
2021-07-07 11:00:00+00:00,42.0,36.669795989990234
2021-07-07 12:00:00+00:00,54.0,40.81452178955078
2021-07-07 13:00:00+00:00,36.0,38.63029479980469
2021-07-07 14:00:00+00:00,37.0,31.778953552246094
2021-07-07 15:00:00+00:00,33.0,30.522972106933594
2021-07-07 16:00:00+00:00,19.0,25.12382698059082
2021-07-07 17:00:00+00:00,15.0,15.065587997436523
2021-07-07 18:00:00+00:00,10.0,11.36023998260498
2021-07-07 19:00:00+00:00,8.0,6.544012546539307
2021-07-07 20:00:00+00:00,8.0,6.558554649353027
2021-07-07 21:00:00+00:00,4.5,6.62637996673584
2021-07-07 22:00:00+00:00,1.0,2.3606581687927246
2021-07-07 23:00:00+00:00,1.0,1.0643585920333862
2021-07-08 00:00:00+00:00,2.0,0.950371265411377
2021-07-08 01:00:00+00:00,1.0,5.6216559410095215
2021-07-08 02:00:00+00:00,4.0,6.489356994628906
2021-07-08 03:00:00+00:00,23.0,23.444957733154297
2021-07-08 04:00:00+00:00,25.0,32.68760681152344
2021-07-08 05:00:00+00:00,26.0,28.293758392333984
2021-07-08 06:00:00+00:00,49.0,31.427745819091797
2021-07-08 07:00:00+00:00,53.0,62.287471771240234
2021-07-08 08:00:00+00:00,51.0,61.22063446044922
2021-07-08 09:00:00+00:00,46.0,55.516788482666016
2021-07-08 10:00:00+00:00,51.0,41.124210357666016
2021-07-08 11:00:00+00:00,61.0,48.014869689941406
2021-07-08 12:00:00+00:00,46.0,64.35184478759766
2021-07-08 13:00:00+00:00,42.0,40.210044860839844
2021-07-08 14:00:00+00:00,59.0,37.35902404785156
2021-07-08 15:00:00+00:00,37.0,46.75069808959961
2021-07-08 16:00:00+00:00,16.0,27.4041805267334
2021-07-08 17:00:00+00:00,18.0,12.647035598754883
2021-07-08 18:00:00+00:00,9.0,13.443931579589844
2021-07-08 19:00:00+00:00,5.0,6.499796390533447
2021-07-08 20:00:00+00:00,2.0,4.11542272567749
2021-07-08 21:00:00+00:00,1.5,0.7109702825546265
2021-07-08 22:00:00+00:00,1.0,-0.09141868352890015
2021-07-08 23:00:00+00:00,2.0,1.2911828756332397
2021-07-09 00:00:00+00:00,1.0,2.6832189559936523
2021-07-09 01:00:00+00:00,2.0,3.357999563217163
2021-07-09 02:00:00+00:00,4.0,10.422320365905762
2021-07-09 03:00:00+00:00,26.0,21.623376846313477
2021-07-09 04:00:00+00:00,21.0,40.87486267089844
2021-07-09 05:00:00+00:00,28.0,24.751972198486328
2021-07-09 06:00:00+00:00,37.0,39.14884567260742
2021-07-09 07:00:00+00:00,47.0,46.784175872802734
2021-07-09 08:00:00+00:00,58.0,54.823631286621094
2021-07-09 09:00:00+00:00,37.0,68.25503540039062
2021-07-09 10:00:00+00:00,43.0,35.82005310058594
2021-07-09 11:00:00+00:00,59.0,45.712188720703125
2021-07-09 12:00:00+00:00,67.0,55.37483215332031
2021-07-09 13:00:00+00:00,46.0,59.04116439819336
2021-07-09 14:00:00+00:00,32.0,41.80009460449219
2021-07-09 15:00:00+00:00,42.0,27.311681747436523
2021-07-09 16:00:00+00:00,24.0,29.842073440551758
2021-07-09 17:00:00+00:00,18.0,18.41060447692871
2021-07-09 18:00:00+00:00,6.0,13.459306716918945
2021-07-09 19:00:00+00:00,5.0,3.669638156890869
2021-07-09 20:00:00+00:00,6.0,3.783550977706909
2021-07-09 21:00:00+00:00,5.5,4.862840175628662
2021-07-09 22:00:00+00:00,5.0,3.9634130001068115
2021-07-09 23:00:00+00:00,0.0,4.3368754386901855
2021-07-10 00:00:00+00:00,4.0,0.03940725326538086
2021-07-10 01:00:00+00:00,2.0,5.5646071434021
2021-07-10 02:00:00+00:00,3.0,4.39708948135376
2021-07-10 03:00:00+00:00,5.0,10.416597366333008
2021-07-10 04:00:00+00:00,11.0,10.11269474029541
2021-07-10 05:00:00+00:00,21.0,21.037199020385742
2021-07-10 06:00:00+00:00,31.0,42.05698776245117
2021-07-10 07:00:00+00:00,42.0,44.72576141357422
2021-07-10 08:00:00+00:00,50.0,50.51457214355469
2021-07-10 09:00:00+00:00,34.0,58.79261779785156
2021-07-10 10:00:00+00:00,49.0,31.498445510864258
2021-07-10 11:00:00+00:00,43.0,46.59345245361328
2021-07-10 12:00:00+00:00,34.0,41.57362365722656
2021-07-10 13:00:00+00:00,39.0,32.88323211669922
2021-07-10 14:00:00+00:00,21.0,35.08174514770508
2021-07-10 15:00:00+00:00,30.0,20.460237503051758
2021-07-10 16:00:00+00:00,22.0,25.553890228271484
2021-07-10 17:00:00+00:00,14.0,16.448028564453125
2021-07-10 18:00:00+00:00,10.0,9.789812088012695
2021-07-10 19:00:00+00:00,3.0,7.177258014678955
2021-07-10 20:00:00+00:00,2.0,2.8435535430908203
2021-07-10 21:00:00+00:00,3.0,1.6135632991790771
2021-07-10 22:00:00+00:00,4.0,2.3724048137664795
2021-07-10 23:00:00+00:00,2.0,3.3537611961364746
2021-07-11 00:00:00+00:00,0.0,2.3501088619232178
2021-07-11 01:00:00+00:00,4.0,-0.41837412118911743
2021-07-11 02:00:00+00:00,1.0,5.143403053283691
2021-07-11 03:00:00+00:00,3.0,3.338120698928833
2021-07-11 04:00:00+00:00,6.0,5.200952529907227
2021-07-11 05:00:00+00:00,12.0,9.898215293884277
2021-07-11 06:00:00+00:00,28.0,22.99470329284668
2021-07-11 07:00:00+00:00,47.0,46.390018463134766
2021-07-11 08:00:00+00:00,60.0,72.96369934082031
2021-07-11 09:00:00+00:00,53.0,76.830322265625
2021-07-11 10:00:00+00:00,62.0,58.62570571899414
2021-07-11 11:00:00+00:00,47.0,65.52173614501953
2021-07-11 12:00:00+00:00,79.0,51.51289749145508
2021-07-11 13:00:00+00:00,82.0,77.35726928710938
2021-07-11 14:00:00+00:00,61.0,75.58187866210938
2021-07-11 15:00:00+00:00,45.0,50.3876953125
2021-07-11 16:00:00+00:00,35.0,38.461307525634766
2021-07-11 17:00:00+00:00,11.0,28.783573150634766
2021-07-11 18:00:00+00:00,8.0,8.647923469543457
2021-07-11 19:00:00+00:00,3.0,5.109092712402344
2021-07-11 20:00:00+00:00,3.0,1.483154058456421
2021-07-11 21:00:00+00:00,1.5,0.5055463314056396
2021-07-11 22:00:00+00:00,0.0,-0.09225255250930786
2021-07-11 23:00:00+00:00,0.0,-0.06795579195022583
2021-07-12 00:00:00+00:00,2.0,-0.41827911138534546
2021-07-12 01:00:00+00:00,2.0,6.062863349914551
2021-07-12 02:00:00+00:00,9.0,9.535213470458984
2021-07-12 03:00:00+00:00,26.0,38.058570861816406
2021-07-12 04:00:00+00:00,21.0,38.29813766479492
2021-07-12 05:00:00+00:00,37.0,24.366270065307617
2021-07-12 06:00:00+00:00,52.0,50.879764556884766
2021-07-12 07:00:00+00:00,48.0,65.23518371582031
2021-07-12 08:00:00+00:00,53.0,49.02201843261719
2021-07-12 09:00:00+00:00,51.0,49.62741470336914
2021-07-12 10:00:00+00:00,49.0,38.3406982421875
2021-07-12 11:00:00+00:00,46.0,39.32864761352539
2021-07-12 12:00:00+00:00,49.0,38.08637619018555
2021-07-12 13:00:00+00:00,39.0,38.036407470703125
2021-07-12 14:00:00+00:00,19.0,33.61650085449219
2021-07-12 15:00:00+00:00,24.0,15.427192687988281
2021-07-12 16:00:00+00:00,20.0,19.82024574279785
2021-07-12 17:00:00+00:00,7.0,16.517650604248047
2021-07-12 18:00:00+00:00,11.0,5.79925012588501
2021-07-12 19:00:00+00:00,6.0,7.508215427398682
2021-07-12 20:00:00+00:00,5.0,4.107741355895996
2021-07-12 21:00:00+00:00,3.5,4.606472015380859
2021-07-12 22:00:00+00:00,2.0,1.7839889526367188
2021-07-12 23:00:00+00:00,0.0,1.6963458061218262
2021-07-13 00:00:00+00:00,1.0,-0.2870630621910095
2021-07-13 01:00:00+00:00,0.0,3.8859455585479736
2021-07-13 02:00:00+00:00,3.0,3.6554439067840576
2021-07-13 03:00:00+00:00,24.0,9.554659843444824
2021-07-13 04:00:00+00:00,20.0,33.916053771972656
2021-07-13 05:00:00+00:00,24.0,26.586257934570312
2021-07-13 06:00:00+00:00,45.0,33.62577819824219
2021-07-13 07:00:00+00:00,49.0,63.47871398925781
2021-07-13 08:00:00+00:00,73.0,56.147666931152344
2021-07-13 09:00:00+00:00,53.0,79.53919219970703
2021-07-13 10:00:00+00:00,35.0,46.908287048339844
2021-07-13 11:00:00+00:00,38.0,32.954105377197266
2021-07-13 12:00:00+00:00,61.0,39.44355010986328
2021-07-13 13:00:00+00:00,29.0,47.670021057128906
2021-07-13 14:00:00+00:00,33.0,23.128854751586914
2021-07-13 15:00:00+00:00,28.0,27.370702743530273
2021-07-13 16:00:00+00:00,32.0,23.358078002929688
2021-07-13 17:00:00+00:00,19.0,24.824941635131836
2021-07-13 18:00:00+00:00,7.0,14.841595649719238
2021-07-13 19:00:00+00:00,6.0,4.445096492767334
2021-07-13 20:00:00+00:00,3.0,4.252303600311279
2021-07-13 21:00:00+00:00,2.0,2.809659242630005
2021-07-13 22:00:00+00:00,1.0,0.43112966418266296
2021-07-13 23:00:00+00:00,1.0,0.8355228304862976
2021-07-14 00:00:00+00:00,2.0,0.8673978447914124
2021-07-14 01:00:00+00:00,0.0,5.520218372344971
2021-07-14 02:00:00+00:00,6.0,4.090503692626953
2021-07-14 03:00:00+00:00,24.0,23.34060287475586
2021-07-14 04:00:00+00:00,18.0,33.93336486816406
2021-07-14 05:00:00+00:00,23.0,22.05178451538086
2021-07-14 06:00:00+00:00,38.0,33.19770812988281
2021-07-14 07:00:00+00:00,52.0,52.03718566894531
2021-07-14 08:00:00+00:00,57.0,61.15338897705078
2021-07-14 09:00:00+00:00,33.0,59.018436431884766
2021-07-14 10:00:00+00:00,62.0,29.788414001464844
2021-07-14 11:00:00+00:00,65.0,61.46574401855469
2021-07-14 12:00:00+00:00,53.0,65.21372985839844
2021-07-14 13:00:00+00:00,48.0,39.06279754638672
2021-07-14 14:00:00+00:00,41.0,41.27034378051758
2021-07-14 15:00:00+00:00,30.0,34.14403533935547
2021-07-14 16:00:00+00:00,28.0,24.09101104736328
2021-07-14 17:00:00+00:00,19.0,21.60182762145996
2021-07-14 18:00:00+00:00,20.0,14.879179000854492
2021-07-14 19:00:00+00:00,8.0,14.188401222229004
2021-07-14 20:00:00+00:00,9.0,5.454021453857422
2021-07-14 21:00:00+00:00,4.5,7.110002040863037
2021-07-14 22:00:00+00:00,0.0,2.3264567852020264
2021-07-14 23:00:00+00:00,2.0,-0.14958876371383667
2021-07-15 00:00:00+00:00,1.0,2.4886155128479004
2021-07-15 01:00:00+00:00,1.0,2.786306858062744
2021-07-15 02:00:00+00:00,4.0,6.210659503936768
2021-07-15 03:00:00+00:00,23.0,17.200393676757812
2021-07-15 04:00:00+00:00,27.0,31.784961700439453
2021-07-15 05:00:00+00:00,27.0,38.529327392578125
2021-07-15 06:00:00+00:00,62.0,39.95048522949219
2021-07-15 07:00:00+00:00,61.0,93.28105926513672
2021-07-15 08:00:00+00:00,47.0,78.139892578125
2021-07-15 09:00:00+00:00,56.0,45.22398376464844
2021-07-15 10:00:00+00:00,35.0,57.174530029296875
2021-07-15 11:00:00+00:00,48.0,32.4071044921875
2021-07-15 12:00:00+00:00,64.0,42.842437744140625
2021-07-15 13:00:00+00:00,50.0,53.47639846801758
2021-07-15 14:00:00+00:00,41.0,43.32477569580078
2021-07-15 15:00:00+00:00,33.0,32.939823150634766
2021-07-15 16:00:00+00:00,20.0,25.847335815429688
2021-07-15 17:00:00+00:00,21.0,15.743488311767578
2021-07-15 18:00:00+00:00,14.0,16.67620277404785
2021-07-15 19:00:00+00:00,10.0,10.608084678649902
2021-07-15 20:00:00+00:00,2.0,6.118125915527344
2021-07-15 21:00:00+00:00,2.0,0.7093736529350281
2021-07-15 22:00:00+00:00,2.0,-0.07770347595214844
2021-07-15 23:00:00+00:00,1.0,1.83126699924469
2021-07-16 00:00:00+00:00,1.0,1.25809645652771
2021-07-16 01:00:00+00:00,0.0,2.7731354236602783
2021-07-16 02:00:00+00:00,6.0,3.720607280731201
2021-07-16 03:00:00+00:00,19.0,17.05820655822754
2021-07-16 04:00:00+00:00,29.0,29.05160140991211
2021-07-16 05:00:00+00:00,26.0,42.30990219116211
2021-07-16 06:00:00+00:00,41.0,39.108238220214844
2021-07-16 07:00:00+00:00,60.0,60.83737564086914
2021-07-16 08:00:00+00:00,62.0,78.50921630859375
2021-07-16 09:00:00+00:00,45.0,71.20930480957031
2021-07-16 10:00:00+00:00,55.0,39.58659362792969
2021-07-16 11:00:00+00:00,41.0,54.75532150268555
2021-07-16 12:00:00+00:00,56.0,40.428077697753906
2021-07-16 13:00:00+00:00,55.0,45.947566986083984
2021-07-16 14:00:00+00:00,44.0,45.54108810424805
2021-07-16 15:00:00+00:00,40.0,35.171722412109375
2021-07-16 16:00:00+00:00,20.0,30.013978958129883
2021-07-16 17:00:00+00:00,16.0,15.214800834655762
2021-07-16 18:00:00+00:00,9.0,11.933266639709473
2021-07-16 19:00:00+00:00,4.0,6.340136528015137
2021-07-16 20:00:00+00:00,5.0,3.1027209758758545
2021-07-16 21:00:00+00:00,3.5,3.8441171646118164
2021-07-16 22:00:00+00:00,2.0,1.8990912437438965
2021-07-16 23:00:00+00:00,0.0,1.6174676418304443
2021-07-17 00:00:00+00:00,3.0,0.0535581111907959
2021-07-17 01:00:00+00:00,2.0,4.166113376617432
2021-07-17 02:00:00+00:00,7.0,2.997375011444092
2021-07-17 03:00:00+00:00,7.0,16.065082550048828
2021-07-17 04:00:00+00:00,14.0,13.374035835266113
2021-07-17 05:00:00+00:00,34.0,25.859973907470703
2021-07-17 06:00:00+00:00,46.0,73.32754516601562
2021-07-17 07:00:00+00:00,66.0,73.63556671142578
2021-07-17 08:00:00+00:00,67.0,89.13813781738281
2021-07-17 09:00:00+00:00,62.0,77.19478607177734
2021-07-17 10:00:00+00:00,57.0,64.92561340332031
2021-07-17 11:00:00+00:00,43.0,56.41058349609375
2021-07-17 12:00:00+00:00,33.0,39.49368667602539
2021-07-17 13:00:00+00:00,41.0,31.61829948425293
2021-07-17 14:00:00+00:00,30.0,37.35401916503906
2021-07-17 15:00:00+00:00,22.0,28.285688400268555
2021-07-17 16:00:00+00:00,14.0,20.531755447387695
2021-07-17 17:00:00+00:00,14.0,10.221269607543945
2021-07-17 18:00:00+00:00,7.0,9.656572341918945
2021-07-17 19:00:00+00:00,0.0,5.31363582611084
2021-07-17 20:00:00+00:00,0.0,-0.35960596799850464
2021-07-17 21:00:00+00:00,0.0,-0.29917997121810913
2021-07-17 22:00:00+00:00,0.0,-0.461500346660614
2021-07-17 23:00:00+00:00,2.0,-0.49345213174819946
2021-07-18 00:00:00+00:00,2.0,1.7963132858276367
2021-07-18 01:00:00+00:00,1.0,2.035855531692505
2021-07-18 02:00:00+00:00,2.0,2.1361732482910156
2021-07-18 03:00:00+00:00,6.0,4.975594997406006
2021-07-18 04:00:00+00:00,5.0,11.109436988830566
2021-07-18 05:00:00+00:00,16.0,8.195157051086426
2021-07-18 06:00:00+00:00,20.0,27.780351638793945
2021-07-18 07:00:00+00:00,18.0,37.33009338378906
2021-07-18 08:00:00+00:00,79.0,22.718364715576172
2021-07-18 09:00:00+00:00,58.0,98.32201385498047
2021-07-18 10:00:00+00:00,61.0,63.658226013183594
2021-07-18 11:00:00+00:00,49.0,65.73451232910156
2021-07-18 12:00:00+00:00,56.0,54.959571838378906
2021-07-18 13:00:00+00:00,67.0,53.73651885986328
2021-07-18 14:00:00+00:00,45.0,60.69082260131836
2021-07-18 15:00:00+00:00,53.0,39.0759391784668
2021-07-18 16:00:00+00:00,37.0,43.63496780395508
2021-07-18 17:00:00+00:00,27.0,32.62163162231445
2021-07-18 18:00:00+00:00,8.0,24.013856887817383
2021-07-18 19:00:00+00:00,9.0,4.958307266235352
2021-07-18 20:00:00+00:00,6.0,4.903938293457031
2021-07-18 21:00:00+00:00,3.0,3.3120970726013184
2021-07-18 22:00:00+00:00,0.0,0.5806664228439331
2021-07-18 23:00:00+00:00,0.0,0.24555480480194092
2021-07-19 00:00:00+00:00,1.0,0.21768605709075928
2021-07-19 01:00:00+00:00,2.0,4.2912139892578125
2021-07-19 02:00:00+00:00,6.0,9.053956031799316
2021-07-19 03:00:00+00:00,21.0,19.115365982055664
2021-07-19 04:00:00+00:00,26.0,32.0838623046875
2021-07-19 05:00:00+00:00,45.0,36.06242752075195
2021-07-19 06:00:00+00:00,38.0,66.27059936523438
2021-07-19 07:00:00+00:00,55.0,51.10639190673828
2021-07-19 08:00:00+00:00,70.0,61.97380828857422
2021-07-19 09:00:00+00:00,55.0,70.36785888671875
2021-07-19 10:00:00+00:00,43.0,46.90837097167969
2021-07-19 11:00:00+00:00,38.0,35.52478790283203
2021-07-19 12:00:00+00:00,49.0,34.537689208984375
2021-07-19 13:00:00+00:00,40.0,38.01594924926758
2021-07-19 14:00:00+00:00,28.0,34.73484802246094
2021-07-19 15:00:00+00:00,28.0,22.33201789855957
2021-07-19 16:00:00+00:00,25.0,22.714574813842773
2021-07-19 17:00:00+00:00,20.0,20.04695701599121
2021-07-19 18:00:00+00:00,14.0,15.764270782470703
2021-07-19 19:00:00+00:00,9.0,9.549174308776855
2021-07-19 20:00:00+00:00,3.0,6.216036319732666
2021-07-19 21:00:00+00:00,2.0,3.290235757827759
2021-07-19 22:00:00+00:00,1.0,0.6989530920982361
2021-07-19 23:00:00+00:00,1.0,0.7401543855667114
2021-07-20 00:00:00+00:00,1.0,1.2993593215942383
2021-07-20 01:00:00+00:00,2.0,3.848534345626831
2021-07-20 02:00:00+00:00,2.0,8.850228309631348
2021-07-20 03:00:00+00:00,16.0,5.507391452789307
2021-07-20 04:00:00+00:00,18.0,31.588611602783203
2021-07-20 05:00:00+00:00,22.0,21.98818588256836
2021-07-20 06:00:00+00:00,53.0,31.963308334350586
2021-07-20 07:00:00+00:00,50.0,77.44587707519531
2021-07-20 08:00:00+00:00,60.0,56.891563415527344
2021-07-20 09:00:00+00:00,62.0,60.57078170776367
2021-07-20 10:00:00+00:00,50.0,59.91579055786133
2021-07-20 11:00:00+00:00,47.0,41.15658187866211
2021-07-20 12:00:00+00:00,34.0,40.9002685546875
2021-07-20 13:00:00+00:00,37.0,28.856943130493164
2021-07-20 14:00:00+00:00,35.0,31.774118423461914
2021-07-20 15:00:00+00:00,31.0,28.00407600402832
2021-07-20 16:00:00+00:00,20.0,24.7204532623291
2021-07-20 17:00:00+00:00,19.0,15.423319816589355
2021-07-20 18:00:00+00:00,10.0,14.744834899902344
2021-07-20 19:00:00+00:00,5.0,6.904544830322266
2021-07-20 20:00:00+00:00,4.0,4.5463762283325195
2021-07-20 21:00:00+00:00,2.5,4.243697166442871
2021-07-20 22:00:00+00:00,1.0,0.8991172313690186
2021-07-20 23:00:00+00:00,0.0,0.9333218336105347
2021-07-21 00:00:00+00:00,1.0,-0.5882217288017273
2021-07-21 01:00:00+00:00,3.0,3.6322848796844482
2021-07-21 02:00:00+00:00,4.0,10.357735633850098
2021-07-21 03:00:00+00:00,12.0,11.089727401733398
2021-07-21 04:00:00+00:00,19.0,21.920507431030273
2021-07-21 05:00:00+00:00,34.0,23.876405715942383
2021-07-21 06:00:00+00:00,46.0,49.347991943359375
2021-07-21 07:00:00+00:00,49.0,62.09377670288086
2021-07-21 08:00:00+00:00,67.0,53.134544372558594
2021-07-21 09:00:00+00:00,53.0,70.51985168457031
2021-07-21 10:00:00+00:00,43.0,44.499637603759766
2021-07-21 11:00:00+00:00,53.0,36.734031677246094
2021-07-21 12:00:00+00:00,43.0,50.1187744140625
2021-07-21 13:00:00+00:00,62.0,36.84653091430664
2021-07-21 14:00:00+00:00,30.0,51.12173843383789
2021-07-21 15:00:00+00:00,38.0,24.388879776000977
2021-07-21 16:00:00+00:00,30.0,29.32161521911621
2021-07-21 17:00:00+00:00,19.0,22.08646583557129
2021-07-21 18:00:00+00:00,16.0,14.462753295898438
2021-07-21 19:00:00+00:00,8.0,11.871359825134277
2021-07-21 20:00:00+00:00,9.0,5.925373554229736
2021-07-21 21:00:00+00:00,6.0,7.555511474609375
2021-07-21 22:00:00+00:00,3.0,3.279242515563965
2021-07-21 23:00:00+00:00,1.0,2.9587645530700684
2021-07-22 00:00:00+00:00,1.0,0.8311004638671875
2021-07-22 01:00:00+00:00,2.0,3.4365711212158203
2021-07-22 02:00:00+00:00,3.0,9.086209297180176
2021-07-22 03:00:00+00:00,13.0,9.419754981994629
2021-07-22 04:00:00+00:00,24.0,26.286231994628906
2021-07-22 05:00:00+00:00,23.0,34.085086822509766
2021-07-22 06:00:00+00:00,29.0,34.78750991821289
2021-07-22 07:00:00+00:00,59.0,43.94011688232422
2021-07-22 08:00:00+00:00,65.0,72.63239288330078
2021-07-22 09:00:00+00:00,73.0,69.93283081054688
2021-07-22 10:00:00+00:00,43.0,76.6880874633789
2021-07-22 11:00:00+00:00,35.0,38.04724884033203
2021-07-22 12:00:00+00:00,59.0,34.71178436279297
2021-07-22 13:00:00+00:00,37.0,46.26012420654297
2021-07-22 14:00:00+00:00,42.0,30.410215377807617
2021-07-22 15:00:00+00:00,38.0,33.68709945678711
2021-07-22 16:00:00+00:00,33.0,28.267475128173828
2021-07-22 17:00:00+00:00,21.0,24.300622940063477
2021-07-22 18:00:00+00:00,13.0,15.948684692382812
2021-07-22 19:00:00+00:00,10.0,9.883216857910156
2021-07-22 20:00:00+00:00,4.0,6.248746871948242
2021-07-22 21:00:00+00:00,2.0,3.193760633468628
2021-07-22 22:00:00+00:00,0.0,0.062138140201568604
2021-07-22 23:00:00+00:00,0.0,0.09028667211532593
2021-07-23 00:00:00+00:00,2.0,-0.5255193114280701
2021-07-23 01:00:00+00:00,0.0,5.17906379699707
2021-07-23 02:00:00+00:00,3.0,1.762481451034546
2021-07-23 03:00:00+00:00,15.0,9.524994850158691
2021-07-23 04:00:00+00:00,23.0,32.64623260498047
2021-07-23 05:00:00+00:00,27.0,32.73987579345703
2021-07-23 06:00:00+00:00,40.0,41.368682861328125
2021-07-23 07:00:00+00:00,58.0,61.966163635253906
2021-07-23 08:00:00+00:00,59.0,73.37580871582031
2021-07-23 09:00:00+00:00,51.0,65.48933410644531
2021-07-23 10:00:00+00:00,70.0,47.83407211303711
2021-07-23 11:00:00+00:00,49.0,74.15111541748047
2021-07-23 12:00:00+00:00,59.0,45.839324951171875
2021-07-23 13:00:00+00:00,43.0,51.9368896484375
2021-07-23 14:00:00+00:00,49.0,37.60101318359375
2021-07-23 15:00:00+00:00,48.0,39.425086975097656
2021-07-23 16:00:00+00:00,35.0,36.21847152709961
2021-07-23 17:00:00+00:00,19.0,25.858797073364258
2021-07-23 18:00:00+00:00,9.0,13.578198432922363
2021-07-23 19:00:00+00:00,4.0,6.532498836517334
2021-07-23 20:00:00+00:00,4.0,2.834472179412842
2021-07-23 21:00:00+00:00,3.5,2.6942155361175537
2021-07-23 22:00:00+00:00,3.0,2.104459047317505
2021-07-23 23:00:00+00:00,0.0,2.5741915702819824
2021-07-24 00:00:00+00:00,2.0,-0.1483573317527771
2021-07-24 01:00:00+00:00,3.0,2.123394727706909
2021-07-24 02:00:00+00:00,0.0,5.776934623718262
2021-07-24 03:00:00+00:00,6.0,1.361801266670227
2021-07-24 04:00:00+00:00,12.0,11.937690734863281
2021-07-24 05:00:00+00:00,12.0,22.077747344970703
2021-07-24 06:00:00+00:00,25.0,29.725244522094727
2021-07-24 07:00:00+00:00,45.0,40.73654556274414
2021-07-24 08:00:00+00:00,56.0,56.189876556396484
2021-07-24 09:00:00+00:00,34.0,66.08016967773438
2021-07-24 10:00:00+00:00,26.0,32.372047424316406
2021-07-24 11:00:00+00:00,37.0,25.75038719177246
2021-07-24 12:00:00+00:00,28.0,36.139400482177734
2021-07-24 13:00:00+00:00,32.0,27.161773681640625
2021-07-24 14:00:00+00:00,35.0,29.652854919433594
2021-07-24 15:00:00+00:00,23.0,32.26559066772461
2021-07-24 16:00:00+00:00,17.0,20.604005813598633
2021-07-24 17:00:00+00:00,14.0,13.062397956848145
2021-07-24 18:00:00+00:00,16.0,9.794947624206543
2021-07-24 19:00:00+00:00,6.0,11.267107009887695
2021-07-24 20:00:00+00:00,3.0,6.091799736022949
2021-07-24 21:00:00+00:00,2.0,2.6847150325775146
2021-07-24 22:00:00+00:00,1.0,1.4848603010177612
2021-07-24 23:00:00+00:00,5.0,0.4681079387664795
2021-07-25 00:00:00+00:00,0.0,3.9715263843536377
2021-07-25 01:00:00+00:00,1.0,-0.30769532918930054
2021-07-25 02:00:00+00:00,1.0,2.0441877841949463
2021-07-25 03:00:00+00:00,1.0,3.6907591819763184
2021-07-25 04:00:00+00:00,8.0,1.5177302360534668
2021-07-25 05:00:00+00:00,10.0,13.545698165893555
2021-07-25 06:00:00+00:00,30.0,21.86079216003418
2021-07-25 07:00:00+00:00,26.0,52.23680877685547
2021-07-25 08:00:00+00:00,33.0,33.67794418334961
2021-07-25 09:00:00+00:00,42.0,36.97684097290039
2021-07-25 10:00:00+00:00,54.0,43.46064376831055
2021-07-25 11:00:00+00:00,52.0,56.04716491699219
2021-07-25 12:00:00+00:00,46.0,50.7841682434082
2021-07-25 13:00:00+00:00,65.0,38.96112823486328
2021-07-25 14:00:00+00:00,63.0,59.673397064208984
2021-07-25 15:00:00+00:00,54.0,52.31964111328125
2021-07-25 16:00:00+00:00,52.0,44.255393981933594
2021-07-25 17:00:00+00:00,37.0,41.40117263793945
2021-07-25 18:00:00+00:00,13.0,26.623342514038086
2021-07-25 19:00:00+00:00,6.0,7.647770404815674
2021-07-25 20:00:00+00:00,2.0,2.8242995738983154
2021-07-25 21:00:00+00:00,2.0,0.07978260517120361
2021-07-25 22:00:00+00:00,2.0,-0.2097579836845398
2021-07-25 23:00:00+00:00,0.0,2.20218563079834
2021-07-26 00:00:00+00:00,1.0,0.5013788938522339
2021-07-26 01:00:00+00:00,5.0,4.377216339111328
2021-07-26 02:00:00+00:00,6.0,14.833745002746582
2021-07-26 03:00:00+00:00,25.0,18.62497901916504
2021-07-26 04:00:00+00:00,16.0,38.78456115722656
2021-07-26 05:00:00+00:00,32.0,17.669788360595703
2021-07-26 06:00:00+00:00,47.0,48.87664794921875
2021-07-26 07:00:00+00:00,54.0,64.22755432128906
2021-07-26 08:00:00+00:00,63.0,63.608062744140625
2021-07-26 09:00:00+00:00,58.0,62.148807525634766
2021-07-26 10:00:00+00:00,53.0,49.58892059326172
2021-07-26 11:00:00+00:00,52.0,43.18794250488281
2021-07-26 12:00:00+00:00,42.0,42.90138244628906
2021-07-26 13:00:00+00:00,34.0,35.06562042236328
2021-07-26 14:00:00+00:00,33.0,27.25726318359375
2021-07-26 15:00:00+00:00,29.0,26.101655960083008
2021-07-26 16:00:00+00:00,33.0,22.31027603149414
2021-07-26 17:00:00+00:00,12.0,24.743013381958008
2021-07-26 18:00:00+00:00,7.0,10.328667640686035
2021-07-26 19:00:00+00:00,2.0,4.81856107711792
2021-07-26 20:00:00+00:00,5.0,1.4780418872833252
2021-07-26 21:00:00+00:00,3.0,4.946653366088867
2021-07-26 22:00:00+00:00,1.0,1.4176433086395264
2021-07-26 23:00:00+00:00,1.0,0.7243835926055908
2021-07-27 00:00:00+00:00,0.0,1.53798508644104
2021-07-27 01:00:00+00:00,4.0,0.8197177648544312
2021-07-27 02:00:00+00:00,3.0,12.952163696289062
2021-07-27 03:00:00+00:00,17.0,9.16456127166748
2021-07-27 04:00:00+00:00,14.0,33.781341552734375
2021-07-27 05:00:00+00:00,22.0,15.33407211303711
2021-07-27 06:00:00+00:00,41.0,34.561912536621094
2021-07-27 07:00:00+00:00,54.0,60.48699951171875
2021-07-27 08:00:00+00:00,54.0,65.03689575195312
2021-07-27 09:00:00+00:00,55.0,55.165794372558594
2021-07-27 10:00:00+00:00,51.0,47.2274284362793
2021-07-27 11:00:00+00:00,47.0,41.66739273071289
2021-07-27 12:00:00+00:00,44.0,40.11416244506836
2021-07-27 13:00:00+00:00,32.0,37.134742736816406
2021-07-27 14:00:00+00:00,27.0,26.013837814331055
2021-07-27 15:00:00+00:00,23.0,21.250507354736328
2021-07-27 16:00:00+00:00,16.0,18.273208618164062
2021-07-27 17:00:00+00:00,14.0,13.140690803527832
2021-07-27 18:00:00+00:00,10.0,11.340709686279297
2021-07-27 19:00:00+00:00,3.0,6.726973056793213
2021-07-27 20:00:00+00:00,4.0,2.948946237564087
2021-07-27 21:00:00+00:00,2.5,3.8287839889526367
2021-07-27 22:00:00+00:00,1.0,0.8979032039642334
2021-07-27 23:00:00+00:00,1.0,1.0550533533096313
2021-07-28 00:00:00+00:00,2.0,0.8481045961380005
2021-07-28 01:00:00+00:00,0.0,5.636078357696533
2021-07-28 02:00:00+00:00,3.0,2.2749428749084473
2021-07-28 03:00:00+00:00,22.0,9.811511039733887
2021-07-28 04:00:00+00:00,17.0,38.330787658691406
2021-07-28 05:00:00+00:00,28.0,19.990245819091797
2021-07-28 06:00:00+00:00,42.0,42.58915328979492
2021-07-28 07:00:00+00:00,61.0,62.66508865356445
2021-07-28 08:00:00+00:00,60.0,78.81014251708984
2021-07-28 09:00:00+00:00,58.0,65.8599624633789
2021-07-28 10:00:00+00:00,51.0,56.07404708862305
2021-07-28 11:00:00+00:00,39.0,43.68579864501953
2021-07-28 12:00:00+00:00,50.0,37.671875
2021-07-28 13:00:00+00:00,44.0,38.006534576416016
2021-07-28 14:00:00+00:00,35.0,38.03742218017578
2021-07-28 15:00:00+00:00,21.0,28.096683502197266
2021-07-28 16:00:00+00:00,31.0,16.978145599365234
2021-07-28 17:00:00+00:00,27.0,23.45981788635254
2021-07-28 18:00:00+00:00,15.0,20.169082641601562
2021-07-28 19:00:00+00:00,5.0,10.099377632141113
2021-07-28 20:00:00+00:00,4.0,3.9995675086975098
2021-07-28 21:00:00+00:00,2.5,3.9088449478149414
2021-07-28 22:00:00+00:00,1.0,0.8439263105392456
2021-07-28 23:00:00+00:00,1.0,1.0118846893310547
2021-07-29 00:00:00+00:00,2.0,1.1440720558166504
2021-07-29 01:00:00+00:00,1.0,5.3399553298950195
2021-07-29 02:00:00+00:00,3.0,6.196468353271484
2021-07-29 03:00:00+00:00,12.0,9.137224197387695
2021-07-29 04:00:00+00:00,12.0,23.829423904418945
2021-07-29 05:00:00+00:00,23.0,13.620418548583984
2021-07-29 06:00:00+00:00,33.0,33.782470703125
2021-07-29 07:00:00+00:00,56.0,50.927059173583984
2021-07-29 08:00:00+00:00,55.0,68.25426483154297
2021-07-29 09:00:00+00:00,60.0,59.59423065185547
2021-07-29 10:00:00+00:00,38.0,63.252281188964844
2021-07-29 11:00:00+00:00,36.0,33.9392204284668
2021-07-29 12:00:00+00:00,40.0,36.42254638671875
2021-07-29 13:00:00+00:00,32.0,36.5211181640625
2021-07-29 14:00:00+00:00,29.0,26.598251342773438
2021-07-29 15:00:00+00:00,39.0,22.097400665283203
2021-07-29 16:00:00+00:00,28.0,28.067079544067383
2021-07-29 17:00:00+00:00,18.0,20.6950626373291
2021-07-29 18:00:00+00:00,7.0,14.037134170532227
2021-07-29 19:00:00+00:00,5.0,5.116752624511719
2021-07-29 20:00:00+00:00,6.0,3.2755160331726074
2021-07-29 21:00:00+00:00,4.0,4.535435199737549
2021-07-29 22:00:00+00:00,2.0,2.0481536388397217
2021-07-29 23:00:00+00:00,0.0,1.972501277923584
2021-07-30 00:00:00+00:00,1.0,-0.10226726531982422
2021-07-30 01:00:00+00:00,1.0,3.047051191329956
2021-07-30 02:00:00+00:00,3.0,6.552286624908447
2021-07-30 03:00:00+00:00,20.0,9.413487434387207
2021-07-30 04:00:00+00:00,22.0,36.891868591308594
2021-07-30 05:00:00+00:00,15.0,31.40811538696289
2021-07-30 06:00:00+00:00,38.0,21.05782699584961
2021-07-30 07:00:00+00:00,67.0,56.766151428222656
2021-07-30 08:00:00+00:00,57.0,89.58838653564453
2021-07-30 09:00:00+00:00,59.0,64.84537506103516
2021-07-30 10:00:00+00:00,69.0,61.629356384277344
2021-07-30 11:00:00+00:00,53.0,77.14592742919922
2021-07-30 12:00:00+00:00,54.0,53.12565612792969
2021-07-30 13:00:00+00:00,39.0,45.78860855102539
2021-07-30 14:00:00+00:00,46.0,35.74381637573242
2021-07-30 15:00:00+00:00,37.0,36.99504089355469
2021-07-30 16:00:00+00:00,22.0,26.888263702392578
2021-07-30 17:00:00+00:00,13.0,16.900480270385742
2021-07-30 18:00:00+00:00,10.0,9.620796203613281
2021-07-30 19:00:00+00:00,3.0,6.778155326843262
2021-07-30 20:00:00+00:00,6.0,1.715353012084961
2021-07-30 21:00:00+00:00,3.0,4.820207595825195
2021-07-30 22:00:00+00:00,0.0,1.8273861408233643
2021-07-30 23:00:00+00:00,2.0,-0.5640133023262024
2021-07-31 00:00:00+00:00,0.0,2.9213666915893555
2021-07-31 01:00:00+00:00,7.0,-0.5364436507225037
2021-07-31 02:00:00+00:00,2.0,10.703278541564941
2021-07-31 03:00:00+00:00,7.0,7.542812347412109
2021-07-31 04:00:00+00:00,11.0,13.775418281555176
2021-07-31 05:00:00+00:00,17.0,20.631240844726562
2021-07-31 06:00:00+00:00,32.0,40.547611236572266
2021-07-31 07:00:00+00:00,53.0,45.31809997558594
2021-07-31 08:00:00+00:00,52.0,71.47815704345703
2021-07-31 09:00:00+00:00,59.0,61.1824951171875
2021-07-31 10:00:00+00:00,35.0,64.85383605957031
2021-07-31 11:00:00+00:00,41.0,32.42219161987305
2021-07-31 12:00:00+00:00,36.0,34.72976303100586
2021-07-31 13:00:00+00:00,36.0,34.341121673583984
2021-07-31 14:00:00+00:00,28.0,31.94029426574707
2021-07-31 15:00:00+00:00,27.0,25.59656524658203
2021-07-31 16:00:00+00:00,23.0,22.94318389892578
2021-07-31 17:00:00+00:00,15.0,17.063323974609375
2021-07-31 18:00:00+00:00,4.0,9.927108764648438
2021-07-31 19:00:00+00:00,5.0,2.8427672386169434
2021-07-31 20:00:00+00:00,8.0,5.266697883605957
2021-07-31 21:00:00+00:00,4.5,7.508373737335205
2021-07-31 22:00:00+00:00,1.0,3.740654230117798
2021-07-31 23:00:00+00:00,1.0,0.6609308123588562
2021-08-01 00:00:00+00:00,1.0,1.323127269744873
2021-08-01 01:00:00+00:00,0.0,1.1268702745437622
2021-08-01 02:00:00+00:00,0.0,0.7884396314620972
2021-08-01 03:00:00+00:00,4.0,1.2148064374923706
2021-08-01 04:00:00+00:00,9.0,8.800718307495117
2021-08-01 05:00:00+00:00,8.0,15.892870903015137
2021-08-01 06:00:00+00:00,32.0,17.711761474609375
2021-08-01 07:00:00+00:00,45.0,53.92599868774414
2021-08-01 08:00:00+00:00,56.0,70.61602020263672
2021-08-01 09:00:00+00:00,60.0,70.34444427490234
2021-08-01 10:00:00+00:00,51.0,66.54606628417969
2021-08-01 11:00:00+00:00,50.0,52.663917541503906
2021-08-01 12:00:00+00:00,59.0,52.99785614013672
2021-08-01 13:00:00+00:00,61.0,55.9199104309082
2021-08-01 14:00:00+00:00,52.0,57.273807525634766
2021-08-01 15:00:00+00:00,59.0,42.64030075073242
2021-08-01 16:00:00+00:00,38.0,42.67991256713867
2021-08-01 17:00:00+00:00,32.0,28.850488662719727
2021-08-01 18:00:00+00:00,14.0,23.296709060668945
2021-08-01 19:00:00+00:00,5.0,8.65272045135498
2021-08-01 20:00:00+00:00,7.0,2.3934743404388428
2021-08-01 21:00:00+00:00,5.0,3.870107889175415
2021-08-01 22:00:00+00:00,3.0,1.835354208946228
2021-08-01 23:00:00+00:00,0.0,3.0750484466552734
2021-08-02 00:00:00+00:00,0.0,0.18739813566207886
2021-08-02 01:00:00+00:00,4.0,1.9420452117919922
2021-08-02 02:00:00+00:00,7.0,13.103001594543457
2021-08-02 03:00:00+00:00,28.0,31.497318267822266
2021-08-02 04:00:00+00:00,32.0,43.96493911743164
2021-08-02 05:00:00+00:00,24.0,40.51503372192383
2021-08-02 06:00:00+00:00,44.0,28.330326080322266
2021-08-02 07:00:00+00:00,57.0,46.867042541503906
2021-08-02 08:00:00+00:00,72.0,62.82096481323242
2021-08-02 09:00:00+00:00,47.0,74.54351043701172
2021-08-02 10:00:00+00:00,37.0,36.42837905883789
2021-08-02 11:00:00+00:00,42.0,34.121307373046875
2021-08-02 12:00:00+00:00,48.0,38.771602630615234
2021-08-02 13:00:00+00:00,30.0,39.977840423583984
2021-08-02 14:00:00+00:00,35.0,24.53377342224121
2021-08-02 15:00:00+00:00,29.0,27.834272384643555
2021-08-02 16:00:00+00:00,23.0,22.47722816467285
2021-08-02 17:00:00+00:00,25.0,17.494020462036133
2021-08-02 18:00:00+00:00,11.0,18.00758171081543
2021-08-02 19:00:00+00:00,5.0,7.378932476043701
2021-08-02 20:00:00+00:00,4.0,4.106935501098633
2021-08-02 21:00:00+00:00,2.0,3.9431276321411133
2021-08-02 22:00:00+00:00,0.0,0.6560714840888977
2021-08-02 23:00:00+00:00,0.0,-0.10739153623580933
2021-08-03 00:00:00+00:00,0.0,-0.31598883867263794
2021-08-03 01:00:00+00:00,1.0,1.0398838520050049
2021-08-03 02:00:00+00:00,7.0,5.4862284660339355
2021-08-03 03:00:00+00:00,23.0,27.701841354370117
2021-08-03 04:00:00+00:00,19.0,33.63225173950195
2021-08-03 05:00:00+00:00,31.0,21.882646560668945
2021-08-03 06:00:00+00:00,38.0,40.82271957397461
2021-08-03 07:00:00+00:00,51.0,47.17043685913086
2021-08-03 08:00:00+00:00,68.0,59.303829193115234
2021-08-03 09:00:00+00:00,56.0,79.61489868164062
2021-08-03 10:00:00+00:00,41.0,52.2147216796875
2021-08-03 11:00:00+00:00,32.0,36.62958526611328
2021-08-03 12:00:00+00:00,35.0,34.36073303222656
2021-08-03 13:00:00+00:00,29.0,31.323375701904297
2021-08-03 14:00:00+00:00,31.0,23.944562911987305
2021-08-03 15:00:00+00:00,29.0,25.437471389770508
2021-08-03 16:00:00+00:00,13.0,23.316617965698242
2021-08-03 17:00:00+00:00,11.0,12.073185920715332
2021-08-03 18:00:00+00:00,9.0,8.761675834655762
2021-08-03 19:00:00+00:00,14.0,6.154210567474365
2021-08-03 20:00:00+00:00,3.0,8.276128768920898
2021-08-03 21:00:00+00:00,2.0,2.734989643096924
2021-08-03 22:00:00+00:00,1.0,0.2957461476325989
2021-08-03 23:00:00+00:00,1.0,0.937555193901062
2021-08-04 00:00:00+00:00,2.0,0.8651916980743408
2021-08-04 01:00:00+00:00,1.0,5.5186357498168945
2021-08-04 02:00:00+00:00,8.0,5.5569353103637695
2021-08-04 03:00:00+00:00,29.0,30.87138557434082
2021-08-04 04:00:00+00:00,21.0,46.00587463378906
2021-08-04 05:00:00+00:00,27.0,25.495866775512695
2021-08-04 06:00:00+00:00,48.0,34.29879379272461
2021-08-04 07:00:00+00:00,42.0,60.51704025268555
2021-08-04 08:00:00+00:00,49.0,43.47981262207031
2021-08-04 09:00:00+00:00,53.0,47.54671859741211
2021-08-04 10:00:00+00:00,40.0,48.33811569213867
2021-08-04 11:00:00+00:00,47.0,38.86397171020508
2021-08-04 12:00:00+00:00,38.0,45.927555084228516
2021-08-04 13:00:00+00:00,38.0,34.16967010498047
2021-08-04 14:00:00+00:00,28.0,33.75880432128906
2021-08-04 15:00:00+00:00,40.0,22.74285316467285
2021-08-04 16:00:00+00:00,26.0,30.525007247924805
2021-08-04 17:00:00+00:00,16.0,19.616819381713867
2021-08-04 18:00:00+00:00,7.0,12.052704811096191
2021-08-04 19:00:00+00:00,2.0,4.878842830657959
2021-08-04 20:00:00+00:00,7.0,1.7030003070831299
2021-08-04 21:00:00+00:00,13.0,6.166316986083984
2021-08-04 22:00:00+00:00,19.0,6.700390815734863
2021-08-04 23:00:00+00:00,0.0,12.203048706054688
2021-08-05 00:00:00+00:00,2.0,-0.5479481816291809
2021-08-05 01:00:00+00:00,0.0,5.259418487548828
2021-08-05 02:00:00+00:00,5.0,2.295926094055176
2021-08-05 03:00:00+00:00,26.0,21.160104751586914
2021-08-05 04:00:00+00:00,23.0,41.243770599365234
2021-08-05 05:00:00+00:00,32.0,29.831344604492188
2021-08-05 06:00:00+00:00,35.0,42.166141510009766
2021-08-05 07:00:00+00:00,46.0,46.55513000488281
2021-08-05 08:00:00+00:00,57.0,50.019927978515625
2021-08-05 09:00:00+00:00,49.0,65.02659606933594
2021-08-05 10:00:00+00:00,47.0,44.80941390991211
2021-08-05 11:00:00+00:00,39.0,42.00700378417969
2021-08-05 12:00:00+00:00,54.0,39.96044158935547
2021-08-05 13:00:00+00:00,46.0,43.636573791503906
2021-08-05 14:00:00+00:00,32.0,40.38157272338867
2021-08-05 15:00:00+00:00,25.0,25.18620491027832
2021-08-05 16:00:00+00:00,25.0,19.633617401123047
2021-08-05 17:00:00+00:00,13.0,20.206939697265625
2021-08-05 18:00:00+00:00,7.0,9.429347038269043
2021-08-05 19:00:00+00:00,11.0,4.957258224487305
2021-08-05 20:00:00+00:00,3.0,6.599112510681152
2021-08-05 21:00:00+00:00,10.5,1.9684109687805176
2021-08-05 22:00:00+00:00,18.0,5.756043910980225
2021-08-05 23:00:00+00:00,2.0,11.32345199584961
2021-08-06 00:00:00+00:00,3.0,2.695744752883911
2021-08-06 01:00:00+00:00,0.0,6.417098045349121
2021-08-06 02:00:00+00:00,3.0,2.8023643493652344
2021-08-06 03:00:00+00:00,16.0,10.331650733947754
2021-08-06 04:00:00+00:00,22.0,19.831676483154297
2021-08-06 05:00:00+00:00,23.0,29.31831169128418
2021-08-06 06:00:00+00:00,51.0,31.185998916625977
2021-08-06 07:00:00+00:00,54.0,72.68079376220703
2021-08-06 08:00:00+00:00,65.0,70.5327377319336
2021-08-06 09:00:00+00:00,48.0,78.28526306152344
2021-08-06 10:00:00+00:00,45.0,45.277000427246094
2021-08-06 11:00:00+00:00,54.0,43.87360763549805
2021-08-06 12:00:00+00:00,55.0,54.429080963134766
2021-08-06 13:00:00+00:00,60.0,47.07585144042969
2021-08-06 14:00:00+00:00,37.0,45.56107711791992
2021-08-06 15:00:00+00:00,38.0,29.515779495239258
2021-08-06 16:00:00+00:00,26.0,26.348318099975586
2021-08-06 17:00:00+00:00,17.0,19.815311431884766
2021-08-06 18:00:00+00:00,10.0,12.763306617736816
2021-08-06 19:00:00+00:00,4.0,6.7440080642700195
2021-08-06 20:00:00+00:00,6.0,2.8006680011749268
2021-08-06 21:00:00+00:00,16.5,4.937256813049316
2021-08-06 22:00:00+00:00,27.0,11.174161911010742
2021-08-06 23:00:00+00:00,2.0,17.577104568481445
2021-08-07 00:00:00+00:00,1.0,3.0401229858398438
2021-08-07 01:00:00+00:00,2.0,0.11502993106842041
2021-08-07 02:00:00+00:00,5.0,1.9905273914337158
2021-08-07 03:00:00+00:00,8.0,13.260459899902344
2021-08-07 04:00:00+00:00,13.0,16.085796356201172
2021-08-07 05:00:00+00:00,26.0,24.08124351501465
2021-08-07 06:00:00+00:00,31.0,55.308982849121094
2021-08-07 07:00:00+00:00,54.0,43.20697784423828
2021-08-07 08:00:00+00:00,68.0,73.1219482421875
2021-08-07 09:00:00+00:00,60.0,83.53730010986328
2021-08-07 10:00:00+00:00,47.0,69.81883239746094
2021-08-07 11:00:00+00:00,8.0,45.83225631713867
2021-08-07 12:00:00+00:00,71.0,11.07319450378418
2021-08-07 13:00:00+00:00,32.0,71.24763488769531
2021-08-07 14:00:00+00:00,32.0,29.450353622436523
2021-08-07 15:00:00+00:00,21.0,27.413991928100586
2021-08-07 16:00:00+00:00,24.0,16.940549850463867
2021-08-07 17:00:00+00:00,16.0,17.568178176879883
2021-08-07 18:00:00+00:00,6.0,10.816137313842773
2021-08-07 19:00:00+00:00,6.0,4.845834255218506
2021-08-07 20:00:00+00:00,5.0,6.094971179962158
2021-08-07 21:00:00+00:00,14.0,4.396214008331299
2021-08-07 22:00:00+00:00,23.0,10.593046188354492
2021-08-07 23:00:00+00:00,1.0,16.43989372253418
2021-08-08 00:00:00+00:00,0.0,1.3465958833694458
2021-08-08 01:00:00+00:00,1.0,-0.19040697813034058
2021-08-08 02:00:00+00:00,0.0,1.7438321113586426
2021-08-08 03:00:00+00:00,3.0,1.2579041719436646
2021-08-08 04:00:00+00:00,5.0,4.917996883392334
2021-08-08 05:00:00+00:00,7.0,8.238505363464355
2021-08-08 06:00:00+00:00,27.0,14.983441352844238
2021-08-08 07:00:00+00:00,33.0,43.165157318115234
2021-08-08 08:00:00+00:00,68.0,43.49640655517578
2021-08-08 09:00:00+00:00,59.0,87.34854888916016
2021-08-08 10:00:00+00:00,49.0,67.64840698242188
2021-08-08 11:00:00+00:00,58.0,50.20578384399414
2021-08-08 12:00:00+00:00,64.0,58.90999984741211
2021-08-08 13:00:00+00:00,64.0,61.46099853515625
2021-08-08 14:00:00+00:00,75.0,58.269378662109375
2021-08-08 15:00:00+00:00,66.0,66.84515380859375
2021-08-08 16:00:00+00:00,57.0,49.15327072143555
2021-08-08 17:00:00+00:00,34.0,38.55788803100586
2021-08-08 18:00:00+00:00,16.0,23.452852249145508
2021-08-08 19:00:00+00:00,8.0,9.159211158752441
2021-08-08 20:00:00+00:00,7.0,3.720057725906372
2021-08-08 21:00:00+00:00,11.0,3.6893019676208496
2021-08-08 22:00:00+00:00,15.0,4.304242134094238
2021-08-08 23:00:00+00:00,1.0,9.506120681762695
2021-08-09 00:00:00+00:00,2.0,1.651444911956787
2021-08-09 01:00:00+00:00,2.0,5.459710597991943
2021-08-09 02:00:00+00:00,7.0,9.132768630981445
2021-08-09 03:00:00+00:00,24.0,35.1598014831543
2021-08-09 04:00:00+00:00,30.0,32.83899688720703
2021-08-09 05:00:00+00:00,32.0,34.41797637939453
2021-08-09 06:00:00+00:00,34.0,31.588144302368164
2021-08-09 07:00:00+00:00,47.0,34.7667236328125
2021-08-09 08:00:00+00:00,45.0,48.26377487182617
2021-08-09 09:00:00+00:00,59.0,40.66539001464844
2021-08-09 10:00:00+00:00,35.0,58.254798889160156
2021-08-09 11:00:00+00:00,42.0,37.02823257446289
2021-08-09 12:00:00+00:00,60.0,46.60783386230469
2021-08-09 13:00:00+00:00,27.0,45.755210876464844
2021-08-09 14:00:00+00:00,32.0,22.53348731994629
2021-08-09 15:00:00+00:00,18.0,25.523210525512695
2021-08-09 16:00:00+00:00,18.0,15.083687782287598
2021-08-09 17:00:00+00:00,9.0,14.940646171569824
2021-08-09 18:00:00+00:00,7.0,7.1836628913879395
2021-08-09 19:00:00+00:00,6.0,4.3099493980407715
2021-08-09 20:00:00+00:00,3.0,5.090320110321045
2021-08-09 21:00:00+00:00,1.5,3.08390212059021
2021-08-09 22:00:00+00:00,0.0,0.4313432574272156
2021-08-09 23:00:00+00:00,1.0,0.08070892095565796
2021-08-10 00:00:00+00:00,1.0,1.4343147277832031
2021-08-10 01:00:00+00:00,6.0,3.6949965953826904
2021-08-10 02:00:00+00:00,8.0,16.19676971435547
2021-08-10 03:00:00+00:00,29.0,38.87066650390625
2021-08-10 04:00:00+00:00,33.0,46.5029411315918
2021-08-10 05:00:00+00:00,44.0,45.02696228027344
2021-08-10 06:00:00+00:00,38.0,47.838600158691406
2021-08-10 07:00:00+00:00,49.0,39.28346252441406
2021-08-10 08:00:00+00:00,38.0,52.16654586791992
2021-08-10 09:00:00+00:00,36.0,34.342613220214844
2021-08-10 10:00:00+00:00,33.0,31.733448028564453
2021-08-10 11:00:00+00:00,43.0,36.973670959472656
2021-08-10 12:00:00+00:00,53.0,45.264129638671875
2021-08-10 13:00:00+00:00,41.0,43.33751678466797
2021-08-10 14:00:00+00:00,25.0,35.36480712890625
2021-08-10 15:00:00+00:00,18.0,19.170164108276367
2021-08-10 16:00:00+00:00,24.0,14.691795349121094
2021-08-10 17:00:00+00:00,20.0,18.924591064453125
2021-08-10 18:00:00+00:00,6.0,14.609310150146484
2021-08-10 19:00:00+00:00,8.0,3.5122644901275635
2021-08-10 20:00:00+00:00,4.0,5.622899532318115
2021-08-10 21:00:00+00:00,9.5,3.322920083999634
2021-08-10 22:00:00+00:00,15.0,4.790234088897705
2021-08-10 23:00:00+00:00,2.0,10.088760375976562
2021-08-11 00:00:00+00:00,1.0,2.59867787361145
2021-08-11 01:00:00+00:00,2.0,3.6563470363616943
2021-08-11 02:00:00+00:00,6.0,8.975707054138184
2021-08-11 03:00:00+00:00,31.0,33.202083587646484
2021-08-11 04:00:00+00:00,35.0,50.40122985839844
2021-08-11 05:00:00+00:00,28.0,47.545982360839844
2021-08-11 06:00:00+00:00,35.0,28.518054962158203
2021-08-11 07:00:00+00:00,35.0,36.897953033447266
2021-08-11 08:00:00+00:00,50.0,33.83182907104492
2021-08-11 09:00:00+00:00,49.0,52.42489242553711
2021-08-11 10:00:00+00:00,39.0,47.106170654296875
2021-08-11 11:00:00+00:00,44.0,39.576290130615234
2021-08-11 12:00:00+00:00,71.0,45.2213134765625
2021-08-11 13:00:00+00:00,29.0,61.94001388549805
2021-08-11 14:00:00+00:00,40.0,24.401371002197266
2021-08-11 15:00:00+00:00,26.0,32.89882278442383
2021-08-11 16:00:00+00:00,23.0,20.213455200195312
2021-08-11 17:00:00+00:00,13.0,17.793807983398438
2021-08-11 18:00:00+00:00,11.0,9.619061470031738
2021-08-11 19:00:00+00:00,6.0,7.291330337524414
2021-08-11 20:00:00+00:00,6.0,4.281185626983643
2021-08-11 21:00:00+00:00,6.0,5.343846321105957
2021-08-11 22:00:00+00:00,6.0,3.0719871520996094
2021-08-11 23:00:00+00:00,0.0,5.606464862823486
2021-08-12 00:00:00+00:00,1.0,-0.4627363085746765
2021-08-12 01:00:00+00:00,3.0,3.560654401779175
2021-08-12 02:00:00+00:00,7.0,11.971830368041992
2021-08-12 03:00:00+00:00,31.0,33.77606201171875
2021-08-12 04:00:00+00:00,36.0,48.85052490234375
2021-08-12 05:00:00+00:00,30.0,50.98176574707031
2021-08-12 06:00:00+00:00,38.0,30.986328125
2021-08-12 07:00:00+00:00,56.0,40.354679107666016
2021-08-12 08:00:00+00:00,59.0,67.5274887084961
2021-08-12 09:00:00+00:00,61.0,70.09873962402344
2021-08-12 10:00:00+00:00,39.0,68.62683868408203
2021-08-12 11:00:00+00:00,46.0,38.85958480834961
2021-08-12 12:00:00+00:00,65.0,46.54725646972656
2021-08-12 13:00:00+00:00,33.0,51.58226776123047
2021-08-12 14:00:00+00:00,33.0,28.664806365966797
2021-08-12 15:00:00+00:00,29.0,26.68650245666504
2021-08-12 16:00:00+00:00,18.0,22.457693099975586
2021-08-12 17:00:00+00:00,14.0,15.775969505310059
2021-08-12 18:00:00+00:00,7.0,10.325677871704102
2021-08-12 19:00:00+00:00,1.0,5.315609455108643
2021-08-12 20:00:00+00:00,2.0,0.010072588920593262
2021-08-12 21:00:00+00:00,6.5,0.8565894961357117
2021-08-12 22:00:00+00:00,11.0,3.168548822402954
2021-08-12 23:00:00+00:00,1.0,8.415209770202637
2021-08-13 00:00:00+00:00,0.0,1.1275346279144287
2021-08-13 01:00:00+00:00,2.0,0.9522517919540405
2021-08-13 02:00:00+00:00,6.0,10.002729415893555
2021-08-13 03:00:00+00:00,30.0,27.072132110595703
2021-08-13 04:00:00+00:00,18.0,48.19798278808594
2021-08-13 05:00:00+00:00,30.0,19.43065643310547
2021-08-13 06:00:00+00:00,41.0,34.70478820800781
2021-08-13 07:00:00+00:00,53.0,49.1400032043457
2021-08-13 08:00:00+00:00,66.0,67.23696899414062
2021-08-13 09:00:00+00:00,59.0,81.28251647949219
2021-08-13 10:00:00+00:00,46.0,67.47455596923828
2021-08-13 11:00:00+00:00,56.0,44.47665786743164
2021-08-13 12:00:00+00:00,66.0,57.9753532409668
2021-08-13 13:00:00+00:00,51.0,55.93707275390625
2021-08-13 14:00:00+00:00,18.0,42.577972412109375
2021-08-13 15:00:00+00:00,31.0,17.39069175720215
2021-08-13 16:00:00+00:00,18.0,22.788448333740234
2021-08-13 17:00:00+00:00,13.0,14.296232223510742
2021-08-13 18:00:00+00:00,13.0,9.86904525756836
2021-08-13 19:00:00+00:00,4.0,8.588909149169922
2021-08-13 20:00:00+00:00,5.0,3.3665831089019775
2021-08-13 21:00:00+00:00,20.0,3.8933300971984863
2021-08-13 22:00:00+00:00,35.0,14.115297317504883
2021-08-13 23:00:00+00:00,0.0,21.915884017944336
2021-08-14 00:00:00+00:00,2.0,0.10303401947021484
2021-08-14 01:00:00+00:00,0.0,2.6561944484710693
2021-08-14 02:00:00+00:00,1.0,-0.126983642578125
2021-08-14 03:00:00+00:00,6.0,2.385424852371216
2021-08-14 04:00:00+00:00,13.0,11.896276473999023
2021-08-14 05:00:00+00:00,22.0,24.606426239013672
2021-08-14 06:00:00+00:00,35.0,44.01385498046875
2021-08-14 07:00:00+00:00,46.0,54.30766296386719
2021-08-14 08:00:00+00:00,53.0,59.0128173828125
2021-08-14 09:00:00+00:00,64.0,65.66275787353516
2021-08-14 10:00:00+00:00,40.0,74.28092956542969
2021-08-14 11:00:00+00:00,38.0,34.784690856933594
2021-08-14 12:00:00+00:00,23.0,36.35833740234375
2021-08-14 13:00:00+00:00,22.0,22.560518264770508
2021-08-14 14:00:00+00:00,28.0,21.776899337768555
2021-08-14 15:00:00+00:00,23.0,24.618560791015625
2021-08-14 16:00:00+00:00,8.0,18.612003326416016
2021-08-14 17:00:00+00:00,5.0,5.35978364944458
2021-08-14 18:00:00+00:00,9.0,3.146243095397949
2021-08-14 19:00:00+00:00,11.0,5.739043712615967
2021-08-14 20:00:00+00:00,7.0,8.908105850219727
2021-08-14 21:00:00+00:00,5.0,5.674525260925293
2021-08-14 22:00:00+00:00,3.0,3.906733274459839
2021-08-14 23:00:00+00:00,3.0,2.472804307937622
2021-08-15 00:00:00+00:00,2.0,3.305598258972168
2021-08-15 01:00:00+00:00,2.0,2.0080857276916504
2021-08-15 02:00:00+00:00,2.0,3.1332175731658936
2021-08-15 03:00:00+00:00,0.0,4.910419464111328
2021-08-15 04:00:00+00:00,6.0,0.3352370262145996
2021-08-15 05:00:00+00:00,11.0,10.130748748779297
2021-08-15 06:00:00+00:00,25.0,21.761690139770508
2021-08-15 07:00:00+00:00,31.0,41.567779541015625
2021-08-15 08:00:00+00:00,66.0,40.22428512573242
2021-08-15 09:00:00+00:00,50.0,86.6021728515625
2021-08-15 10:00:00+00:00,56.0,56.87841796875
2021-08-15 11:00:00+00:00,60.0,62.08580017089844
2021-08-15 12:00:00+00:00,53.0,62.6470947265625
2021-08-15 13:00:00+00:00,63.0,53.75520324707031
2021-08-15 14:00:00+00:00,53.0,58.714027404785156
2021-08-15 15:00:00+00:00,46.0,44.03778076171875
2021-08-15 16:00:00+00:00,26.0,38.53167724609375
2021-08-15 17:00:00+00:00,24.0,22.10338592529297
2021-08-15 18:00:00+00:00,11.0,18.40167808532715
2021-08-15 19:00:00+00:00,5.0,5.715704441070557
2021-08-15 20:00:00+00:00,2.0,2.356645107269287
2021-08-15 21:00:00+00:00,1.0,0.2198505401611328
2021-08-15 22:00:00+00:00,0.0,-0.050410330295562744
2021-08-15 23:00:00+00:00,1.0,0.3603854775428772
2021-08-16 00:00:00+00:00,2.0,1.8221611976623535
2021-08-16 01:00:00+00:00,4.0,5.267585754394531
2021-08-16 02:00:00+00:00,6.0,13.53385066986084
2021-08-16 03:00:00+00:00,39.0,31.82975959777832
2021-08-16 04:00:00+00:00,37.0,59.37084197998047
2021-08-16 05:00:00+00:00,27.0,42.932762145996094
2021-08-16 06:00:00+00:00,39.0,24.38461685180664
2021-08-16 07:00:00+00:00,36.0,34.52046203613281
2021-08-16 08:00:00+00:00,39.0,32.94399642944336
2021-08-16 09:00:00+00:00,34.0,34.16185760498047
2021-08-16 10:00:00+00:00,22.0,30.69402503967285
2021-08-16 11:00:00+00:00,36.0,23.17165756225586
2021-08-16 12:00:00+00:00,58.0,41.282230377197266
2021-08-16 13:00:00+00:00,36.0,41.72456741333008
2021-08-16 14:00:00+00:00,39.0,30.59755516052246
2021-08-16 15:00:00+00:00,19.0,32.220489501953125
2021-08-16 16:00:00+00:00,15.0,14.48001480102539
2021-08-16 17:00:00+00:00,18.0,13.015280723571777
2021-08-16 18:00:00+00:00,4.0,13.392786026000977
2021-08-16 19:00:00+00:00,6.0,1.7752208709716797
2021-08-16 20:00:00+00:00,2.0,4.443227291107178
2021-08-16 21:00:00+00:00,1.0,1.814645767211914
2021-08-16 22:00:00+00:00,0.0,-0.01690441370010376
2021-08-16 23:00:00+00:00,2.0,0.05141359567642212
2021-08-17 00:00:00+00:00,0.0,2.8332598209381104
2021-08-17 01:00:00+00:00,3.0,0.8815174102783203
2021-08-17 02:00:00+00:00,4.0,11.746137619018555
2021-08-17 03:00:00+00:00,44.0,23.572633743286133
2021-08-17 04:00:00+00:00,48.0,65.52408599853516
2021-08-17 05:00:00+00:00,31.0,59.06427764892578
2021-08-17 06:00:00+00:00,32.0,30.53179931640625
2021-08-17 07:00:00+00:00,43.0,31.474315643310547
2021-08-17 08:00:00+00:00,43.0,41.66132736206055
2021-08-17 09:00:00+00:00,46.0,40.81056594848633
2021-08-17 10:00:00+00:00,24.0,44.43017578125
2021-08-17 11:00:00+00:00,29.0,25.03407859802246
2021-08-17 12:00:00+00:00,48.0,34.990447998046875
2021-08-17 13:00:00+00:00,36.0,41.20893478393555
2021-08-17 14:00:00+00:00,28.0,31.699853897094727
2021-08-17 15:00:00+00:00,21.0,21.43085289001465
2021-08-17 16:00:00+00:00,20.0,16.4666690826416
2021-08-17 17:00:00+00:00,16.0,15.517694473266602
2021-08-17 18:00:00+00:00,9.0,12.341829299926758
2021-08-17 19:00:00+00:00,3.0,5.179531097412109
2021-08-17 20:00:00+00:00,1.0,2.6340410709381104
2021-08-17 21:00:00+00:00,0.5,0.9158185124397278
2021-08-17 22:00:00+00:00,0.0,-0.42828720808029175
2021-08-17 23:00:00+00:00,0.0,0.15572339296340942
2021-08-18 00:00:00+00:00,1.0,-0.629640519618988
2021-08-18 01:00:00+00:00,1.0,3.546557903289795
2021-08-18 02:00:00+00:00,6.0,6.77263069152832
2021-08-18 03:00:00+00:00,37.0,32.558494567871094
2021-08-18 04:00:00+00:00,47.0,56.65827941894531
2021-08-18 05:00:00+00:00,38.0,59.74021911621094
2021-08-18 06:00:00+00:00,33.0,44.53561782836914
2021-08-18 07:00:00+00:00,37.0,35.102195739746094
2021-08-18 08:00:00+00:00,41.0,36.453731536865234
2021-08-18 09:00:00+00:00,32.0,37.23598098754883
2021-08-18 10:00:00+00:00,31.0,31.706262588500977
2021-08-18 11:00:00+00:00,35.0,35.65884780883789
2021-08-18 12:00:00+00:00,56.0,40.742332458496094
2021-08-18 13:00:00+00:00,38.0,43.07331085205078
2021-08-18 14:00:00+00:00,37.0,33.54011154174805
2021-08-18 15:00:00+00:00,26.0,29.59256935119629
2021-08-18 16:00:00+00:00,18.0,19.970701217651367
2021-08-18 17:00:00+00:00,15.0,14.440032958984375
2021-08-18 18:00:00+00:00,10.0,11.36921215057373
2021-08-18 19:00:00+00:00,7.0,6.188057899475098
2021-08-18 20:00:00+00:00,4.0,5.249584197998047
2021-08-18 21:00:00+00:00,3.0,3.7003912925720215
2021-08-18 22:00:00+00:00,2.0,1.2660586833953857
2021-08-18 23:00:00+00:00,0.0,2.3049750328063965
2021-08-19 00:00:00+00:00,1.0,-0.6198802590370178
2021-08-19 01:00:00+00:00,0.0,3.199014186859131
2021-08-19 02:00:00+00:00,6.0,3.6777138710021973
2021-08-19 03:00:00+00:00,30.0,33.11238098144531
2021-08-19 04:00:00+00:00,34.0,48.381202697753906
2021-08-19 05:00:00+00:00,39.0,42.900726318359375
2021-08-19 06:00:00+00:00,41.0,44.395999908447266
2021-08-19 07:00:00+00:00,30.0,38.76936721801758
2021-08-19 08:00:00+00:00,39.0,31.182294845581055
2021-08-19 09:00:00+00:00,33.0,36.09966278076172
2021-08-19 10:00:00+00:00,38.0,33.01445770263672
2021-08-19 11:00:00+00:00,39.0,39.84092712402344
2021-08-19 12:00:00+00:00,65.0,46.62936782836914
2021-08-19 13:00:00+00:00,39.0,53.174346923828125
2021-08-19 14:00:00+00:00,40.0,35.20463180541992
2021-08-19 15:00:00+00:00,24.0,32.43050003051758
2021-08-19 16:00:00+00:00,12.0,18.54239845275879
2021-08-19 17:00:00+00:00,16.0,10.566908836364746
2021-08-19 18:00:00+00:00,13.0,11.933140754699707
2021-08-19 19:00:00+00:00,11.0,9.14154052734375
2021-08-19 20:00:00+00:00,3.0,6.560694217681885
2021-08-19 21:00:00+00:00,1.5,1.9059858322143555
2021-08-19 22:00:00+00:00,0.0,-0.016269028186798096
2021-08-19 23:00:00+00:00,2.0,0.35287415981292725
2021-08-20 00:00:00+00:00,0.0,2.3564140796661377
2021-08-20 01:00:00+00:00,3.0,0.7210224866867065
2021-08-20 02:00:00+00:00,3.0,12.959653854370117
2021-08-20 03:00:00+00:00,33.0,15.435113906860352
2021-08-20 04:00:00+00:00,30.0,52.65432357788086
2021-08-20 05:00:00+00:00,30.0,35.23822784423828
2021-08-20 06:00:00+00:00,30.0,31.419095993041992
2021-08-20 07:00:00+00:00,29.0,34.233375549316406
2021-08-20 08:00:00+00:00,44.0,32.65168762207031
2021-08-20 09:00:00+00:00,49.0,46.28071594238281
2021-08-20 10:00:00+00:00,41.0,51.97983932495117
2021-08-20 11:00:00+00:00,46.0,40.995094299316406
2021-08-20 12:00:00+00:00,83.0,49.356571197509766
2021-08-20 13:00:00+00:00,72.0,94.08895111083984
2021-08-20 14:00:00+00:00,35.0,60.699005126953125
2021-08-20 15:00:00+00:00,32.0,27.849201202392578
2021-08-20 16:00:00+00:00,20.0,22.8118839263916
2021-08-20 17:00:00+00:00,11.0,14.728333473205566
2021-08-20 18:00:00+00:00,5.0,7.61056661605835
2021-08-20 19:00:00+00:00,0.0,2.713639736175537
2021-08-20 20:00:00+00:00,5.0,-0.5005598664283752
2021-08-20 21:00:00+00:00,3.5,4.197348594665527
2021-08-20 22:00:00+00:00,2.0,2.194716215133667
2021-08-20 23:00:00+00:00,2.0,1.373647928237915
2021-08-21 00:00:00+00:00,1.0,2.9302260875701904
2021-08-21 01:00:00+00:00,0.0,0.013489067554473877
2021-08-21 02:00:00+00:00,0.0,0.17865198850631714
2021-08-21 03:00:00+00:00,4.0,0.8841375112533569
2021-08-21 04:00:00+00:00,17.0,8.203255653381348
2021-08-21 05:00:00+00:00,16.0,35.01970291137695
2021-08-21 06:00:00+00:00,32.0,34.798282623291016
2021-08-21 07:00:00+00:00,42.0,45.24567794799805
2021-08-21 08:00:00+00:00,29.0,52.12967300415039
2021-08-21 09:00:00+00:00,42.0,32.762840270996094
2021-08-21 10:00:00+00:00,31.0,41.62317657470703
2021-08-21 11:00:00+00:00,33.0,31.321073532104492
2021-08-21 12:00:00+00:00,26.0,31.77797508239746
2021-08-21 13:00:00+00:00,23.0,24.092662811279297
2021-08-21 14:00:00+00:00,24.0,21.111194610595703
2021-08-21 15:00:00+00:00,13.0,21.704896926879883
2021-08-21 16:00:00+00:00,19.0,10.620566368103027
2021-08-21 17:00:00+00:00,14.0,12.987020492553711
2021-08-21 18:00:00+00:00,7.0,9.378337860107422
2021-08-21 19:00:00+00:00,5.0,5.740974426269531
2021-08-21 20:00:00+00:00,7.0,5.368882656097412
2021-08-21 21:00:00+00:00,5.0,6.603974342346191
2021-08-21 22:00:00+00:00,3.0,4.139611721038818
2021-08-21 23:00:00+00:00,1.0,2.4946587085723877
2021-08-22 00:00:00+00:00,0.0,1.829270601272583
2021-08-22 01:00:00+00:00,1.0,-0.4335116744041443
2021-08-22 02:00:00+00:00,1.0,1.3538427352905273
2021-08-22 03:00:00+00:00,4.0,2.4584338665008545
2021-08-22 04:00:00+00:00,9.0,8.330394744873047
2021-08-22 05:00:00+00:00,17.0,16.531269073486328
2021-08-22 06:00:00+00:00,23.0,30.609708786010742
2021-08-22 07:00:00+00:00,37.0,41.04463577270508
2021-08-22 08:00:00+00:00,40.0,54.671295166015625
2021-08-22 09:00:00+00:00,61.0,53.22446823120117
2021-08-22 10:00:00+00:00,59.0,72.59219360351562
2021-08-22 11:00:00+00:00,59.0,65.76587677001953
2021-08-22 12:00:00+00:00,60.0,61.11408996582031
2021-08-22 13:00:00+00:00,67.0,56.849029541015625
2021-08-22 14:00:00+00:00,74.0,62.518699645996094
2021-08-22 15:00:00+00:00,84.0,66.82792663574219
2021-08-22 16:00:00+00:00,44.0,70.9957504272461
2021-08-22 17:00:00+00:00,27.0,32.222572326660156
2021-08-22 18:00:00+00:00,11.0,18.640356063842773
2021-08-22 19:00:00+00:00,4.0,5.12303352355957
2021-08-22 20:00:00+00:00,0.0,1.8554164171218872
2021-08-22 21:00:00+00:00,0.0,-0.9704423546791077
2021-08-22 22:00:00+00:00,0.0,-0.5612011551856995
2021-08-22 23:00:00+00:00,0.0,0.42077702283859253
2021-08-23 00:00:00+00:00,3.0,0.07736420631408691
2021-08-23 01:00:00+00:00,3.0,6.552812576293945
2021-08-23 02:00:00+00:00,8.0,12.31014347076416
2021-08-23 03:00:00+00:00,42.0,35.941986083984375
2021-08-23 04:00:00+00:00,44.0,61.38798522949219
2021-08-23 05:00:00+00:00,32.0,55.75482177734375
2021-08-23 06:00:00+00:00,38.0,34.039974212646484
2021-08-23 07:00:00+00:00,35.0,34.226776123046875
2021-08-23 08:00:00+00:00,31.0,32.71554183959961
2021-08-23 09:00:00+00:00,30.0,27.957502365112305
2021-08-23 10:00:00+00:00,31.0,30.28855323791504
2021-08-23 11:00:00+00:00,33.0,33.94617462158203
2021-08-23 12:00:00+00:00,52.0,38.349220275878906
2021-08-23 13:00:00+00:00,29.0,42.76071548461914
2021-08-23 14:00:00+00:00,45.0,23.99867820739746
2021-08-23 15:00:00+00:00,25.0,37.56494140625
2021-08-23 16:00:00+00:00,17.0,19.115875244140625
2021-08-23 17:00:00+00:00,12.0,13.93857479095459
2021-08-23 18:00:00+00:00,5.0,9.384481430053711
2021-08-23 19:00:00+00:00,4.0,2.4251515865325928
2021-08-23 20:00:00+00:00,5.0,2.9702656269073486
2021-08-23 21:00:00+00:00,3.0,4.933893203735352
2021-08-23 22:00:00+00:00,1.0,1.715592622756958
2021-08-23 23:00:00+00:00,0.0,1.112941026687622
2021-08-24 00:00:00+00:00,1.0,-0.17048758268356323
2021-08-24 01:00:00+00:00,0.0,3.510117292404175
2021-08-24 02:00:00+00:00,7.0,2.871103286743164
2021-08-24 03:00:00+00:00,47.0,35.12257766723633
2021-08-24 04:00:00+00:00,49.0,62.634735107421875
2021-08-24 05:00:00+00:00,34.0,60.1895866394043
2021-08-24 06:00:00+00:00,23.0,32.90475082397461
2021-08-24 07:00:00+00:00,34.0,24.482227325439453
2021-08-24 08:00:00+00:00,30.0,33.25621032714844
2021-08-24 09:00:00+00:00,24.0,27.51531219482422
2021-08-24 10:00:00+00:00,32.0,24.40420913696289
2021-08-24 11:00:00+00:00,31.0,36.765342712402344
2021-08-24 12:00:00+00:00,51.0,35.8236198425293
2021-08-24 13:00:00+00:00,39.0,42.62529754638672
2021-08-24 14:00:00+00:00,28.0,33.63385772705078
2021-08-24 15:00:00+00:00,28.0,21.52677345275879
2021-08-24 16:00:00+00:00,21.0,20.966869354248047
2021-08-24 17:00:00+00:00,12.0,15.61496639251709
2021-08-24 18:00:00+00:00,7.0,9.618403434753418
2021-08-24 19:00:00+00:00,1.0,3.9779727458953857
2021-08-24 20:00:00+00:00,3.0,0.43573489785194397
2021-08-24 21:00:00+00:00,1.5,3.075629472732544
2021-08-24 22:00:00+00:00,0.0,0.5470192432403564
2021-08-24 23:00:00+00:00,0.0,0.21904540061950684
2021-08-25 00:00:00+00:00,1.0,-0.48641759157180786
2021-08-25 01:00:00+00:00,1.0,2.9610373973846436
2021-08-25 02:00:00+00:00,6.0,7.369635581970215
2021-08-25 03:00:00+00:00,48.0,33.26223373413086
2021-08-25 04:00:00+00:00,35.0,66.89022064208984
2021-08-25 05:00:00+00:00,37.0,39.52130889892578
2021-08-25 06:00:00+00:00,38.0,40.71216583251953
2021-08-25 07:00:00+00:00,44.0,36.415306091308594
2021-08-25 08:00:00+00:00,48.0,44.4336051940918
2021-08-25 09:00:00+00:00,42.0,48.373775482177734
2021-08-25 10:00:00+00:00,32.0,39.21726989746094
2021-08-25 11:00:00+00:00,29.0,36.29803466796875
2021-08-25 12:00:00+00:00,55.0,31.958358764648438
2021-08-25 13:00:00+00:00,28.0,43.6998291015625
2021-08-25 14:00:00+00:00,30.0,22.778711318969727
2021-08-25 15:00:00+00:00,26.0,23.42462158203125
2021-08-25 16:00:00+00:00,12.0,19.8630313873291
2021-08-25 17:00:00+00:00,15.0,10.640929222106934
2021-08-25 18:00:00+00:00,9.0,11.329180717468262
2021-08-25 19:00:00+00:00,7.0,5.617823123931885
2021-08-25 20:00:00+00:00,7.0,5.297748565673828
2021-08-25 21:00:00+00:00,5.5,6.313329219818115
2021-08-25 22:00:00+00:00,4.0,3.2427639961242676
2021-08-25 23:00:00+00:00,4.0,4.184978008270264
2021-08-26 00:00:00+00:00,8.0,4.476825714111328
2021-08-26 01:00:00+00:00,1.0,11.2067232131958
2021-08-26 02:00:00+00:00,10.0,6.730722427368164
2021-08-26 03:00:00+00:00,38.0,40.38674545288086
2021-08-26 04:00:00+00:00,43.0,57.44533920288086
2021-08-26 05:00:00+00:00,25.0,56.707515716552734
2021-08-26 06:00:00+00:00,32.0,24.565082550048828
2021-08-26 07:00:00+00:00,34.0,32.571319580078125
2021-08-26 08:00:00+00:00,40.0,33.48222732543945
2021-08-26 09:00:00+00:00,31.0,37.397918701171875
2021-08-26 10:00:00+00:00,29.0,29.692808151245117
2021-08-26 11:00:00+00:00,24.0,34.19153594970703
2021-08-26 12:00:00+00:00,54.0,25.160625457763672
2021-08-26 13:00:00+00:00,34.0,45.610748291015625
2021-08-26 14:00:00+00:00,29.0,31.20522117614746
2021-08-26 15:00:00+00:00,20.0,23.52923583984375
2021-08-26 16:00:00+00:00,15.0,16.36672019958496
2021-08-26 17:00:00+00:00,15.0,12.973124504089355
2021-08-26 18:00:00+00:00,9.0,10.769643783569336
2021-08-26 19:00:00+00:00,5.0,6.056221008300781
2021-08-26 20:00:00+00:00,2.0,3.137089967727661
2021-08-26 21:00:00+00:00,1.5,1.0914862155914307
2021-08-26 22:00:00+00:00,1.0,0.327613890171051
2021-08-26 23:00:00+00:00,0.0,1.4502618312835693
2021-08-27 00:00:00+00:00,2.0,-0.6117404103279114
2021-08-27 01:00:00+00:00,1.0,4.835108280181885
2021-08-27 02:00:00+00:00,6.0,6.7190842628479
2021-08-27 03:00:00+00:00,26.0,31.217206954956055
2021-08-27 04:00:00+00:00,34.0,38.83646011352539
2021-08-27 05:00:00+00:00,39.0,42.10639190673828
2021-08-27 06:00:00+00:00,37.0,45.6746711730957
2021-08-27 07:00:00+00:00,31.0,38.84809494018555
2021-08-27 08:00:00+00:00,42.0,32.888736724853516
2021-08-27 09:00:00+00:00,53.0,42.47909927368164
2021-08-27 10:00:00+00:00,33.0,60.63228988647461
2021-08-27 11:00:00+00:00,53.0,38.70820617675781
2021-08-27 12:00:00+00:00,70.0,52.936885833740234
2021-08-27 13:00:00+00:00,47.0,67.10533142089844
2021-08-27 14:00:00+00:00,38.0,43.83798599243164
2021-08-27 15:00:00+00:00,23.0,32.48588943481445
2021-08-27 16:00:00+00:00,22.0,17.579011917114258
2021-08-27 17:00:00+00:00,20.0,16.58456039428711
2021-08-27 18:00:00+00:00,9.0,15.116164207458496
2021-08-27 19:00:00+00:00,2.0,6.300650596618652
2021-08-27 20:00:00+00:00,3.0,0.9880799651145935
2021-08-27 21:00:00+00:00,2.0,2.200683355331421
2021-08-27 22:00:00+00:00,1.0,0.8691641688346863
2021-08-27 23:00:00+00:00,2.0,0.8889983892440796
2021-08-28 00:00:00+00:00,0.0,2.658198833465576
2021-08-28 01:00:00+00:00,0.0,-0.6409054398536682
2021-08-28 02:00:00+00:00,2.0,0.2701501250267029
2021-08-28 03:00:00+00:00,11.0,7.733607769012451
2021-08-28 04:00:00+00:00,11.0,20.240568161010742
2021-08-28 05:00:00+00:00,22.0,23.746315002441406
2021-08-28 06:00:00+00:00,47.0,39.61677551269531
2021-08-28 07:00:00+00:00,44.0,71.09810638427734
2021-08-28 08:00:00+00:00,56.0,53.99007034301758
2021-08-28 09:00:00+00:00,33.0,70.9733657836914
2021-08-28 10:00:00+00:00,29.0,31.219863891601562
2021-08-28 11:00:00+00:00,26.0,29.83725929260254
2021-08-28 12:00:00+00:00,20.0,23.933027267456055
2021-08-28 13:00:00+00:00,24.0,19.175806045532227
2021-08-28 14:00:00+00:00,32.0,21.555622100830078
2021-08-28 15:00:00+00:00,21.0,27.408390045166016
2021-08-28 16:00:00+00:00,18.0,16.149944305419922
2021-08-28 17:00:00+00:00,12.0,12.200334548950195
2021-08-28 18:00:00+00:00,9.0,8.181937217712402
2021-08-28 19:00:00+00:00,12.0,6.04597806930542
2021-08-28 20:00:00+00:00,8.0,9.304262161254883
2021-08-28 21:00:00+00:00,4.0,6.93876314163208
2021-08-28 22:00:00+00:00,0.0,3.165415048599243
2021-08-28 23:00:00+00:00,2.0,-0.30789023637771606
2021-08-29 00:00:00+00:00,1.0,1.742768406867981
2021-08-29 01:00:00+00:00,0.0,0.8067245483398438
2021-08-29 02:00:00+00:00,1.0,0.6692423820495605
2021-08-29 03:00:00+00:00,4.0,3.9571025371551514
2021-08-29 04:00:00+00:00,6.0,8.754168510437012
2021-08-29 05:00:00+00:00,18.0,9.687023162841797
2021-08-29 06:00:00+00:00,22.0,29.81119155883789
2021-08-29 07:00:00+00:00,45.0,41.8501091003418
2021-08-29 08:00:00+00:00,51.0,69.75533294677734
2021-08-29 09:00:00+00:00,55.0,71.34844207763672
2021-08-29 10:00:00+00:00,45.0,68.0369873046875
2021-08-29 11:00:00+00:00,49.0,48.63734817504883
2021-08-29 12:00:00+00:00,66.0,52.94463348388672
2021-08-29 13:00:00+00:00,78.0,65.48812866210938
2021-08-29 14:00:00+00:00,69.0,76.64024353027344
2021-08-29 15:00:00+00:00,63.0,62.29697036743164
2021-08-29 16:00:00+00:00,45.0,45.221492767333984
2021-08-29 17:00:00+00:00,21.0,33.098472595214844
2021-08-29 18:00:00+00:00,18.0,15.273149490356445
2021-08-29 19:00:00+00:00,9.0,10.736905097961426
2021-08-29 20:00:00+00:00,1.0,4.634532451629639
2021-08-29 21:00:00+00:00,0.5,-0.43296295404434204
2021-08-29 22:00:00+00:00,0.0,-0.09555906057357788
2021-08-29 23:00:00+00:00,1.0,0.3622690439224243
2021-08-30 00:00:00+00:00,1.0,1.969062089920044
2021-08-30 01:00:00+00:00,4.0,4.004621982574463
2021-08-30 02:00:00+00:00,11.0,13.663788795471191
2021-08-30 03:00:00+00:00,46.0,40.905555725097656
2021-08-30 04:00:00+00:00,44.0,58.50482940673828
2021-08-30 05:00:00+00:00,38.0,55.24879837036133
2021-08-30 06:00:00+00:00,38.0,40.48066711425781
2021-08-30 07:00:00+00:00,28.0,34.19156265258789
2021-08-30 08:00:00+00:00,35.0,27.953641891479492
2021-08-30 09:00:00+00:00,22.0,30.99329948425293
2021-08-30 10:00:00+00:00,27.0,21.5416259765625
2021-08-30 11:00:00+00:00,32.0,29.153493881225586
2021-08-30 12:00:00+00:00,41.0,37.766727447509766
2021-08-30 13:00:00+00:00,39.0,33.1955680847168
2021-08-30 14:00:00+00:00,34.0,33.847068786621094
2021-08-30 15:00:00+00:00,22.0,26.93204689025879
2021-08-30 16:00:00+00:00,18.0,17.010906219482422
2021-08-30 17:00:00+00:00,22.0,14.349241256713867
2021-08-30 18:00:00+00:00,5.0,16.098651885986328
2021-08-30 19:00:00+00:00,4.0,2.547375440597534
2021-08-30 20:00:00+00:00,1.0,3.6725471019744873
2021-08-30 21:00:00+00:00,0.5,1.2394521236419678
2021-08-30 22:00:00+00:00,0.0,-0.06480175256729126
2021-08-30 23:00:00+00:00,0.0,0.15643346309661865
2021-08-31 00:00:00+00:00,1.0,-0.1329689621925354
2021-08-31 01:00:00+00:00,1.0,3.464777708053589
2021-08-31 02:00:00+00:00,5.0,6.947953224182129
2021-08-31 03:00:00+00:00,49.0,29.474720001220703
2021-08-31 04:00:00+00:00,39.0,63.645015716552734
2021-08-31 05:00:00+00:00,40.0,48.82015609741211
2021-08-31 06:00:00+00:00,25.0,45.103389739990234
2021-08-31 07:00:00+00:00,24.0,25.698383331298828
2021-08-31 08:00:00+00:00,22.0,24.605533599853516
2021-08-31 09:00:00+00:00,40.0,20.874160766601562
2021-08-31 10:00:00+00:00,23.0,36.35941696166992
2021-08-31 11:00:00+00:00,39.0,23.96010398864746
2021-08-31 12:00:00+00:00,54.0,45.914634704589844
2021-08-31 13:00:00+00:00,36.0,43.800384521484375
2021-08-31 14:00:00+00:00,48.0,32.03678894042969
2021-08-31 15:00:00+00:00,33.0,40.196632385253906
2021-08-31 16:00:00+00:00,17.0,25.15253257751465
2021-08-31 17:00:00+00:00,7.0,13.33063793182373
2021-08-31 18:00:00+00:00,9.0,5.072166919708252
2021-08-31 19:00:00+00:00,2.0,5.45908784866333
2021-08-31 20:00:00+00:00,2.0,1.593400239944458
2021-08-31 21:00:00+00:00,1.0,2.1474123001098633
2021-08-31 22:00:00+00:00,0.0,0.22905009984970093
2021-08-31 23:00:00+00:00,0.0,0.21757280826568604
2021-09-01 00:00:00+00:00,1.0,-0.558661162853241
2021-09-01 01:00:00+00:00,3.0,2.926281690597534
2021-09-01 02:00:00+00:00,12.0,12.824560165405273
2021-09-01 03:00:00+00:00,40.0,46.092918395996094
2021-09-01 04:00:00+00:00,34.0,56.985042572021484
2021-09-01 05:00:00+00:00,30.0,36.75749969482422
2021-09-01 06:00:00+00:00,28.0,31.013294219970703
2021-09-01 07:00:00+00:00,34.0,26.74753761291504
2021-09-01 08:00:00+00:00,31.0,33.43685531616211
2021-09-01 09:00:00+00:00,30.0,27.859054565429688
2021-09-01 10:00:00+00:00,33.0,29.914539337158203
2021-09-01 11:00:00+00:00,42.0,35.35951232910156
2021-09-01 12:00:00+00:00,70.0,44.69080352783203
2021-09-01 13:00:00+00:00,17.0,59.062923431396484
2021-09-01 14:00:00+00:00,45.0,14.032983779907227
2021-09-01 15:00:00+00:00,19.0,37.65862274169922
2021-09-01 16:00:00+00:00,20.0,15.072904586791992
2021-09-01 17:00:00+00:00,13.0,15.42119026184082
2021-09-01 18:00:00+00:00,14.0,10.211968421936035
2021-09-01 19:00:00+00:00,6.0,9.387945175170898
2021-09-01 20:00:00+00:00,5.0,5.034461498260498
2021-09-01 21:00:00+00:00,3.0,4.933871746063232
2021-09-01 22:00:00+00:00,1.0,1.3137242794036865
2021-09-01 23:00:00+00:00,0.0,1.264424204826355
2021-09-02 00:00:00+00:00,1.0,-0.5106564164161682
2021-09-02 01:00:00+00:00,2.0,3.0866763591766357
2021-09-02 02:00:00+00:00,7.0,10.826254844665527
2021-09-02 03:00:00+00:00,40.0,35.76264572143555
2021-09-02 04:00:00+00:00,28.0,58.142112731933594
2021-09-02 05:00:00+00:00,30.0,31.19829559326172
2021-09-02 06:00:00+00:00,33.0,31.84075164794922
2021-09-02 07:00:00+00:00,32.0,34.17558288574219
2021-09-02 08:00:00+00:00,39.0,33.40017318725586
2021-09-02 09:00:00+00:00,33.0,35.62269973754883
2021-09-02 10:00:00+00:00,35.0,30.688840866088867
2021-09-02 11:00:00+00:00,50.0,36.53311538696289
2021-09-02 12:00:00+00:00,43.0,57.993072509765625
2021-09-02 13:00:00+00:00,40.0,37.14214324951172
2021-09-02 14:00:00+00:00,29.0,36.13187026977539
2021-09-02 15:00:00+00:00,26.0,22.702701568603516
2021-09-02 16:00:00+00:00,16.0,20.105609893798828
2021-09-02 17:00:00+00:00,14.0,13.309531211853027
2021-09-02 18:00:00+00:00,18.0,10.84234619140625
2021-09-02 19:00:00+00:00,6.0,13.12747859954834
2021-09-02 20:00:00+00:00,4.0,4.539731979370117
2021-09-02 21:00:00+00:00,2.0,3.0685198307037354
2021-09-02 22:00:00+00:00,0.0,0.8051687479019165
2021-09-02 23:00:00+00:00,1.0,0.3761956989765167
2021-09-03 00:00:00+00:00,2.0,0.7404965758323669
2021-09-03 01:00:00+00:00,0.0,4.338090419769287
2021-09-03 02:00:00+00:00,6.0,3.783475875854492
2021-09-03 03:00:00+00:00,24.0,31.004350662231445
2021-09-03 04:00:00+00:00,35.0,33.52958679199219
2021-09-03 05:00:00+00:00,34.0,45.17041778564453
2021-09-03 06:00:00+00:00,34.0,36.16686248779297
2021-09-03 07:00:00+00:00,36.0,39.44403076171875
2021-09-03 08:00:00+00:00,40.0,38.181190490722656
2021-09-03 09:00:00+00:00,36.0,39.57932662963867
2021-09-03 10:00:00+00:00,47.0,34.89162063598633
2021-09-03 11:00:00+00:00,55.0,45.89667510986328
2021-09-03 12:00:00+00:00,84.0,57.986183166503906
2021-09-03 13:00:00+00:00,61.0,98.34880828857422
2021-09-03 14:00:00+00:00,46.0,47.439048767089844
2021-09-03 15:00:00+00:00,26.0,37.537845611572266
2021-09-03 16:00:00+00:00,13.0,19.98714256286621
2021-09-03 17:00:00+00:00,15.0,10.205432891845703
2021-09-03 18:00:00+00:00,5.0,10.587451934814453
2021-09-03 19:00:00+00:00,7.0,3.3298254013061523
2021-09-03 20:00:00+00:00,1.0,5.697569370269775
2021-09-03 21:00:00+00:00,1.0,0.6679213047027588
2021-09-03 22:00:00+00:00,1.0,-0.3238139748573303
2021-09-03 23:00:00+00:00,2.0,0.6317715644836426
2021-09-04 00:00:00+00:00,0.0,2.895094633102417
2021-09-04 01:00:00+00:00,1.0,-0.6942030787467957
2021-09-04 02:00:00+00:00,4.0,0.9590166211128235
2021-09-04 03:00:00+00:00,13.0,11.67285442352295
2021-09-04 04:00:00+00:00,17.0,24.242549896240234
2021-09-04 05:00:00+00:00,24.0,35.33482360839844
2021-09-04 06:00:00+00:00,38.0,44.44990921020508
2021-09-04 07:00:00+00:00,43.0,59.82440948486328
2021-09-04 08:00:00+00:00,50.0,55.388824462890625
2021-09-04 09:00:00+00:00,31.0,61.13840103149414
2021-09-04 10:00:00+00:00,26.0,30.300020217895508
2021-09-04 11:00:00+00:00,36.0,26.805360794067383
2021-09-04 12:00:00+00:00,27.0,33.549285888671875
2021-09-04 13:00:00+00:00,24.0,24.655227661132812
2021-09-04 14:00:00+00:00,19.0,22.157196044921875
2021-09-04 15:00:00+00:00,26.0,17.30447769165039
2021-09-04 16:00:00+00:00,19.0,19.373260498046875
2021-09-04 17:00:00+00:00,9.0,12.560087203979492
2021-09-04 18:00:00+00:00,7.0,5.7579545974731445
2021-09-04 19:00:00+00:00,3.0,5.415810585021973
2021-09-04 20:00:00+00:00,2.0,3.5171942710876465
2021-09-04 21:00:00+00:00,2.0,1.2808444499969482
2021-09-04 22:00:00+00:00,2.0,1.4220588207244873
2021-09-04 23:00:00+00:00,0.0,1.4776408672332764
2021-09-05 00:00:00+00:00,0.0,0.44563838839530945
2021-09-05 01:00:00+00:00,0.0,-0.4614247679710388
2021-09-05 02:00:00+00:00,1.0,0.6987372636795044
2021-09-05 03:00:00+00:00,7.0,3.083907127380371
2021-09-05 04:00:00+00:00,8.0,12.587393760681152
2021-09-05 05:00:00+00:00,7.0,15.29212474822998
2021-09-05 06:00:00+00:00,20.0,16.200698852539062
2021-09-05 07:00:00+00:00,33.0,35.659454345703125
2021-09-05 08:00:00+00:00,55.0,44.0455436706543
2021-09-05 09:00:00+00:00,48.0,76.94401550292969
2021-09-05 10:00:00+00:00,48.0,57.256492614746094
2021-09-05 11:00:00+00:00,47.0,52.40608596801758
2021-09-05 12:00:00+00:00,80.0,50.08023452758789
2021-09-05 13:00:00+00:00,57.0,85.0179443359375
2021-09-05 14:00:00+00:00,53.0,52.446712493896484
2021-09-05 15:00:00+00:00,53.0,45.52174758911133
2021-09-05 16:00:00+00:00,37.0,41.042911529541016
2021-09-05 17:00:00+00:00,17.0,28.871732711791992
2021-09-05 18:00:00+00:00,11.0,13.823759078979492
2021-09-05 19:00:00+00:00,7.0,7.05710506439209
2021-09-05 20:00:00+00:00,0.0,3.948587417602539
2021-09-05 21:00:00+00:00,0.0,-0.7979333996772766
2021-09-05 22:00:00+00:00,0.0,-0.34730881452560425
2021-09-05 23:00:00+00:00,0.0,0.24702680110931396
2021-09-06 00:00:00+00:00,1.0,0.32069242000579834
2021-09-06 01:00:00+00:00,1.0,3.6691720485687256
2021-09-06 02:00:00+00:00,13.0,7.2357964515686035
2021-09-06 03:00:00+00:00,47.0,45.527923583984375
2021-09-06 04:00:00+00:00,50.0,64.12905883789062
2021-09-06 05:00:00+00:00,37.0,61.40262985229492
2021-09-06 06:00:00+00:00,29.0,39.70356369018555
2021-09-06 07:00:00+00:00,27.0,30.772037506103516
2021-09-06 08:00:00+00:00,41.0,31.711061477661133
2021-09-06 09:00:00+00:00,43.0,39.775062561035156
2021-09-06 10:00:00+00:00,39.0,41.40802764892578
2021-09-06 11:00:00+00:00,39.0,35.34621047973633
2021-09-06 12:00:00+00:00,60.0,44.27666091918945
2021-09-06 13:00:00+00:00,37.0,42.96925354003906
2021-09-06 14:00:00+00:00,30.0,31.4923038482666
2021-09-06 15:00:00+00:00,18.0,23.771995544433594
2021-09-06 16:00:00+00:00,20.0,14.58163070678711
2021-09-06 17:00:00+00:00,10.0,14.828958511352539
2021-09-06 18:00:00+00:00,6.0,8.705698013305664
2021-09-06 19:00:00+00:00,10.0,4.28012752532959
2021-09-06 20:00:00+00:00,3.0,7.318698883056641
2021-09-06 21:00:00+00:00,2.0,2.9986772537231445
2021-09-06 22:00:00+00:00,1.0,1.131028413772583
2021-09-06 23:00:00+00:00,0.0,1.0374606847763062
2021-09-07 00:00:00+00:00,1.0,-0.2734341025352478
2021-09-07 01:00:00+00:00,1.0,3.2971484661102295
2021-09-07 02:00:00+00:00,7.0,6.657683849334717
2021-09-07 03:00:00+00:00,48.0,36.14452362060547
2021-09-07 04:00:00+00:00,38.0,59.54338836669922
2021-09-07 05:00:00+00:00,34.0,47.71304702758789
2021-09-07 06:00:00+00:00,38.0,35.032188415527344
2021-09-07 07:00:00+00:00,41.0,35.999210357666016
2021-09-07 08:00:00+00:00,37.0,39.12396240234375
2021-09-07 09:00:00+00:00,51.0,35.67692947387695
2021-09-07 10:00:00+00:00,33.0,52.15871810913086
2021-09-07 11:00:00+00:00,33.0,34.07808303833008
2021-09-07 12:00:00+00:00,43.0,42.31675338745117
2021-09-07 13:00:00+00:00,33.0,36.59286880493164
2021-09-07 14:00:00+00:00,32.0,26.33308219909668
2021-09-07 15:00:00+00:00,18.0,25.74233627319336
2021-09-07 16:00:00+00:00,16.0,13.82856559753418
2021-09-07 17:00:00+00:00,10.0,13.069005966186523
2021-09-07 18:00:00+00:00,8.0,9.319711685180664
2021-09-07 19:00:00+00:00,4.0,5.704561710357666
2021-09-07 20:00:00+00:00,1.0,3.9234654903411865
2021-09-07 21:00:00+00:00,1.5,0.8463218212127686
2021-09-07 22:00:00+00:00,2.0,0.6551194787025452
2021-09-07 23:00:00+00:00,0.0,2.2348453998565674
2021-09-08 00:00:00+00:00,1.0,-0.5593556761741638
2021-09-08 01:00:00+00:00,0.0,3.0560853481292725
2021-09-08 02:00:00+00:00,9.0,3.0086119174957275
2021-09-08 03:00:00+00:00,49.0,41.39481735229492
2021-09-08 04:00:00+00:00,40.0,61.295127868652344
2021-09-08 05:00:00+00:00,39.0,51.079978942871094
2021-09-08 06:00:00+00:00,46.0,41.46881866455078
2021-09-08 07:00:00+00:00,31.0,46.832462310791016
2021-09-08 08:00:00+00:00,40.0,32.43952560424805
2021-09-08 09:00:00+00:00,38.0,38.09114456176758
2021-09-08 10:00:00+00:00,20.0,33.510528564453125
2021-09-08 11:00:00+00:00,35.0,21.028642654418945
2021-09-08 12:00:00+00:00,51.0,46.16818618774414
2021-09-08 13:00:00+00:00,33.0,42.42619705200195
2021-09-08 14:00:00+00:00,40.0,27.500438690185547
2021-09-08 15:00:00+00:00,27.0,32.911251068115234
2021-09-08 16:00:00+00:00,13.0,20.09610939025879
2021-09-08 17:00:00+00:00,14.0,11.126799583435059
2021-09-08 18:00:00+00:00,10.0,11.309415817260742
2021-09-08 19:00:00+00:00,3.0,6.104869365692139
2021-09-08 20:00:00+00:00,2.0,2.400402069091797
2021-09-08 21:00:00+00:00,1.0,1.7554620504379272
2021-09-08 22:00:00+00:00,0.0,0.3469098210334778
2021-09-08 23:00:00+00:00,0.0,0.22689437866210938
2021-09-09 00:00:00+00:00,1.0,-0.40933626890182495
2021-09-09 01:00:00+00:00,0.0,3.1268198490142822
2021-09-09 02:00:00+00:00,10.0,2.4554643630981445
2021-09-09 03:00:00+00:00,46.0,41.12739562988281
2021-09-09 04:00:00+00:00,28.0,59.82068634033203
2021-09-09 05:00:00+00:00,32.0,33.95632553100586
2021-09-09 06:00:00+00:00,33.0,32.0800895690918
2021-09-09 07:00:00+00:00,20.0,33.781246185302734
2021-09-09 08:00:00+00:00,47.0,22.532604217529297
2021-09-09 09:00:00+00:00,37.0,48.38859176635742
2021-09-09 10:00:00+00:00,43.0,33.49806594848633
2021-09-09 11:00:00+00:00,40.0,44.38967514038086
2021-09-09 12:00:00+00:00,76.0,42.92448806762695
2021-09-09 13:00:00+00:00,48.0,73.64775848388672
2021-09-09 14:00:00+00:00,29.0,44.494178771972656
2021-09-09 15:00:00+00:00,14.0,23.459712982177734
2021-09-09 16:00:00+00:00,16.0,12.216837882995605
2021-09-09 17:00:00+00:00,16.0,13.352035522460938
2021-09-09 18:00:00+00:00,7.0,12.37039566040039
2021-09-09 19:00:00+00:00,4.0,4.731308937072754
2021-09-09 20:00:00+00:00,1.0,3.0651767253875732
2021-09-09 21:00:00+00:00,0.5,0.07449966669082642
2021-09-09 22:00:00+00:00,0.0,-0.14697998762130737
2021-09-09 23:00:00+00:00,0.0,0.4059067964553833
2021-09-10 00:00:00+00:00,4.0,-0.6332239508628845
2021-09-10 01:00:00+00:00,1.0,6.674553394317627
2021-09-10 02:00:00+00:00,7.0,6.855445861816406
2021-09-10 03:00:00+00:00,42.0,34.910919189453125
2021-09-10 04:00:00+00:00,35.0,61.09575271606445
2021-09-10 05:00:00+00:00,30.0,45.834651947021484
2021-09-10 06:00:00+00:00,31.0,31.518861770629883
2021-09-10 07:00:00+00:00,26.0,35.95461654663086
2021-09-10 08:00:00+00:00,43.0,28.688940048217773
2021-09-10 09:00:00+00:00,50.0,45.51530456542969
2021-09-10 10:00:00+00:00,41.0,55.960269927978516
2021-09-10 11:00:00+00:00,63.0,44.63475036621094
2021-09-10 12:00:00+00:00,72.0,70.45392608642578
2021-09-10 13:00:00+00:00,65.0,70.23127746582031
2021-09-10 14:00:00+00:00,46.0,53.63148498535156
2021-09-10 15:00:00+00:00,25.0,37.852256774902344
2021-09-10 16:00:00+00:00,14.0,19.15337371826172
2021-09-10 17:00:00+00:00,14.0,10.738734245300293
2021-09-10 18:00:00+00:00,5.0,10.354297637939453
2021-09-10 19:00:00+00:00,9.0,3.5903778076171875
2021-09-10 20:00:00+00:00,1.0,6.892114162445068
2021-09-10 21:00:00+00:00,1.0,0.4431670308113098
2021-09-10 22:00:00+00:00,1.0,-0.087074875831604
2021-09-10 23:00:00+00:00,0.0,0.7685489058494568
2021-09-11 00:00:00+00:00,0.0,-0.047387123107910156
2021-09-11 01:00:00+00:00,2.0,-0.7228196263313293
2021-09-11 02:00:00+00:00,2.0,2.765005588531494
2021-09-11 03:00:00+00:00,11.0,7.191470623016357
2021-09-11 04:00:00+00:00,14.0,20.84889793395996
2021-09-11 05:00:00+00:00,21.0,28.105878829956055
2021-09-11 06:00:00+00:00,41.0,43.30171585083008
2021-09-11 07:00:00+00:00,47.0,64.87755584716797
2021-09-11 08:00:00+00:00,40.0,62.99507141113281
2021-09-11 09:00:00+00:00,43.0,44.30327606201172
2021-09-11 10:00:00+00:00,31.0,44.729496002197266
2021-09-11 11:00:00+00:00,22.0,30.411304473876953
2021-09-11 12:00:00+00:00,21.0,19.537200927734375
2021-09-11 13:00:00+00:00,22.0,19.934040069580078
2021-09-11 14:00:00+00:00,18.0,20.246261596679688
2021-09-11 15:00:00+00:00,23.0,15.410516738891602
2021-09-11 16:00:00+00:00,16.0,16.96602439880371
2021-09-11 17:00:00+00:00,15.0,11.515301704406738
2021-09-11 18:00:00+00:00,11.0,10.173544883728027
2021-09-11 19:00:00+00:00,2.0,8.165186882019043
2021-09-11 20:00:00+00:00,1.0,1.0758839845657349
2021-09-11 21:00:00+00:00,1.5,0.15545517206192017
2021-09-11 22:00:00+00:00,2.0,0.8776505589485168
2021-09-11 23:00:00+00:00,1.0,1.813812494277954
2021-09-12 00:00:00+00:00,1.0,0.9375972747802734
2021-09-12 01:00:00+00:00,1.0,0.9086024761199951
2021-09-12 02:00:00+00:00,2.0,1.6809589862823486
2021-09-12 03:00:00+00:00,2.0,4.870396137237549
2021-09-12 04:00:00+00:00,8.0,4.1397199630737305
2021-09-12 05:00:00+00:00,15.0,14.262398719787598
2021-09-12 06:00:00+00:00,33.0,27.915695190429688
2021-09-12 07:00:00+00:00,34.0,58.97863006591797
2021-09-12 08:00:00+00:00,42.0,48.60100173950195
2021-09-12 09:00:00+00:00,45.0,60.63042449951172
2021-09-12 10:00:00+00:00,49.0,53.449798583984375
2021-09-12 11:00:00+00:00,56.0,53.02696228027344
2021-09-12 12:00:00+00:00,55.0,59.93495559692383
2021-09-12 13:00:00+00:00,59.0,55.13095474243164
2021-09-12 14:00:00+00:00,53.0,55.69380569458008
2021-09-12 15:00:00+00:00,43.0,45.719051361083984
2021-09-12 16:00:00+00:00,45.0,37.61540222167969
2021-09-12 17:00:00+00:00,26.0,36.9745979309082
2021-09-12 18:00:00+00:00,8.0,21.446186065673828
2021-09-12 19:00:00+00:00,5.0,4.394189357757568
2021-09-12 20:00:00+00:00,0.0,2.6420705318450928
2021-09-12 21:00:00+00:00,0.0,-0.6008161902427673
2021-09-12 22:00:00+00:00,0.0,-0.18468135595321655
2021-09-12 23:00:00+00:00,1.0,0.155345618724823
2021-09-13 00:00:00+00:00,1.0,1.9153330326080322
2021-09-13 01:00:00+00:00,3.0,3.525554656982422
2021-09-13 02:00:00+00:00,13.0,12.220659255981445
2021-09-13 03:00:00+00:00,51.0,47.21724319458008
2021-09-13 04:00:00+00:00,41.0,63.40437698364258
2021-09-13 05:00:00+00:00,36.0,53.34588623046875
2021-09-13 06:00:00+00:00,34.0,32.356449127197266
2021-09-13 07:00:00+00:00,39.0,34.43263626098633
2021-09-13 08:00:00+00:00,37.0,37.38343048095703
2021-09-13 09:00:00+00:00,37.0,33.51066970825195
2021-09-13 10:00:00+00:00,32.0,31.93399429321289
2021-09-13 11:00:00+00:00,41.0,33.62794876098633
2021-09-13 12:00:00+00:00,55.0,44.70827102661133
2021-09-13 13:00:00+00:00,37.0,41.67132568359375
2021-09-13 14:00:00+00:00,30.0,32.42049789428711
2021-09-13 15:00:00+00:00,32.0,23.699378967285156
2021-09-13 16:00:00+00:00,14.0,25.30746078491211
2021-09-13 17:00:00+00:00,8.0,12.271851539611816
2021-09-13 18:00:00+00:00,12.0,6.720410346984863
2021-09-13 19:00:00+00:00,4.0,7.401800155639648
2021-09-13 20:00:00+00:00,1.0,3.899496555328369
2021-09-13 21:00:00+00:00,0.5,1.0315861701965332
2021-09-13 22:00:00+00:00,0.0,-0.13628345727920532
2021-09-13 23:00:00+00:00,0.0,-0.05432486534118652
2021-09-14 00:00:00+00:00,0.0,-0.18895965814590454
2021-09-14 01:00:00+00:00,3.0,1.5525462627410889
2021-09-14 02:00:00+00:00,9.0,11.416766166687012
2021-09-14 03:00:00+00:00,45.0,41.399925231933594
2021-09-14 04:00:00+00:00,31.0,56.689945220947266
2021-09-14 05:00:00+00:00,38.0,35.19345474243164
2021-09-14 06:00:00+00:00,26.0,43.14912033081055
2021-09-14 07:00:00+00:00,48.0,25.901960372924805
2021-09-14 08:00:00+00:00,41.0,51.80030059814453
2021-09-14 09:00:00+00:00,27.0,40.05255889892578
2021-09-14 10:00:00+00:00,40.0,26.901042938232422
2021-09-14 11:00:00+00:00,41.0,41.065162658691406
2021-09-14 12:00:00+00:00,53.0,46.43433380126953
2021-09-14 13:00:00+00:00,30.0,40.82939910888672
2021-09-14 14:00:00+00:00,34.0,23.988208770751953
2021-09-14 15:00:00+00:00,22.0,26.854116439819336
2021-09-14 16:00:00+00:00,10.0,16.489925384521484
2021-09-14 17:00:00+00:00,14.0,9.461852073669434
2021-09-14 18:00:00+00:00,12.0,11.490642547607422
2021-09-14 19:00:00+00:00,6.0,7.473488807678223
2021-09-14 20:00:00+00:00,4.0,5.190287113189697
2021-09-14 21:00:00+00:00,2.0,4.299395561218262
2021-09-14 22:00:00+00:00,0.0,1.0191229581832886
2021-09-14 23:00:00+00:00,0.0,0.05698812007904053
2021-09-15 00:00:00+00:00,1.0,-0.4649173617362976
2021-09-15 01:00:00+00:00,2.0,2.8987348079681396
2021-09-15 02:00:00+00:00,7.0,9.862931251525879
2021-09-15 03:00:00+00:00,39.0,36.63308334350586
2021-09-15 04:00:00+00:00,40.0,54.24201583862305
2021-09-15 05:00:00+00:00,29.0,51.37157440185547
2021-09-15 06:00:00+00:00,33.0,30.252532958984375
2021-09-15 07:00:00+00:00,27.0,33.32682418823242
2021-09-15 08:00:00+00:00,39.0,28.389225006103516
2021-09-15 09:00:00+00:00,22.0,37.02260971069336
2021-09-15 10:00:00+00:00,26.0,21.71781349182129
2021-09-15 11:00:00+00:00,44.0,28.866130828857422
2021-09-15 12:00:00+00:00,63.0,49.1602668762207
2021-09-15 13:00:00+00:00,44.0,47.57722473144531
2021-09-15 14:00:00+00:00,39.0,37.78631591796875
2021-09-15 15:00:00+00:00,30.0,31.979265213012695
2021-09-15 16:00:00+00:00,33.0,22.660900115966797
2021-09-15 17:00:00+00:00,15.0,24.01832389831543
2021-09-15 18:00:00+00:00,3.0,11.638589859008789
2021-09-15 19:00:00+00:00,4.0,1.8472377061843872
2021-09-15 20:00:00+00:00,2.0,3.3264424800872803
2021-09-15 21:00:00+00:00,1.0,1.5343049764633179
2021-09-15 22:00:00+00:00,0.0,0.1134154200553894
2021-09-15 23:00:00+00:00,1.0,0.22359150648117065
2021-09-16 00:00:00+00:00,1.0,0.9807305335998535
2021-09-16 01:00:00+00:00,0.0,3.2485010623931885
2021-09-16 02:00:00+00:00,6.0,2.8207895755767822
2021-09-16 03:00:00+00:00,43.0,32.53297805786133
2021-09-16 04:00:00+00:00,36.0,58.354949951171875
2021-09-16 05:00:00+00:00,31.0,46.581722259521484
2021-09-16 06:00:00+00:00,38.0,31.290010452270508
2021-09-16 07:00:00+00:00,29.0,37.46797180175781
2021-09-16 08:00:00+00:00,42.0,31.379526138305664
2021-09-16 09:00:00+00:00,30.0,40.760887145996094
2021-09-16 10:00:00+00:00,34.0,29.928668975830078
2021-09-16 11:00:00+00:00,61.0,36.500274658203125
2021-09-16 12:00:00+00:00,64.0,75.69355773925781
2021-09-16 13:00:00+00:00,38.0,51.02275085449219
2021-09-16 14:00:00+00:00,33.0,34.283531188964844
2021-09-16 15:00:00+00:00,27.0,28.086467742919922
2021-09-16 16:00:00+00:00,8.0,21.12489128112793
2021-09-16 17:00:00+00:00,11.0,7.259112358093262
2021-09-16 18:00:00+00:00,18.0,8.69068717956543
2021-09-16 19:00:00+00:00,2.0,12.697203636169434
2021-09-16 20:00:00+00:00,2.0,1.252950668334961
2021-09-16 21:00:00+00:00,1.0,0.9599485397338867
2021-09-16 22:00:00+00:00,0.0,0.05789601802825928
2021-09-16 23:00:00+00:00,2.0,0.38705095648765564
2021-09-17 00:00:00+00:00,1.0,2.667058229446411
2021-09-17 01:00:00+00:00,0.0,2.4705309867858887
2021-09-17 02:00:00+00:00,7.0,3.4756689071655273
2021-09-17 03:00:00+00:00,35.0,34.76226806640625
2021-09-17 04:00:00+00:00,27.0,50.8471565246582
2021-09-17 05:00:00+00:00,27.0,31.187667846679688
2021-09-17 06:00:00+00:00,45.0,29.207578659057617
2021-09-17 07:00:00+00:00,35.0,54.48870086669922
2021-09-17 08:00:00+00:00,39.0,37.79475021362305
2021-09-17 09:00:00+00:00,41.0,37.77458190917969
2021-09-17 10:00:00+00:00,53.0,39.876365661621094
2021-09-17 11:00:00+00:00,51.0,57.79823684692383
2021-09-17 12:00:00+00:00,86.0,54.60779571533203
2021-09-17 13:00:00+00:00,62.0,95.05712127685547
2021-09-17 14:00:00+00:00,57.0,48.26420593261719
2021-09-17 15:00:00+00:00,24.0,43.137203216552734
2021-09-17 16:00:00+00:00,23.0,18.44791603088379
2021-09-17 17:00:00+00:00,11.0,18.005109786987305
2021-09-17 18:00:00+00:00,5.0,8.199973106384277
2021-09-17 19:00:00+00:00,3.0,3.7990286350250244
2021-09-17 20:00:00+00:00,1.0,2.5193798542022705
2021-09-17 21:00:00+00:00,0.5,0.5069745779037476
2021-09-17 22:00:00+00:00,0.0,-0.6806216835975647
2021-09-17 23:00:00+00:00,0.0,-0.3634682297706604
2021-09-18 00:00:00+00:00,1.0,-0.04841989278793335
2021-09-18 01:00:00+00:00,1.0,-0.15456026792526245
2021-09-18 02:00:00+00:00,6.0,0.7914518117904663
2021-09-18 03:00:00+00:00,14.0,14.524840354919434
2021-09-18 04:00:00+00:00,16.0,26.73854637145996
2021-09-18 05:00:00+00:00,17.0,34.015235900878906
2021-09-18 06:00:00+00:00,33.0,38.796016693115234
2021-09-18 07:00:00+00:00,41.0,47.63250732421875
2021-09-18 08:00:00+00:00,59.0,52.45000076293945
2021-09-18 09:00:00+00:00,26.0,72.91130065917969
2021-09-18 10:00:00+00:00,30.0,27.756017684936523
2021-09-18 11:00:00+00:00,35.0,29.902700424194336
2021-09-18 12:00:00+00:00,25.0,33.38611602783203
2021-09-18 13:00:00+00:00,33.0,23.020851135253906
2021-09-18 14:00:00+00:00,27.0,27.983827590942383
2021-09-18 15:00:00+00:00,26.0,22.61213493347168
2021-09-18 16:00:00+00:00,15.0,19.12818717956543
2021-09-18 17:00:00+00:00,10.0,10.13331127166748
2021-09-18 18:00:00+00:00,5.0,6.515232563018799
2021-09-18 19:00:00+00:00,9.0,4.029963970184326
2021-09-18 20:00:00+00:00,0.0,8.520307540893555
2021-09-18 21:00:00+00:00,0.0,-0.5707663893699646
2021-09-18 22:00:00+00:00,0.0,-0.7171346545219421
2021-09-18 23:00:00+00:00,0.0,-0.5948932766914368
2021-09-19 00:00:00+00:00,0.0,0.11176228523254395
2021-09-19 01:00:00+00:00,0.0,-0.4192480444908142
2021-09-19 02:00:00+00:00,1.0,0.6380329728126526
2021-09-19 03:00:00+00:00,3.0,3.6678059101104736
2021-09-19 04:00:00+00:00,6.0,6.648881435394287
2021-09-19 05:00:00+00:00,12.0,9.391755104064941
2021-09-19 06:00:00+00:00,15.0,22.86859130859375
2021-09-19 07:00:00+00:00,26.0,27.551891326904297
2021-09-19 08:00:00+00:00,43.0,36.82045364379883
2021-09-19 09:00:00+00:00,44.0,59.27031707763672
2021-09-19 10:00:00+00:00,64.0,48.70172119140625
2021-09-19 11:00:00+00:00,60.0,71.24946594238281
2021-09-19 12:00:00+00:00,34.0,65.01802062988281
2021-09-19 13:00:00+00:00,68.0,38.362552642822266
2021-09-19 14:00:00+00:00,63.0,63.792911529541016
2021-09-19 15:00:00+00:00,66.0,53.96237564086914
2021-09-19 16:00:00+00:00,36.0,51.12274932861328
2021-09-19 17:00:00+00:00,27.0,28.708703994750977
2021-09-19 18:00:00+00:00,13.0,21.723623275756836
2021-09-19 19:00:00+00:00,5.0,7.8189778327941895
2021-09-19 20:00:00+00:00,0.0,2.7706782817840576
2021-09-19 21:00:00+00:00,0.0,-0.7045766711235046
2021-09-19 22:00:00+00:00,0.0,-0.2021276354789734
2021-09-19 23:00:00+00:00,0.0,0.2791069746017456
2021-09-20 00:00:00+00:00,1.0,0.33200550079345703
2021-09-20 01:00:00+00:00,2.0,3.6149954795837402
2021-09-20 02:00:00+00:00,13.0,10.304550170898438
2021-09-20 03:00:00+00:00,41.0,48.33075714111328
2021-09-20 04:00:00+00:00,37.0,54.3064079284668
2021-09-20 05:00:00+00:00,37.0,44.48614501953125
2021-09-20 06:00:00+00:00,45.0,35.206295013427734
2021-09-20 07:00:00+00:00,38.0,40.80431365966797
2021-09-20 08:00:00+00:00,34.0,34.571319580078125
2021-09-20 09:00:00+00:00,44.0,30.160200119018555
2021-09-20 10:00:00+00:00,34.0,42.10922622680664
2021-09-20 11:00:00+00:00,51.0,35.19520568847656
2021-09-20 12:00:00+00:00,54.0,61.72278594970703
2021-09-20 13:00:00+00:00,27.0,41.895973205566406
2021-09-20 14:00:00+00:00,30.0,21.9674129486084
2021-09-20 15:00:00+00:00,31.0,23.684791564941406
2021-09-20 16:00:00+00:00,12.0,23.408971786499023
2021-09-20 17:00:00+00:00,10.0,11.121323585510254
2021-09-20 18:00:00+00:00,7.0,7.776313781738281
2021-09-20 19:00:00+00:00,13.0,4.50970983505249
2021-09-20 20:00:00+00:00,4.0,8.732128143310547
2021-09-20 21:00:00+00:00,3.0,3.5063412189483643
2021-09-20 22:00:00+00:00,2.0,1.8554644584655762
2021-09-20 23:00:00+00:00,3.0,2.183222532272339
2021-09-21 00:00:00+00:00,1.0,3.9918627738952637
2021-09-21 01:00:00+00:00,0.0,3.148541212081909
2021-09-21 02:00:00+00:00,7.0,4.4044508934021
2021-09-21 03:00:00+00:00,47.0,35.571895599365234
2021-09-21 04:00:00+00:00,38.0,61.063568115234375
2021-09-21 05:00:00+00:00,23.0,46.9923095703125
2021-09-21 06:00:00+00:00,42.0,20.65441131591797
2021-09-21 07:00:00+00:00,37.0,38.17127227783203
2021-09-21 08:00:00+00:00,35.0,35.6802864074707
2021-09-21 09:00:00+00:00,33.0,31.10219955444336
2021-09-21 10:00:00+00:00,30.0,31.180023193359375
2021-09-21 11:00:00+00:00,39.0,34.09030532836914
2021-09-21 12:00:00+00:00,49.0,44.2136344909668
2021-09-21 13:00:00+00:00,47.0,40.806365966796875
2021-09-21 14:00:00+00:00,38.0,38.58235168457031
2021-09-21 15:00:00+00:00,14.0,30.94948959350586
2021-09-21 16:00:00+00:00,13.0,11.557469367980957
2021-09-21 17:00:00+00:00,9.0,11.300529479980469
2021-09-21 18:00:00+00:00,10.0,7.265937805175781
2021-09-21 19:00:00+00:00,19.0,6.203001976013184
2021-09-21 20:00:00+00:00,4.0,11.805802345275879
2021-09-21 21:00:00+00:00,3.5,3.668652296066284
2021-09-21 22:00:00+00:00,3.0,2.1060023307800293
2021-09-21 23:00:00+00:00,0.0,3.2866616249084473
2021-09-22 00:00:00+00:00,2.0,-0.32588356733322144
2021-09-22 01:00:00+00:00,3.0,4.661984920501709
2021-09-22 02:00:00+00:00,9.0,12.252209663391113
2021-09-22 03:00:00+00:00,38.0,40.094234466552734
2021-09-22 04:00:00+00:00,43.0,56.7480354309082
2021-09-22 05:00:00+00:00,33.0,54.73940658569336
2021-09-22 06:00:00+00:00,32.0,33.042240142822266
2021-09-22 07:00:00+00:00,26.0,32.24505615234375
2021-09-22 08:00:00+00:00,36.0,27.95111846923828
2021-09-22 09:00:00+00:00,39.0,32.83353805541992
2021-09-22 10:00:00+00:00,46.0,35.87014389038086
2021-09-22 11:00:00+00:00,38.0,48.1948127746582
2021-09-22 12:00:00+00:00,60.0,45.15203857421875
2021-09-22 13:00:00+00:00,36.0,42.67317199707031
2021-09-22 14:00:00+00:00,36.0,30.984941482543945
2021-09-22 15:00:00+00:00,26.0,28.894826889038086
2021-09-22 16:00:00+00:00,15.0,19.75022315979004
2021-09-22 17:00:00+00:00,14.0,12.208044052124023
2021-09-22 18:00:00+00:00,12.0,11.475093841552734
2021-09-22 19:00:00+00:00,8.0,7.393754482269287
2021-09-22 20:00:00+00:00,2.0,5.904569625854492
2021-09-22 21:00:00+00:00,1.0,1.488306999206543
2021-09-22 22:00:00+00:00,0.0,0.12013596296310425
2021-09-22 23:00:00+00:00,2.0,0.248274564743042
2021-09-23 00:00:00+00:00,2.0,2.4414823055267334
2021-09-23 01:00:00+00:00,2.0,4.540847301483154
2021-09-23 02:00:00+00:00,14.0,9.342466354370117
2021-09-23 03:00:00+00:00,36.0,53.43699264526367
2021-09-23 04:00:00+00:00,38.0,53.57562255859375
2021-09-23 05:00:00+00:00,31.0,49.49431610107422
2021-09-23 06:00:00+00:00,37.0,31.937231063842773
2021-09-23 07:00:00+00:00,32.0,34.92720031738281
2021-09-23 08:00:00+00:00,37.0,33.88740921020508
2021-09-23 09:00:00+00:00,42.0,34.355796813964844
2021-09-23 10:00:00+00:00,31.0,40.884315490722656
2021-09-23 11:00:00+00:00,32.0,34.872314453125
2021-09-23 12:00:00+00:00,55.0,40.313114166259766
2021-09-23 13:00:00+00:00,43.0,44.34842300415039
2021-09-23 14:00:00+00:00,26.0,38.34718704223633
2021-09-23 15:00:00+00:00,24.0,19.954906463623047
2021-09-23 16:00:00+00:00,20.0,17.676851272583008
2021-09-23 17:00:00+00:00,8.0,16.07678985595703
2021-09-23 18:00:00+00:00,15.0,6.773679256439209
2021-09-23 19:00:00+00:00,8.0,10.010621070861816
2021-09-23 20:00:00+00:00,6.0,5.612867832183838
2021-09-23 21:00:00+00:00,3.5,4.655268669128418
2021-09-23 22:00:00+00:00,1.0,1.8639538288116455
2021-09-23 23:00:00+00:00,1.0,1.4010894298553467
2021-09-24 00:00:00+00:00,0.0,0.8604477643966675
2021-09-24 01:00:00+00:00,0.0,0.5692124366760254
2021-09-24 02:00:00+00:00,10.0,3.9580602645874023
2021-09-24 03:00:00+00:00,42.0,40.62794876098633
2021-09-24 04:00:00+00:00,32.0,58.90068435668945
2021-09-24 05:00:00+00:00,34.0,39.96135711669922
2021-09-24 06:00:00+00:00,30.0,39.772560119628906
2021-09-24 07:00:00+00:00,28.0,34.879764556884766
2021-09-24 08:00:00+00:00,27.0,31.480648040771484
2021-09-24 09:00:00+00:00,38.0,26.792034149169922
2021-09-24 10:00:00+00:00,42.0,36.977481842041016
2021-09-24 11:00:00+00:00,48.0,42.34931564331055
2021-09-24 12:00:00+00:00,71.0,54.461395263671875
2021-09-24 13:00:00+00:00,58.0,66.49738311767578
2021-09-24 14:00:00+00:00,42.0,47.00218963623047
2021-09-24 15:00:00+00:00,30.0,35.25392150878906
2021-09-24 16:00:00+00:00,12.0,22.56609535217285
2021-09-24 17:00:00+00:00,7.0,9.274227142333984
2021-09-24 18:00:00+00:00,4.0,6.03354549407959
2021-09-24 19:00:00+00:00,5.0,3.139803409576416
2021-09-24 20:00:00+00:00,2.0,3.800485849380493
2021-09-24 21:00:00+00:00,1.0,1.1841342449188232
2021-09-24 22:00:00+00:00,0.0,-0.18711704015731812
2021-09-24 23:00:00+00:00,2.0,-0.20053213834762573
2021-09-25 00:00:00+00:00,0.0,2.7594966888427734
2021-09-25 01:00:00+00:00,0.0,-0.687582790851593
2021-09-25 02:00:00+00:00,4.0,0.4837900996208191
2021-09-25 03:00:00+00:00,10.0,11.279597282409668
2021-09-25 04:00:00+00:00,13.0,19.4711971282959
2021-09-25 05:00:00+00:00,27.0,26.766029357910156
2021-09-25 06:00:00+00:00,39.0,50.18257522583008
2021-09-25 07:00:00+00:00,34.0,60.7358512878418
2021-09-25 08:00:00+00:00,43.0,41.10145568847656
2021-09-25 09:00:00+00:00,38.0,46.553138732910156
2021-09-25 10:00:00+00:00,38.0,36.140464782714844
2021-09-25 11:00:00+00:00,24.0,31.424116134643555
2021-09-25 12:00:00+00:00,23.0,21.90674591064453
2021-09-25 13:00:00+00:00,28.0,20.76587677001953
2021-09-25 14:00:00+00:00,25.0,25.17515754699707
2021-09-25 15:00:00+00:00,14.0,21.19870948791504
2021-09-25 16:00:00+00:00,13.0,10.41836166381836
2021-09-25 17:00:00+00:00,7.0,9.625921249389648
2021-09-25 18:00:00+00:00,5.0,4.661430835723877
2021-09-25 19:00:00+00:00,1.0,3.7360610961914062
2021-09-25 20:00:00+00:00,1.0,0.38106611371040344
2021-09-25 21:00:00+00:00,2.5,0.25912928581237793
2021-09-25 22:00:00+00:00,4.0,1.6817036867141724
2021-09-25 23:00:00+00:00,2.0,3.2225165367126465
2021-09-26 00:00:00+00:00,1.0,2.7492668628692627
2021-09-26 01:00:00+00:00,1.0,0.5253120064735413
2021-09-26 02:00:00+00:00,3.0,0.7160955667495728
2021-09-26 03:00:00+00:00,6.0,5.8854217529296875
2021-09-26 04:00:00+00:00,8.0,11.871768951416016
2021-09-26 05:00:00+00:00,8.0,14.650185585021973
2021-09-26 06:00:00+00:00,21.0,17.874286651611328
2021-09-26 07:00:00+00:00,28.0,39.71814727783203
2021-09-26 08:00:00+00:00,46.0,39.54864501953125
2021-09-26 09:00:00+00:00,54.0,65.01719665527344
2021-09-26 10:00:00+00:00,48.0,68.25080108642578
2021-09-26 11:00:00+00:00,66.0,53.50572967529297
2021-09-26 12:00:00+00:00,60.0,72.94896697998047
2021-09-26 13:00:00+00:00,79.0,59.307403564453125
2021-09-26 14:00:00+00:00,50.0,79.2999496459961
2021-09-26 15:00:00+00:00,61.0,42.94864273071289
2021-09-26 16:00:00+00:00,36.0,45.45862579345703
2021-09-26 17:00:00+00:00,18.0,29.913860321044922
2021-09-26 18:00:00+00:00,7.0,12.970927238464355
2021-09-26 19:00:00+00:00,5.0,3.8210608959198
2021-09-26 20:00:00+00:00,1.0,2.6439223289489746
2021-09-26 21:00:00+00:00,0.5,0.1497085690498352
2021-09-26 22:00:00+00:00,0.0,0.1517656445503235
2021-09-26 23:00:00+00:00,1.0,0.15011626482009888
2021-09-27 00:00:00+00:00,1.0,1.99241304397583
2021-09-27 01:00:00+00:00,4.0,3.7300431728363037
2021-09-27 02:00:00+00:00,18.0,13.821311950683594
2021-09-27 03:00:00+00:00,52.0,65.43404388427734
2021-09-27 04:00:00+00:00,45.0,62.106468200683594
2021-09-27 05:00:00+00:00,20.0,54.07349395751953
2021-09-27 06:00:00+00:00,39.0,17.76534080505371
2021-09-27 07:00:00+00:00,34.0,35.77135467529297
2021-09-27 08:00:00+00:00,26.0,31.241188049316406
2021-09-27 09:00:00+00:00,25.0,25.377470016479492
2021-09-27 10:00:00+00:00,39.0,26.084028244018555
2021-09-27 11:00:00+00:00,30.0,37.227577209472656
2021-09-27 12:00:00+00:00,63.0,35.871891021728516
2021-09-27 13:00:00+00:00,27.0,46.951446533203125
2021-09-27 14:00:00+00:00,44.0,21.661880493164062
2021-09-27 15:00:00+00:00,25.0,37.39720916748047
2021-09-27 16:00:00+00:00,26.0,19.010295867919922
2021-09-27 17:00:00+00:00,10.0,19.12588119506836
2021-09-27 18:00:00+00:00,9.0,7.82205057144165
2021-09-27 19:00:00+00:00,8.0,5.5240278244018555
2021-09-27 20:00:00+00:00,2.0,6.322107315063477
2021-09-27 21:00:00+00:00,1.0,1.8999130725860596
2021-09-27 22:00:00+00:00,0.0,0.2934221625328064
2021-09-27 23:00:00+00:00,0.0,0.02261286973953247
2021-09-28 00:00:00+00:00,2.0,-0.2821734547615051
2021-09-28 01:00:00+00:00,0.0,4.7605743408203125
2021-09-28 02:00:00+00:00,8.0,4.357467174530029
2021-09-28 03:00:00+00:00,46.0,38.56957244873047
2021-09-28 04:00:00+00:00,29.0,59.78224182128906
2021-09-28 05:00:00+00:00,28.0,30.35727882385254
2021-09-28 06:00:00+00:00,34.0,27.5462703704834
2021-09-28 07:00:00+00:00,37.0,32.59663391113281
2021-09-28 08:00:00+00:00,30.0,35.007389068603516
2021-09-28 09:00:00+00:00,15.0,26.973257064819336
2021-09-28 10:00:00+00:00,31.0,14.327942848205566
2021-09-28 11:00:00+00:00,36.0,35.116390228271484
2021-09-28 12:00:00+00:00,51.0,46.54926300048828
2021-09-28 13:00:00+00:00,46.0,39.548919677734375
2021-09-28 14:00:00+00:00,36.0,38.25552749633789
2021-09-28 15:00:00+00:00,25.0,28.57075309753418
2021-09-28 16:00:00+00:00,18.0,18.379383087158203
2021-09-28 17:00:00+00:00,15.0,14.559757232666016
2021-09-28 18:00:00+00:00,8.0,11.60594367980957
2021-09-28 19:00:00+00:00,3.0,5.008418083190918
2021-09-28 20:00:00+00:00,1.0,2.526231050491333
2021-09-28 21:00:00+00:00,0.5,0.8356707692146301
2021-09-28 22:00:00+00:00,0.0,-0.25397413969039917
2021-09-28 23:00:00+00:00,0.0,0.048733532428741455
2021-09-29 00:00:00+00:00,1.0,-0.5018787980079651
2021-09-29 01:00:00+00:00,3.0,3.257857084274292
2021-09-29 02:00:00+00:00,10.0,12.455224990844727
2021-09-29 03:00:00+00:00,39.0,39.50266647338867
2021-09-29 04:00:00+00:00,46.0,49.13130569458008
2021-09-29 05:00:00+00:00,24.0,55.69837188720703
2021-09-29 06:00:00+00:00,39.0,21.092266082763672
2021-09-29 07:00:00+00:00,34.0,33.71583557128906
2021-09-29 08:00:00+00:00,34.0,32.7301139831543
2021-09-29 09:00:00+00:00,30.0,30.95116424560547
2021-09-29 10:00:00+00:00,23.0,28.89424705505371
2021-09-29 11:00:00+00:00,40.0,27.19658088684082
2021-09-29 12:00:00+00:00,57.0,48.57769012451172
2021-09-29 13:00:00+00:00,37.0,41.47117614746094
2021-09-29 14:00:00+00:00,41.0,32.197486877441406
2021-09-29 15:00:00+00:00,24.0,33.96648025512695
2021-09-29 16:00:00+00:00,14.0,17.541215896606445
2021-09-29 17:00:00+00:00,12.0,12.475417137145996
2021-09-29 18:00:00+00:00,11.0,9.770331382751465
2021-09-29 19:00:00+00:00,1.0,6.669203281402588
2021-09-29 20:00:00+00:00,1.0,0.4765993654727936
2021-09-29 21:00:00+00:00,1.5,0.6722686290740967
2021-09-29 22:00:00+00:00,2.0,0.533949613571167
2021-09-29 23:00:00+00:00,0.0,2.411036491394043
2021-09-30 00:00:00+00:00,0.0,-0.41580814123153687
2021-09-30 01:00:00+00:00,1.0,0.7026499509811401
2021-09-30 02:00:00+00:00,10.0,6.0939202308654785
2021-09-30 03:00:00+00:00,42.0,40.33911895751953
2021-09-30 04:00:00+00:00,32.0,53.282745361328125
2021-09-30 05:00:00+00:00,34.0,35.33284378051758
2021-09-30 06:00:00+00:00,34.0,35.25170135498047
2021-09-30 07:00:00+00:00,38.0,32.3200798034668
2021-09-30 08:00:00+00:00,37.0,34.435516357421875
2021-09-30 09:00:00+00:00,49.0,34.517093658447266
2021-09-30 10:00:00+00:00,39.0,50.51946258544922
2021-09-30 11:00:00+00:00,38.0,41.5761604309082
2021-09-30 12:00:00+00:00,69.0,44.23325729370117
2021-09-30 13:00:00+00:00,36.0,56.634788513183594
2021-09-30 14:00:00+00:00,33.0,31.986135482788086
2021-09-30 15:00:00+00:00,15.0,26.137815475463867
2021-09-30 16:00:00+00:00,16.0,12.415397644042969
2021-09-30 17:00:00+00:00,10.0,12.858230590820312
2021-09-30 18:00:00+00:00,8.0,8.434244155883789
2021-09-30 19:00:00+00:00,8.0,5.200350761413574
2021-09-30 20:00:00+00:00,3.0,5.546203136444092
2021-09-30 21:00:00+00:00,2.0,1.5189586877822876
2021-09-30 22:00:00+00:00,1.0,0.753203272819519
2021-09-30 23:00:00+00:00,1.0,1.3700169324874878
2021-10-01 00:00:00+00:00,1.0,0.5101633071899414
2021-10-01 01:00:00+00:00,1.0,1.8238670825958252
2021-10-01 02:00:00+00:00,5.0,5.700174808502197
2021-10-01 03:00:00+00:00,33.0,27.469762802124023
2021-10-01 04:00:00+00:00,30.0,45.16021728515625
2021-10-01 05:00:00+00:00,26.0,35.07267379760742
2021-10-01 06:00:00+00:00,27.0,27.439048767089844
2021-10-01 07:00:00+00:00,27.0,28.841636657714844
2021-10-01 08:00:00+00:00,40.0,29.49750328063965
2021-10-01 09:00:00+00:00,43.0,39.5506591796875
2021-10-01 10:00:00+00:00,48.0,42.23761749267578
2021-10-01 11:00:00+00:00,54.0,46.55928039550781
2021-10-01 12:00:00+00:00,67.0,55.060951232910156
2021-10-01 13:00:00+00:00,64.0,52.893531799316406
2021-10-01 14:00:00+00:00,54.0,52.923091888427734
2021-10-01 15:00:00+00:00,25.0,41.823429107666016
2021-10-01 16:00:00+00:00,16.0,19.60887336730957
2021-10-01 17:00:00+00:00,15.0,12.967588424682617
2021-10-01 18:00:00+00:00,10.0,11.884632110595703
2021-10-01 19:00:00+00:00,2.0,7.180243015289307
2021-10-01 20:00:00+00:00,3.0,2.010974407196045
2021-10-01 21:00:00+00:00,1.5,2.6527421474456787
2021-10-01 22:00:00+00:00,0.0,0.48290035128593445
2021-10-01 23:00:00+00:00,1.0,-0.5038543343544006
2021-10-02 00:00:00+00:00,2.0,1.0272632837295532
2021-10-02 01:00:00+00:00,2.0,1.293515920639038
2021-10-02 02:00:00+00:00,3.0,1.678490400314331
2021-10-02 03:00:00+00:00,4.0,8.764005661010742
2021-10-02 04:00:00+00:00,16.0,8.74199104309082
2021-10-02 05:00:00+00:00,26.0,34.543148040771484
2021-10-02 06:00:00+00:00,36.0,47.297767639160156
2021-10-02 07:00:00+00:00,47.0,57.11215591430664
2021-10-02 08:00:00+00:00,48.0,63.270145416259766
2021-10-02 09:00:00+00:00,43.0,59.94042205810547
2021-10-02 10:00:00+00:00,37.0,42.36880111694336
2021-10-02 11:00:00+00:00,34.0,30.683866500854492
2021-10-02 12:00:00+00:00,31.0,32.73587417602539
2021-10-02 13:00:00+00:00,19.0,28.916852951049805
2021-10-02 14:00:00+00:00,18.0,18.270854949951172
2021-10-02 15:00:00+00:00,17.0,16.672250747680664
2021-10-02 16:00:00+00:00,21.0,12.710153579711914
2021-10-02 17:00:00+00:00,8.0,14.5015287399292
2021-10-02 18:00:00+00:00,8.0,5.238227844238281
2021-10-02 19:00:00+00:00,2.0,6.368800163269043
2021-10-02 20:00:00+00:00,1.0,2.136596202850342
2021-10-02 21:00:00+00:00,3.0,0.32581496238708496
2021-10-02 22:00:00+00:00,5.0,2.3173000812530518
2021-10-02 23:00:00+00:00,0.0,4.304874420166016
2021-10-03 00:00:00+00:00,0.0,0.27429723739624023
2021-10-03 01:00:00+00:00,0.0,-0.6597880721092224
2021-10-03 02:00:00+00:00,1.0,-0.5347002148628235
2021-10-03 03:00:00+00:00,1.0,2.3237946033477783
2021-10-03 04:00:00+00:00,7.0,2.6316325664520264
2021-10-03 05:00:00+00:00,14.0,11.760689735412598
2021-10-03 06:00:00+00:00,12.0,23.424922943115234
2021-10-03 07:00:00+00:00,29.0,26.242238998413086
2021-10-03 08:00:00+00:00,57.0,41.67966842651367
2021-10-03 09:00:00+00:00,59.0,81.73094177246094
2021-10-03 10:00:00+00:00,47.0,74.93245697021484
2021-10-03 11:00:00+00:00,53.0,51.84356689453125
2021-10-03 12:00:00+00:00,47.0,57.217716217041016
2021-10-03 13:00:00+00:00,48.0,47.390621185302734
2021-10-03 14:00:00+00:00,38.0,42.875518798828125
2021-10-03 15:00:00+00:00,43.0,35.5432243347168
2021-10-03 16:00:00+00:00,30.0,37.33836364746094
2021-10-03 17:00:00+00:00,12.0,25.11126136779785
2021-10-03 18:00:00+00:00,7.0,9.151642799377441
2021-10-03 19:00:00+00:00,4.0,4.244136810302734
2021-10-03 20:00:00+00:00,1.0,1.4789379835128784
2021-10-03 21:00:00+00:00,0.5,0.08399349451065063
2021-10-03 22:00:00+00:00,0.0,0.11664611101150513
2021-10-03 23:00:00+00:00,0.0,0.3373400568962097
2021-10-04 00:00:00+00:00,1.0,-0.23009151220321655
2021-10-04 01:00:00+00:00,4.0,2.8593268394470215
2021-10-04 02:00:00+00:00,12.0,13.887687683105469
2021-10-04 03:00:00+00:00,53.0,45.51148223876953
2021-10-04 04:00:00+00:00,49.0,60.46409606933594
2021-10-04 05:00:00+00:00,31.0,57.13579177856445
2021-10-04 06:00:00+00:00,29.0,30.398807525634766
2021-10-04 07:00:00+00:00,28.0,27.676578521728516
2021-10-04 08:00:00+00:00,37.0,28.16153907775879
2021-10-04 09:00:00+00:00,37.0,33.49576950073242
2021-10-04 10:00:00+00:00,32.0,32.40583419799805
2021-10-04 11:00:00+00:00,32.0,33.825130462646484
2021-10-04 12:00:00+00:00,48.0,42.59890365600586
2021-10-04 13:00:00+00:00,28.0,38.21527862548828
2021-10-04 14:00:00+00:00,27.0,21.91924285888672
2021-10-04 15:00:00+00:00,17.0,22.14397621154785
2021-10-04 16:00:00+00:00,19.0,14.040108680725098
2021-10-04 17:00:00+00:00,12.0,15.30178165435791
2021-10-04 18:00:00+00:00,5.0,10.52487564086914
2021-10-04 19:00:00+00:00,5.0,3.7051913738250732
2021-10-04 20:00:00+00:00,1.0,4.391805648803711
2021-10-04 21:00:00+00:00,1.5,0.7122247219085693
2021-10-04 22:00:00+00:00,2.0,0.6883594989776611
2021-10-04 23:00:00+00:00,0.0,2.0155205726623535
2021-10-05 00:00:00+00:00,1.0,-0.6103499531745911
2021-10-05 01:00:00+00:00,1.0,2.568404197692871
2021-10-05 02:00:00+00:00,12.0,6.0350871086120605
2021-10-05 03:00:00+00:00,42.0,47.7129020690918
2021-10-05 04:00:00+00:00,29.0,49.23740768432617
2021-10-05 05:00:00+00:00,26.0,29.99955177307129
2021-10-05 06:00:00+00:00,27.0,26.03326416015625
2021-10-05 07:00:00+00:00,41.0,23.840503692626953
2021-10-05 08:00:00+00:00,37.0,36.144474029541016
2021-10-05 09:00:00+00:00,36.0,33.715309143066406
2021-10-05 10:00:00+00:00,28.0,31.35794448852539
2021-10-05 11:00:00+00:00,29.0,31.014562606811523
2021-10-05 12:00:00+00:00,48.0,40.06258010864258
2021-10-05 13:00:00+00:00,31.0,38.84632873535156
2021-10-05 14:00:00+00:00,27.0,24.89642333984375
2021-10-05 15:00:00+00:00,27.0,21.73676872253418
2021-10-05 16:00:00+00:00,20.0,21.163354873657227
2021-10-05 17:00:00+00:00,14.0,16.530345916748047
2021-10-05 18:00:00+00:00,5.0,11.577736854553223
2021-10-05 19:00:00+00:00,4.0,3.3958017826080322
2021-10-05 20:00:00+00:00,3.0,3.1395487785339355
2021-10-05 21:00:00+00:00,2.0,2.44771409034729
2021-10-05 22:00:00+00:00,1.0,0.9527387619018555
2021-10-05 23:00:00+00:00,1.0,0.8646583557128906
2021-10-06 00:00:00+00:00,0.0,0.659832239151001
2021-10-06 01:00:00+00:00,1.0,0.09851807355880737
2021-10-06 02:00:00+00:00,10.0,5.702071666717529
2021-10-06 03:00:00+00:00,49.0,40.95016098022461
2021-10-06 04:00:00+00:00,37.0,56.93118667602539
2021-10-06 05:00:00+00:00,37.0,43.90842056274414
2021-10-06 06:00:00+00:00,39.0,41.71504211425781
2021-10-06 07:00:00+00:00,23.0,32.66060256958008
2021-10-06 08:00:00+00:00,36.0,24.114032745361328
2021-10-06 09:00:00+00:00,32.0,32.10594177246094
2021-10-06 10:00:00+00:00,31.0,28.83437156677246
2021-10-06 11:00:00+00:00,27.0,33.73323059082031
2021-10-06 12:00:00+00:00,51.0,37.26615524291992
2021-10-06 13:00:00+00:00,48.0,39.36091232299805
2021-10-06 14:00:00+00:00,36.0,39.068870544433594
2021-10-06 15:00:00+00:00,22.0,29.05942726135254
2021-10-06 16:00:00+00:00,14.0,16.732328414916992
2021-10-06 17:00:00+00:00,13.0,12.234582901000977
2021-10-06 18:00:00+00:00,5.0,11.470894813537598
2021-10-06 19:00:00+00:00,1.0,3.5852277278900146
2021-10-06 20:00:00+00:00,0.0,0.5685606598854065
2021-10-06 21:00:00+00:00,1.0,-0.5364068150520325
2021-10-06 22:00:00+00:00,2.0,0.11226016283035278
2021-10-06 23:00:00+00:00,0.0,2.149146556854248
2021-10-07 00:00:00+00:00,0.0,-0.6128628849983215
2021-10-07 01:00:00+00:00,3.0,0.15222781896591187
2021-10-07 02:00:00+00:00,10.0,10.664352416992188
2021-10-07 03:00:00+00:00,41.0,42.11921310424805
2021-10-07 04:00:00+00:00,27.0,48.563045501708984
2021-10-07 05:00:00+00:00,37.0,28.91908836364746
2021-10-07 06:00:00+00:00,26.0,42.08867645263672
2021-10-07 07:00:00+00:00,34.0,23.9556884765625
2021-10-07 08:00:00+00:00,40.0,33.064327239990234
2021-10-07 09:00:00+00:00,43.0,35.392784118652344
2021-10-07 10:00:00+00:00,44.0,42.37479019165039
2021-10-07 11:00:00+00:00,48.0,42.87394332885742
2021-10-07 12:00:00+00:00,58.0,57.11371612548828
2021-10-07 13:00:00+00:00,43.0,44.60371398925781
2021-10-07 14:00:00+00:00,38.0,38.82982635498047
2021-10-07 15:00:00+00:00,25.0,30.58731460571289
2021-10-07 16:00:00+00:00,13.0,18.231428146362305
2021-10-07 17:00:00+00:00,12.0,11.247920036315918
2021-10-07 18:00:00+00:00,6.0,9.908585548400879
2021-10-07 19:00:00+00:00,4.0,4.46173620223999
2021-10-07 20:00:00+00:00,8.0,2.8721816539764404
2021-10-07 21:00:00+00:00,4.0,5.382970809936523
2021-10-07 22:00:00+00:00,0.0,2.1904098987579346
2021-10-07 23:00:00+00:00,1.0,0.1851494312286377
2021-10-08 00:00:00+00:00,2.0,0.8342394828796387
2021-10-08 01:00:00+00:00,0.0,3.92179799079895
2021-10-08 02:00:00+00:00,8.0,3.6243326663970947
2021-10-08 03:00:00+00:00,23.0,36.06874084472656
2021-10-08 04:00:00+00:00,27.0,25.791521072387695
2021-10-08 05:00:00+00:00,38.0,30.89826202392578
2021-10-08 06:00:00+00:00,28.0,47.300724029541016
2021-10-08 07:00:00+00:00,34.0,29.072397232055664
2021-10-08 08:00:00+00:00,39.0,35.074520111083984
2021-10-08 09:00:00+00:00,40.0,36.627620697021484
2021-10-08 10:00:00+00:00,31.0,39.14055252075195
2021-10-08 11:00:00+00:00,60.0,35.626590728759766
2021-10-08 12:00:00+00:00,76.0,64.69181823730469
2021-10-08 13:00:00+00:00,75.0,70.12347412109375
2021-10-08 14:00:00+00:00,40.0,69.81680297851562
2021-10-08 15:00:00+00:00,30.0,35.05126953125
2021-10-08 16:00:00+00:00,20.0,23.670358657836914
2021-10-08 17:00:00+00:00,8.0,15.828571319580078
2021-10-08 18:00:00+00:00,8.0,6.248205661773682
2021-10-08 19:00:00+00:00,3.0,5.884564399719238
2021-10-08 20:00:00+00:00,3.0,2.644500970840454
2021-10-08 21:00:00+00:00,2.0,2.304696798324585
2021-10-08 22:00:00+00:00,1.0,1.1472961902618408
2021-10-08 23:00:00+00:00,2.0,0.5581066012382507
2021-10-09 00:00:00+00:00,0.0,2.7086923122406006
2021-10-09 01:00:00+00:00,5.0,-0.8644227385520935
2021-10-09 02:00:00+00:00,4.0,7.03467321395874
2021-10-09 03:00:00+00:00,6.0,10.863861083984375
2021-10-09 04:00:00+00:00,19.0,12.817460060119629
2021-10-09 05:00:00+00:00,26.0,35.45883560180664
2021-10-09 06:00:00+00:00,52.0,50.306541442871094
2021-10-09 07:00:00+00:00,55.0,79.85968780517578
2021-10-09 08:00:00+00:00,48.0,77.88850402832031
2021-10-09 09:00:00+00:00,45.0,60.59852600097656
2021-10-09 10:00:00+00:00,36.0,45.23580551147461
2021-10-09 11:00:00+00:00,30.0,30.922592163085938
2021-10-09 12:00:00+00:00,15.0,30.27532386779785
2021-10-09 13:00:00+00:00,25.0,16.529993057250977
2021-10-09 14:00:00+00:00,26.0,23.585878372192383
2021-10-09 15:00:00+00:00,17.0,23.13690185546875
2021-10-09 16:00:00+00:00,11.0,12.575897216796875
2021-10-09 17:00:00+00:00,6.0,7.775733470916748
2021-10-09 18:00:00+00:00,11.0,3.937589645385742
2021-10-09 19:00:00+00:00,1.0,8.446427345275879
2021-10-09 20:00:00+00:00,3.0,0.47177189588546753
2021-10-09 21:00:00+00:00,2.0,2.3108181953430176
2021-10-09 22:00:00+00:00,1.0,1.4290417432785034
2021-10-09 23:00:00+00:00,0.0,0.5341243743896484
2021-10-10 00:00:00+00:00,0.0,0.31988781690597534
2021-10-10 01:00:00+00:00,0.0,-0.6557050347328186
2021-10-10 02:00:00+00:00,0.0,-0.5191451907157898
2021-10-10 03:00:00+00:00,3.0,0.3217546343803406
2021-10-10 04:00:00+00:00,3.0,6.770098686218262
2021-10-10 05:00:00+00:00,4.0,4.607133865356445
2021-10-10 06:00:00+00:00,13.0,7.1058220863342285
2021-10-10 07:00:00+00:00,28.0,27.266551971435547
2021-10-10 08:00:00+00:00,33.0,39.80787658691406
2021-10-10 09:00:00+00:00,42.0,38.16416931152344
2021-10-10 10:00:00+00:00,45.0,49.929283142089844
2021-10-10 11:00:00+00:00,45.0,48.7308235168457
2021-10-10 12:00:00+00:00,56.0,46.80987548828125
2021-10-10 13:00:00+00:00,77.0,55.864356994628906
2021-10-10 14:00:00+00:00,60.0,73.99160766601562
2021-10-10 15:00:00+00:00,50.0,54.22959899902344
2021-10-10 16:00:00+00:00,25.0,42.3377799987793
2021-10-10 17:00:00+00:00,14.0,23.73326301574707
2021-10-10 18:00:00+00:00,9.0,11.925918579101562
2021-10-10 19:00:00+00:00,10.0,5.620904445648193
2021-10-10 20:00:00+00:00,0.0,5.569331169128418
2021-10-10 21:00:00+00:00,0.0,-0.7963384985923767
2021-10-10 22:00:00+00:00,0.0,-0.2868925929069519
2021-10-10 23:00:00+00:00,0.0,0.2232028841972351
2021-10-11 00:00:00+00:00,1.0,-0.2205405831336975
2021-10-11 01:00:00+00:00,5.0,2.7420732975006104
2021-10-11 02:00:00+00:00,11.0,15.983179092407227
2021-10-11 03:00:00+00:00,45.0,41.887298583984375
2021-10-11 04:00:00+00:00,26.0,52.0927619934082
2021-10-11 05:00:00+00:00,27.0,26.82268524169922
2021-10-11 06:00:00+00:00,35.0,24.559162139892578
2021-10-11 07:00:00+00:00,36.0,33.088783264160156
2021-10-11 08:00:00+00:00,39.0,32.807716369628906
2021-10-11 09:00:00+00:00,40.0,33.1397590637207
2021-10-11 10:00:00+00:00,40.0,35.684940338134766
2021-10-11 11:00:00+00:00,27.0,37.51007843017578
2021-10-11 12:00:00+00:00,42.0,32.243499755859375
2021-10-11 13:00:00+00:00,45.0,34.58489227294922
2021-10-11 14:00:00+00:00,34.0,35.99140548706055
2021-10-11 15:00:00+00:00,25.0,27.381546020507812
2021-10-11 16:00:00+00:00,17.0,20.16503143310547
2021-10-11 17:00:00+00:00,10.0,14.378557205200195
2021-10-11 18:00:00+00:00,6.0,8.943721771240234
2021-10-11 19:00:00+00:00,6.0,4.764239311218262
2021-10-11 20:00:00+00:00,2.0,5.2737250328063965
2021-10-11 21:00:00+00:00,1.0,1.3767576217651367
2021-10-11 22:00:00+00:00,0.0,0.16183525323867798
2021-10-11 23:00:00+00:00,0.0,-0.1417575478553772
2021-10-12 00:00:00+00:00,1.0,-0.4939858317375183
2021-10-12 01:00:00+00:00,3.0,2.566467046737671
2021-10-12 02:00:00+00:00,7.0,11.806060791015625
2021-10-12 03:00:00+00:00,34.0,35.439048767089844
2021-10-12 04:00:00+00:00,34.0,40.44287872314453
2021-10-12 05:00:00+00:00,40.0,42.67867660522461
2021-10-12 06:00:00+00:00,35.0,44.217376708984375
2021-10-12 07:00:00+00:00,31.0,31.780841827392578
2021-10-12 08:00:00+00:00,44.0,29.26662826538086
2021-10-12 09:00:00+00:00,43.0,41.81696319580078
2021-10-12 10:00:00+00:00,47.0,39.63677215576172
2021-10-12 11:00:00+00:00,53.0,43.20326614379883
2021-10-12 12:00:00+00:00,72.0,60.62385940551758
2021-10-12 13:00:00+00:00,38.0,60.90283966064453
2021-10-12 14:00:00+00:00,49.0,32.83626937866211
2021-10-12 15:00:00+00:00,25.0,38.482322692871094
2021-10-12 16:00:00+00:00,24.0,18.943342208862305
2021-10-12 17:00:00+00:00,14.0,18.982654571533203
2021-10-12 18:00:00+00:00,7.0,11.923280715942383
2021-10-12 19:00:00+00:00,3.0,5.206825256347656
2021-10-12 20:00:00+00:00,2.0,2.666092872619629
2021-10-12 21:00:00+00:00,1.0,1.3072645664215088
2021-10-12 22:00:00+00:00,0.0,-0.012721061706542969
2021-10-12 23:00:00+00:00,1.0,-0.03196680545806885
2021-10-13 00:00:00+00:00,1.0,0.4876779615879059
2021-10-13 01:00:00+00:00,1.0,2.3347249031066895
2021-10-13 02:00:00+00:00,9.0,6.5425190925598145
2021-10-13 03:00:00+00:00,36.0,41.016239166259766
2021-10-13 04:00:00+00:00,40.0,42.622989654541016
2021-10-13 05:00:00+00:00,34.0,54.99272537231445
2021-10-13 06:00:00+00:00,43.0,31.50287628173828
2021-10-13 07:00:00+00:00,54.0,40.45860290527344
2021-10-13 08:00:00+00:00,38.0,61.8115348815918
2021-10-13 09:00:00+00:00,56.0,33.007110595703125
2021-10-13 10:00:00+00:00,42.0,61.61449432373047
2021-10-13 11:00:00+00:00,52.0,38.465126037597656
2021-10-13 12:00:00+00:00,72.0,56.049293518066406
2021-10-13 13:00:00+00:00,43.0,60.032379150390625
2021-10-13 14:00:00+00:00,53.0,35.94779586791992
2021-10-13 15:00:00+00:00,27.0,40.389625549316406
2021-10-13 16:00:00+00:00,21.0,20.962177276611328
2021-10-13 17:00:00+00:00,8.0,16.885683059692383
2021-10-13 18:00:00+00:00,6.0,7.5144524574279785
2021-10-13 19:00:00+00:00,3.0,5.280328273773193
2021-10-13 20:00:00+00:00,3.0,2.3226780891418457
2021-10-13 21:00:00+00:00,2.0,1.9650318622589111
2021-10-13 22:00:00+00:00,1.0,0.7332096695899963
2021-10-13 23:00:00+00:00,3.0,1.0677928924560547
2021-10-14 00:00:00+00:00,1.0,3.5044398307800293
2021-10-14 01:00:00+00:00,3.0,1.7561159133911133
2021-10-14 02:00:00+00:00,7.0,10.920061111450195
2021-10-14 03:00:00+00:00,40.0,35.98228454589844
2021-10-14 04:00:00+00:00,29.0,49.45521545410156
2021-10-14 05:00:00+00:00,34.0,33.48967742919922
2021-10-14 06:00:00+00:00,48.0,33.26484680175781
2021-10-14 07:00:00+00:00,57.0,54.251670837402344
2021-10-14 08:00:00+00:00,57.0,69.1727294921875
2021-10-14 09:00:00+00:00,48.0,66.29277801513672
2021-10-14 10:00:00+00:00,43.0,46.07622528076172
2021-10-14 11:00:00+00:00,46.0,40.661277770996094
2021-10-14 12:00:00+00:00,70.0,50.2664794921875
2021-10-14 13:00:00+00:00,51.0,60.81846237182617
2021-10-14 14:00:00+00:00,35.0,41.06339645385742
2021-10-14 15:00:00+00:00,16.0,27.9545841217041
2021-10-14 16:00:00+00:00,15.0,13.12450885772705
2021-10-14 17:00:00+00:00,11.0,13.138445854187012
2021-10-14 18:00:00+00:00,10.0,9.697646141052246
2021-10-14 19:00:00+00:00,3.0,7.009066104888916
2021-10-14 20:00:00+00:00,3.0,1.9244630336761475
2021-10-14 21:00:00+00:00,2.0,1.583374261856079
2021-10-14 22:00:00+00:00,1.0,0.7041905522346497
2021-10-14 23:00:00+00:00,0.0,1.0681965351104736
2021-10-15 00:00:00+00:00,1.0,-0.8502547144889832
2021-10-15 01:00:00+00:00,1.0,1.9165399074554443
2021-10-15 02:00:00+00:00,9.0,5.90855598449707
2021-10-15 03:00:00+00:00,28.0,37.74644470214844
2021-10-15 04:00:00+00:00,34.0,39.004180908203125
2021-10-15 05:00:00+00:00,47.0,46.00518035888672
2021-10-15 06:00:00+00:00,46.0,56.883209228515625
2021-10-15 07:00:00+00:00,69.0,55.847835540771484
2021-10-15 08:00:00+00:00,65.0,93.38938903808594
2021-10-15 09:00:00+00:00,58.0,82.02008056640625
2021-10-15 10:00:00+00:00,34.0,66.78105163574219
2021-10-15 11:00:00+00:00,50.0,38.529624938964844
2021-10-15 12:00:00+00:00,61.0,50.49237823486328
2021-10-15 13:00:00+00:00,56.0,51.49263000488281
2021-10-15 14:00:00+00:00,48.0,45.03126525878906
2021-10-15 15:00:00+00:00,21.0,40.45661926269531
2021-10-15 16:00:00+00:00,21.0,16.131332397460938
2021-10-15 17:00:00+00:00,9.0,16.25132179260254
2021-10-15 18:00:00+00:00,3.0,7.694096088409424
2021-10-15 19:00:00+00:00,4.0,2.3581836223602295
2021-10-15 20:00:00+00:00,3.0,3.2950072288513184
2021-10-15 21:00:00+00:00,1.5,2.056950569152832
2021-10-15 22:00:00+00:00,0.0,0.39357438683509827
2021-10-15 23:00:00+00:00,5.0,-0.35519081354141235
2021-10-16 00:00:00+00:00,1.0,5.542515754699707
2021-10-16 01:00:00+00:00,0.0,-0.20706599950790405
2021-10-16 02:00:00+00:00,2.0,-0.6910263895988464
2021-10-16 03:00:00+00:00,7.0,7.077209949493408
2021-10-16 04:00:00+00:00,14.0,14.442028999328613
2021-10-16 05:00:00+00:00,25.0,26.90899085998535
2021-10-16 06:00:00+00:00,36.0,45.82941436767578
2021-10-16 07:00:00+00:00,49.0,60.223201751708984
2021-10-16 08:00:00+00:00,62.0,67.81478881835938
2021-10-16 09:00:00+00:00,56.0,79.6043472290039
2021-10-16 10:00:00+00:00,43.0,67.2302474975586
2021-10-16 11:00:00+00:00,40.0,41.21089553833008
2021-10-16 12:00:00+00:00,36.0,32.69108581542969
2021-10-16 13:00:00+00:00,27.0,34.73042297363281
2021-10-16 14:00:00+00:00,29.0,25.155580520629883
2021-10-16 15:00:00+00:00,26.0,26.25876235961914
2021-10-16 16:00:00+00:00,14.0,20.123266220092773
2021-10-16 17:00:00+00:00,4.0,9.827093124389648
2021-10-16 18:00:00+00:00,6.0,2.2864866256713867
2021-10-16 19:00:00+00:00,4.0,4.743377685546875
2021-10-16 20:00:00+00:00,1.0,3.6700994968414307
2021-10-16 21:00:00+00:00,2.5,0.33365869522094727
2021-10-16 22:00:00+00:00,4.0,1.8187737464904785
2021-10-16 23:00:00+00:00,2.0,3.4629099369049072
2021-10-17 00:00:00+00:00,0.0,2.5683274269104004
2021-10-17 01:00:00+00:00,0.0,-0.7361894249916077
2021-10-17 02:00:00+00:00,3.0,-0.20141953229904175
2021-10-17 03:00:00+00:00,4.0,5.56690788269043
2021-10-17 04:00:00+00:00,7.0,9.05500602722168
2021-10-17 05:00:00+00:00,11.0,12.241430282592773
2021-10-17 06:00:00+00:00,12.0,20.341211318969727
2021-10-17 07:00:00+00:00,30.0,26.67079734802246
2021-10-17 08:00:00+00:00,60.0,40.893917083740234
2021-10-17 09:00:00+00:00,48.0,84.8895492553711
2021-10-17 10:00:00+00:00,59.0,58.191349029541016
2021-10-17 11:00:00+00:00,69.0,66.49079895019531
2021-10-17 12:00:00+00:00,77.0,75.34730529785156
2021-10-17 13:00:00+00:00,91.0,83.99368286132812
2021-10-17 14:00:00+00:00,75.0,93.64379119873047
2021-10-17 15:00:00+00:00,48.0,70.60330200195312
2021-10-17 16:00:00+00:00,41.0,40.277774810791016
2021-10-17 17:00:00+00:00,27.0,31.663814544677734
2021-10-17 18:00:00+00:00,10.0,20.881357192993164
2021-10-17 19:00:00+00:00,2.0,5.949803829193115
2021-10-17 20:00:00+00:00,1.0,0.08143478631973267
2021-10-17 21:00:00+00:00,1.0,-0.1796150803565979
2021-10-17 22:00:00+00:00,1.0,0.270439088344574
2021-10-17 23:00:00+00:00,0.0,1.377763032913208
2021-10-18 00:00:00+00:00,3.0,-0.2567761540412903
2021-10-18 01:00:00+00:00,3.0,5.467498779296875
2021-10-18 02:00:00+00:00,12.0,11.96194839477539
2021-10-18 03:00:00+00:00,47.0,46.24105453491211
2021-10-18 04:00:00+00:00,35.0,53.56822204589844
2021-10-18 05:00:00+00:00,38.0,37.35589599609375
2021-10-18 06:00:00+00:00,33.0,40.51905059814453
2021-10-18 07:00:00+00:00,31.0,30.163307189941406
2021-10-18 08:00:00+00:00,28.0,30.3505802154541
2021-10-18 09:00:00+00:00,36.0,26.715299606323242
2021-10-18 10:00:00+00:00,38.0,31.17923355102539
2021-10-18 11:00:00+00:00,27.0,36.995723724365234
2021-10-18 12:00:00+00:00,43.0,35.857940673828125
2021-10-18 13:00:00+00:00,31.0,34.73827362060547
2021-10-18 14:00:00+00:00,34.0,24.357919692993164
2021-10-18 15:00:00+00:00,28.0,27.511381149291992
2021-10-18 16:00:00+00:00,12.0,21.663171768188477
2021-10-18 17:00:00+00:00,13.0,11.87942886352539
2021-10-18 18:00:00+00:00,3.0,11.270811080932617
2021-10-18 19:00:00+00:00,1.0,2.0295867919921875
2021-10-18 20:00:00+00:00,4.0,0.9585781693458557
2021-10-18 21:00:00+00:00,2.0,3.6496691703796387
2021-10-18 22:00:00+00:00,0.0,1.1224594116210938
2021-10-18 23:00:00+00:00,0.0,-0.07748371362686157
2021-10-19 00:00:00+00:00,0.0,-0.3720698952674866
2021-10-19 01:00:00+00:00,1.0,0.5763230323791504
2021-10-19 02:00:00+00:00,10.0,4.478972911834717
2021-10-19 03:00:00+00:00,48.0,43.283626556396484
2021-10-19 04:00:00+00:00,49.0,55.5596923828125
2021-10-19 05:00:00+00:00,36.0,59.943336486816406
2021-10-19 06:00:00+00:00,32.0,38.47944641113281
2021-10-19 07:00:00+00:00,24.0,29.73845100402832
2021-10-19 08:00:00+00:00,36.0,24.71744155883789
2021-10-19 09:00:00+00:00,29.0,32.964542388916016
2021-10-19 10:00:00+00:00,40.0,26.293184280395508
2021-10-19 11:00:00+00:00,38.0,39.81983947753906
2021-10-19 12:00:00+00:00,50.0,49.42366409301758
2021-10-19 13:00:00+00:00,31.0,38.70269012451172
2021-10-19 14:00:00+00:00,31.0,24.6092586517334
2021-10-19 15:00:00+00:00,22.0,25.833066940307617
2021-10-19 16:00:00+00:00,13.0,17.22405242919922
2021-10-19 17:00:00+00:00,11.0,11.7205810546875
2021-10-19 18:00:00+00:00,16.0,9.896842002868652
2021-10-19 19:00:00+00:00,5.0,10.101195335388184
2021-10-19 20:00:00+00:00,1.0,4.557643413543701
2021-10-19 21:00:00+00:00,0.5,0.36963433027267456
2021-10-19 22:00:00+00:00,0.0,-0.13012748956680298
2021-10-19 23:00:00+00:00,1.0,-0.05890756845474243
2021-10-20 00:00:00+00:00,1.0,0.9695364832878113
2021-10-20 01:00:00+00:00,1.0,2.1446895599365234
2021-10-20 02:00:00+00:00,16.0,4.43596887588501
2021-10-20 03:00:00+00:00,52.0,65.70149993896484
2021-10-20 04:00:00+00:00,43.0,60.85516357421875
2021-10-20 05:00:00+00:00,28.0,52.6276741027832
2021-10-20 06:00:00+00:00,33.0,28.281768798828125
2021-10-20 07:00:00+00:00,33.0,30.7440128326416
2021-10-20 08:00:00+00:00,44.0,32.218257904052734
2021-10-20 09:00:00+00:00,44.0,43.84710693359375
2021-10-20 10:00:00+00:00,36.0,43.020721435546875
2021-10-20 11:00:00+00:00,33.0,36.56395721435547
2021-10-20 12:00:00+00:00,46.0,45.58430480957031
2021-10-20 13:00:00+00:00,30.0,38.04197311401367
2021-10-20 14:00:00+00:00,33.0,23.83425521850586
2021-10-20 15:00:00+00:00,23.0,26.882673263549805
2021-10-20 16:00:00+00:00,13.0,17.719118118286133
2021-10-20 17:00:00+00:00,11.0,11.321911811828613
2021-10-20 18:00:00+00:00,9.0,9.676551818847656
2021-10-20 19:00:00+00:00,7.0,5.881377696990967
2021-10-20 20:00:00+00:00,1.0,5.508650302886963
2021-10-20 21:00:00+00:00,0.5,0.5346801280975342
2021-10-20 22:00:00+00:00,0.0,-0.23520225286483765
2021-10-20 23:00:00+00:00,0.0,0.049066126346588135
2021-10-21 00:00:00+00:00,1.0,-0.47750943899154663
2021-10-21 01:00:00+00:00,1.0,2.259727716445923
2021-10-21 02:00:00+00:00,11.0,4.906800746917725
2021-10-21 03:00:00+00:00,42.0,45.989898681640625
2021-10-21 04:00:00+00:00,36.0,50.752357482910156
2021-10-21 05:00:00+00:00,28.0,40.42074966430664
2021-10-21 06:00:00+00:00,31.0,28.81907844543457
2021-10-21 07:00:00+00:00,32.0,29.74180793762207
2021-10-21 08:00:00+00:00,38.0,31.419567108154297
2021-10-21 09:00:00+00:00,40.0,33.46626281738281
2021-10-21 10:00:00+00:00,37.0,37.67893600463867
2021-10-21 11:00:00+00:00,41.0,38.952178955078125
2021-10-21 12:00:00+00:00,61.0,45.60064697265625
2021-10-21 13:00:00+00:00,43.0,47.29703903198242
2021-10-21 14:00:00+00:00,36.0,37.5373420715332
2021-10-21 15:00:00+00:00,17.0,29.1061954498291
2021-10-21 16:00:00+00:00,9.0,13.528797149658203
2021-10-21 17:00:00+00:00,13.0,8.831157684326172
2021-10-21 18:00:00+00:00,8.0,10.996745109558105
2021-10-21 19:00:00+00:00,0.0,5.3510541915893555
2021-10-21 20:00:00+00:00,1.0,-0.4921340346336365
2021-10-21 21:00:00+00:00,1.0,0.2797434329986572
2021-10-21 22:00:00+00:00,1.0,0.16119229793548584
2021-10-21 23:00:00+00:00,0.0,1.2127327919006348
2021-10-22 00:00:00+00:00,2.0,-0.6030835509300232
2021-10-22 01:00:00+00:00,3.0,3.727463960647583
2021-10-22 02:00:00+00:00,8.0,11.55054759979248
2021-10-22 03:00:00+00:00,31.0,36.117794036865234
2021-10-22 04:00:00+00:00,37.0,42.88636016845703
2021-10-22 05:00:00+00:00,28.0,51.12672424316406
2021-10-22 06:00:00+00:00,32.0,30.980228424072266
2021-10-22 07:00:00+00:00,30.0,33.487178802490234
2021-10-22 08:00:00+00:00,38.0,32.068199157714844
2021-10-22 09:00:00+00:00,34.0,35.20556640625
2021-10-22 10:00:00+00:00,37.0,32.72443389892578
2021-10-22 11:00:00+00:00,40.0,40.238861083984375
2021-10-22 12:00:00+00:00,89.0,52.59776306152344
2021-10-22 13:00:00+00:00,54.0,94.99712371826172
2021-10-22 14:00:00+00:00,47.0,46.943111419677734
2021-10-22 15:00:00+00:00,23.0,40.17679214477539
2021-10-22 16:00:00+00:00,16.0,17.638608932495117
2021-10-22 17:00:00+00:00,14.0,12.70097827911377
2021-10-22 18:00:00+00:00,3.0,11.256925582885742
2021-10-22 19:00:00+00:00,5.0,2.76646089553833
2021-10-22 20:00:00+00:00,2.0,3.955204963684082
2021-10-22 21:00:00+00:00,1.0,1.3173742294311523
2021-10-22 22:00:00+00:00,0.0,0.005250036716461182
2021-10-22 23:00:00+00:00,0.0,-0.25002938508987427
2021-10-23 00:00:00+00:00,1.0,-0.3354489207267761
2021-10-23 01:00:00+00:00,0.0,-0.3148377537727356
2021-10-23 02:00:00+00:00,6.0,-0.9679780602455139
2021-10-23 03:00:00+00:00,5.0,13.527702331542969
2021-10-23 04:00:00+00:00,20.0,11.319573402404785
2021-10-23 05:00:00+00:00,17.0,39.14961242675781
2021-10-23 06:00:00+00:00,35.0,39.442779541015625
2021-10-23 07:00:00+00:00,30.0,53.48365783691406
2021-10-23 08:00:00+00:00,46.0,39.85466766357422
2021-10-23 09:00:00+00:00,31.0,55.237159729003906
2021-10-23 10:00:00+00:00,35.0,30.18067741394043
2021-10-23 11:00:00+00:00,33.0,30.662317276000977
2021-10-23 12:00:00+00:00,42.0,31.709461212158203
2021-10-23 13:00:00+00:00,26.0,34.711246490478516
2021-10-23 14:00:00+00:00,33.0,22.9886417388916
2021-10-23 15:00:00+00:00,27.0,28.2084903717041
2021-10-23 16:00:00+00:00,15.0,19.8942813873291
2021-10-23 17:00:00+00:00,13.0,9.81398868560791
2021-10-23 18:00:00+00:00,6.0,9.047062873840332
2021-10-23 19:00:00+00:00,0.0,4.313196659088135
2021-10-23 20:00:00+00:00,0.0,-0.6624801754951477
2021-10-23 21:00:00+00:00,1.0,-0.6601582169532776
2021-10-23 22:00:00+00:00,2.0,0.2938030958175659
2021-10-23 23:00:00+00:00,1.0,1.530531883239746
2021-10-24 00:00:00+00:00,1.0,1.286484718322754
2021-10-24 01:00:00+00:00,1.0,0.9337052702903748
2021-10-24 02:00:00+00:00,1.0,1.1910927295684814
2021-10-24 03:00:00+00:00,6.0,2.718419075012207
2021-10-24 04:00:00+00:00,6.0,11.910931587219238
2021-10-24 05:00:00+00:00,16.0,10.490073204040527
2021-10-24 06:00:00+00:00,13.0,26.42146873474121
2021-10-24 07:00:00+00:00,20.0,26.697431564331055
2021-10-24 08:00:00+00:00,27.0,29.07502555847168
2021-10-24 09:00:00+00:00,42.0,34.9405403137207
2021-10-24 10:00:00+00:00,56.0,53.71979904174805
2021-10-24 11:00:00+00:00,42.0,65.93777465820312
2021-10-24 12:00:00+00:00,52.0,39.90026092529297
2021-10-24 13:00:00+00:00,46.0,54.63078308105469
2021-10-24 14:00:00+00:00,43.0,41.99466323852539
2021-10-24 15:00:00+00:00,42.0,40.032012939453125
2021-10-24 16:00:00+00:00,24.0,38.08439254760742
2021-10-24 17:00:00+00:00,20.0,23.800113677978516
2021-10-24 18:00:00+00:00,7.0,16.284217834472656
2021-10-24 19:00:00+00:00,4.0,4.380248546600342
2021-10-24 20:00:00+00:00,0.0,1.5103557109832764
2021-10-24 21:00:00+00:00,0.0,-0.5412701964378357
2021-10-24 22:00:00+00:00,0.0,-0.17417043447494507
2021-10-24 23:00:00+00:00,0.0,0.2103254199028015
2021-10-25 00:00:00+00:00,0.0,-0.21804386377334595
2021-10-25 01:00:00+00:00,4.0,0.8251323699951172
2021-10-25 02:00:00+00:00,14.0,13.806273460388184
2021-10-25 03:00:00+00:00,37.0,54.73226547241211
2021-10-25 04:00:00+00:00,41.0,41.865760803222656
2021-10-25 05:00:00+00:00,35.0,50.437442779541016
2021-10-25 06:00:00+00:00,31.0,34.36161422729492
2021-10-25 07:00:00+00:00,29.0,28.443891525268555
2021-10-25 08:00:00+00:00,27.0,29.21734619140625
2021-10-25 09:00:00+00:00,28.0,26.017349243164062
2021-10-25 10:00:00+00:00,29.0,27.428241729736328
2021-10-25 11:00:00+00:00,29.0,31.957260131835938
2021-10-25 12:00:00+00:00,64.0,39.9517822265625
2021-10-25 13:00:00+00:00,29.0,47.60026168823242
2021-10-25 14:00:00+00:00,19.0,22.38861656188965
2021-10-25 15:00:00+00:00,28.0,16.682138442993164
2021-10-25 16:00:00+00:00,18.0,23.168014526367188
2021-10-25 17:00:00+00:00,9.0,14.461666107177734
2021-10-25 18:00:00+00:00,5.0,8.345932006835938
2021-10-25 19:00:00+00:00,3.0,3.179913282394409
2021-10-25 20:00:00+00:00,1.0,2.952899932861328
2021-10-25 21:00:00+00:00,0.5,0.760104775428772
2021-10-25 22:00:00+00:00,0.0,-0.02245873212814331
2021-10-25 23:00:00+00:00,1.0,-0.05225759744644165
2021-10-26 00:00:00+00:00,1.0,0.9249805212020874
2021-10-26 01:00:00+00:00,2.0,2.571288585662842
2021-10-26 02:00:00+00:00,10.0,8.889827728271484
2021-10-26 03:00:00+00:00,49.0,42.902587890625
2021-10-26 04:00:00+00:00,41.0,56.29024887084961
2021-10-26 05:00:00+00:00,29.0,49.300296783447266
2021-10-26 06:00:00+00:00,17.0,29.508739471435547
2021-10-26 07:00:00+00:00,31.0,16.681631088256836
2021-10-26 08:00:00+00:00,30.0,29.640132904052734
2021-10-26 09:00:00+00:00,26.0,25.908939361572266
2021-10-26 10:00:00+00:00,17.0,24.140932083129883
2021-10-26 11:00:00+00:00,26.0,20.846147537231445
2021-10-26 12:00:00+00:00,57.0,36.06916046142578
2021-10-26 13:00:00+00:00,38.0,38.7796630859375
2021-10-26 14:00:00+00:00,34.0,32.481101989746094
2021-10-26 15:00:00+00:00,28.0,27.760845184326172
2021-10-26 16:00:00+00:00,16.0,23.09271240234375
2021-10-26 17:00:00+00:00,10.0,13.85405158996582
2021-10-26 18:00:00+00:00,6.0,9.051077842712402
2021-10-26 19:00:00+00:00,1.0,3.8104000091552734
2021-10-26 20:00:00+00:00,1.0,0.6745031476020813
2021-10-26 21:00:00+00:00,0.5,0.4467293322086334
2021-10-26 22:00:00+00:00,0.0,-0.12878352403640747
2021-10-26 23:00:00+00:00,0.0,-0.036813437938690186
2021-10-27 00:00:00+00:00,1.0,-0.5459561944007874
2021-10-27 01:00:00+00:00,0.0,2.1994996070861816
2021-10-27 02:00:00+00:00,8.0,2.7378993034362793
2021-10-27 03:00:00+00:00,38.0,37.286827087402344
2021-10-27 04:00:00+00:00,39.0,46.62699508666992
2021-10-27 05:00:00+00:00,36.0,48.35918426513672
2021-10-27 06:00:00+00:00,46.0,35.867557525634766
2021-10-27 07:00:00+00:00,28.0,45.16608810424805
2021-10-27 08:00:00+00:00,36.0,26.811805725097656
2021-10-27 09:00:00+00:00,43.0,32.94424057006836
2021-10-27 10:00:00+00:00,32.0,40.434486389160156
2021-10-27 11:00:00+00:00,47.0,35.65591812133789
2021-10-27 12:00:00+00:00,52.0,60.00223922729492
2021-10-27 13:00:00+00:00,45.0,39.38633728027344
2021-10-27 14:00:00+00:00,30.0,37.22136306762695
2021-10-27 15:00:00+00:00,28.0,24.583480834960938
2021-10-27 16:00:00+00:00,20.0,21.942977905273438
2021-10-27 17:00:00+00:00,10.0,16.678939819335938
2021-10-27 18:00:00+00:00,5.0,8.82166862487793
2021-10-27 19:00:00+00:00,2.0,3.1623387336730957
2021-10-27 20:00:00+00:00,0.0,1.2936592102050781
2021-10-27 21:00:00+00:00,0.0,-0.35072463750839233
2021-10-27 22:00:00+00:00,0.0,-0.4257439970970154
2021-10-27 23:00:00+00:00,0.0,0.07682222127914429
2021-10-28 00:00:00+00:00,1.0,-0.3496471047401428
2021-10-28 01:00:00+00:00,2.0,2.3294944763183594
2021-10-28 02:00:00+00:00,11.0,7.759638786315918
2021-10-28 03:00:00+00:00,35.0,44.88574981689453
2021-10-28 04:00:00+00:00,38.0,41.15660095214844
2021-10-28 05:00:00+00:00,29.0,48.075069427490234
2021-10-28 06:00:00+00:00,35.0,29.551071166992188
2021-10-28 07:00:00+00:00,21.0,32.98923873901367
2021-10-28 08:00:00+00:00,31.0,23.42185401916504
2021-10-28 09:00:00+00:00,30.0,27.791412353515625
2021-10-28 10:00:00+00:00,33.0,28.30296516418457
2021-10-28 11:00:00+00:00,43.0,34.59846496582031
2021-10-28 12:00:00+00:00,54.0,48.92060852050781
2021-10-28 13:00:00+00:00,35.0,42.36286163330078
2021-10-28 14:00:00+00:00,23.0,30.426786422729492
2021-10-28 15:00:00+00:00,19.0,19.033002853393555
2021-10-28 16:00:00+00:00,10.0,14.967748641967773
2021-10-28 17:00:00+00:00,9.0,9.78300952911377
2021-10-28 18:00:00+00:00,12.0,8.449014663696289
2021-10-28 19:00:00+00:00,3.0,7.549548625946045
2021-10-28 20:00:00+00:00,1.0,1.5611798763275146
2021-10-28 21:00:00+00:00,1.0,0.0065268874168396
2021-10-28 22:00:00+00:00,1.0,0.2392924427986145
2021-10-28 23:00:00+00:00,1.0,1.197252869606018
2021-10-29 00:00:00+00:00,0.0,0.7802003026008606
2021-10-29 01:00:00+00:00,1.0,0.5611311793327332
2021-10-29 02:00:00+00:00,7.0,5.986834526062012
2021-10-29 03:00:00+00:00,33.0,34.30524826049805
2021-10-29 04:00:00+00:00,26.0,52.38024139404297
2021-10-29 05:00:00+00:00,29.0,33.0665168762207
2021-10-29 06:00:00+00:00,28.0,33.70934295654297
2021-10-29 07:00:00+00:00,37.0,30.56272315979004
2021-10-29 08:00:00+00:00,46.0,34.59751510620117
2021-10-29 09:00:00+00:00,36.0,51.309974670410156
2021-10-29 10:00:00+00:00,45.0,34.01519775390625
2021-10-29 11:00:00+00:00,41.0,47.32143783569336
2021-10-29 12:00:00+00:00,60.0,52.05249786376953
2021-10-29 13:00:00+00:00,45.0,47.511600494384766
2021-10-29 14:00:00+00:00,38.0,42.633155822753906
2021-10-29 15:00:00+00:00,28.0,32.93854522705078
2021-10-29 16:00:00+00:00,14.0,22.101022720336914
2021-10-29 17:00:00+00:00,7.0,10.796361923217773
2021-10-29 18:00:00+00:00,7.0,6.4203996658325195
2021-10-29 19:00:00+00:00,5.0,5.322511672973633
2021-10-29 20:00:00+00:00,1.0,3.8163509368896484
2021-10-29 21:00:00+00:00,1.0,0.7363768815994263
2021-10-29 22:00:00+00:00,1.0,0.44009628891944885
2021-10-29 23:00:00+00:00,1.0,0.07078415155410767
2021-10-30 00:00:00+00:00,1.0,1.0980727672576904
2021-10-30 01:00:00+00:00,2.0,-0.30503982305526733
2021-10-30 02:00:00+00:00,2.0,2.284446954727173
2021-10-30 03:00:00+00:00,2.0,7.4487738609313965
2021-10-30 04:00:00+00:00,13.0,2.765542984008789
2021-10-30 05:00:00+00:00,13.0,26.099241256713867
2021-10-30 06:00:00+00:00,29.0,29.123626708984375
2021-10-30 07:00:00+00:00,32.0,43.72706985473633
2021-10-30 08:00:00+00:00,43.0,41.294464111328125
2021-10-30 09:00:00+00:00,26.0,50.576416015625
2021-10-30 10:00:00+00:00,27.0,27.450899124145508
2021-10-30 11:00:00+00:00,28.0,27.65267562866211
2021-10-30 12:00:00+00:00,13.0,27.562482833862305
2021-10-30 13:00:00+00:00,32.0,13.897432327270508
2021-10-30 14:00:00+00:00,10.0,27.81947898864746
2021-10-30 15:00:00+00:00,19.0,10.427522659301758
2021-10-30 16:00:00+00:00,7.0,13.920198440551758
2021-10-30 17:00:00+00:00,11.0,4.773534297943115
2021-10-30 18:00:00+00:00,5.0,7.351581573486328
2021-10-30 19:00:00+00:00,4.0,3.511522054672241
2021-10-30 20:00:00+00:00,2.0,3.4776127338409424
2021-10-30 21:00:00+00:00,1.0,1.6359291076660156
2021-10-30 22:00:00+00:00,0.0,0.39494165778160095
2021-10-30 23:00:00+00:00,1.0,-0.4834471344947815
2021-10-31 00:00:00+00:00,0.0,1.589372158050537
2021-10-31 01:00:00+00:00,0.0,-0.6534660458564758
2021-10-31 02:00:00+00:00,0.0,-0.5406257510185242
2021-10-31 03:00:00+00:00,0.0,0.4212968051433563
2021-10-31 04:00:00+00:00,4.0,1.5921869277954102
2021-10-31 05:00:00+00:00,4.0,10.87336254119873
2021-10-31 06:00:00+00:00,16.0,6.690701484680176
2021-10-31 07:00:00+00:00,19.0,31.467823028564453
2021-10-31 08:00:00+00:00,42.0,31.135746002197266
2021-10-31 09:00:00+00:00,37.0,62.628849029541016
2021-10-31 10:00:00+00:00,44.0,40.58785629272461
2021-10-31 11:00:00+00:00,58.0,51.051231384277344
2021-10-31 12:00:00+00:00,38.0,64.38943481445312
2021-10-31 13:00:00+00:00,45.0,39.042884826660156
2021-10-31 14:00:00+00:00,48.0,40.569969177246094
2021-10-31 15:00:00+00:00,37.0,42.39271545410156
2021-10-31 16:00:00+00:00,34.0,32.53501892089844
2021-10-31 17:00:00+00:00,19.0,28.16796112060547
2021-10-31 18:00:00+00:00,15.0,15.366960525512695
2021-10-31 19:00:00+00:00,19.0,8.64767074584961
2021-10-31 20:00:00+00:00,4.0,9.7021484375
2021-10-31 21:00:00+00:00,2.5,1.1608895063400269
2021-10-31 22:00:00+00:00,1.0,0.6404151320457458
2021-10-31 23:00:00+00:00,1.0,1.35045325756073
2021-11-01 00:00:00+00:00,0.0,0.6442104578018188
2021-11-01 01:00:00+00:00,1.0,0.059903740882873535
2021-11-01 02:00:00+00:00,3.0,3.0829684734344482
2021-11-01 03:00:00+00:00,12.0,13.22594165802002
2021-11-01 04:00:00+00:00,54.0,44.93280792236328
2021-11-01 05:00:00+00:00,39.0,67.77398681640625
2021-11-01 06:00:00+00:00,36.0,44.63483810424805
2021-11-01 07:00:00+00:00,36.0,34.6486930847168
2021-11-01 08:00:00+00:00,37.0,31.283472061157227
2021-11-01 09:00:00+00:00,36.0,33.49736022949219
2021-11-01 10:00:00+00:00,30.0,30.56313705444336
2021-11-01 11:00:00+00:00,28.0,30.403589248657227
2021-11-01 12:00:00+00:00,25.0,33.891788482666016
2021-11-01 13:00:00+00:00,56.0,31.86534309387207
2021-11-01 14:00:00+00:00,30.0,37.25812911987305
2021-11-01 15:00:00+00:00,31.0,23.300912857055664
2021-11-01 16:00:00+00:00,17.0,26.009965896606445
2021-11-01 17:00:00+00:00,14.0,14.24730396270752
2021-11-01 18:00:00+00:00,15.0,12.450220108032227
2021-11-01 19:00:00+00:00,13.0,11.867907524108887
2021-11-01 20:00:00+00:00,4.0,8.176746368408203
2021-11-01 21:00:00+00:00,3.5,3.298478364944458
2021-11-01 22:00:00+00:00,3.0,1.844822883605957
2021-11-01 23:00:00+00:00,0.0,2.763505697250366
2021-11-02 00:00:00+00:00,2.0,-0.6678692698478699
2021-11-02 01:00:00+00:00,2.0,3.3439786434173584
2021-11-02 02:00:00+00:00,0.0,4.889842987060547
2021-11-02 03:00:00+00:00,9.0,4.442464351654053
2021-11-02 04:00:00+00:00,44.0,36.80592727661133
2021-11-02 05:00:00+00:00,33.0,56.789886474609375
2021-11-02 06:00:00+00:00,34.0,33.82351303100586
2021-11-02 07:00:00+00:00,44.0,30.956356048583984
2021-11-02 08:00:00+00:00,37.0,41.54246520996094
2021-11-02 09:00:00+00:00,36.0,33.96729278564453
2021-11-02 10:00:00+00:00,38.0,33.50291061401367
2021-11-02 11:00:00+00:00,54.0,36.26903533935547
2021-11-02 12:00:00+00:00,35.0,57.6318359375
2021-11-02 13:00:00+00:00,49.0,48.65016555786133
2021-11-02 14:00:00+00:00,29.0,39.69675064086914
2021-11-02 15:00:00+00:00,25.0,21.85358238220215
2021-11-02 16:00:00+00:00,17.0,20.711715698242188
2021-11-02 17:00:00+00:00,12.0,14.321525573730469
2021-11-02 18:00:00+00:00,6.0,9.994410514831543
2021-11-02 19:00:00+00:00,6.0,3.6923134326934814
2021-11-02 20:00:00+00:00,8.0,4.158483505249023
2021-11-02 21:00:00+00:00,4.0,6.1124186515808105
2021-11-02 22:00:00+00:00,0.0,1.8872485160827637
2021-11-02 23:00:00+00:00,0.0,-0.147386372089386
2021-11-03 00:00:00+00:00,1.0,-0.6636092066764832
2021-11-03 01:00:00+00:00,1.0,1.1005622148513794
2021-11-03 02:00:00+00:00,3.0,2.0554757118225098
2021-11-03 03:00:00+00:00,13.0,13.009614944458008
2021-11-03 04:00:00+00:00,47.0,54.477088928222656
2021-11-03 05:00:00+00:00,39.0,58.838226318359375
2021-11-03 06:00:00+00:00,40.0,44.83125686645508
2021-11-03 07:00:00+00:00,24.0,39.86442565917969
2021-11-03 08:00:00+00:00,32.0,25.215913772583008
2021-11-03 09:00:00+00:00,41.0,32.23549270629883
2021-11-03 10:00:00+00:00,30.0,37.365623474121094
2021-11-03 11:00:00+00:00,35.0,31.17931365966797
2021-11-03 12:00:00+00:00,30.0,38.9047966003418
2021-11-03 13:00:00+00:00,51.0,38.24284744262695
2021-11-03 14:00:00+00:00,42.0,40.88726806640625
2021-11-03 15:00:00+00:00,39.0,34.162147521972656
2021-11-03 16:00:00+00:00,22.0,32.25651168823242
2021-11-03 17:00:00+00:00,17.0,16.637441635131836
2021-11-03 18:00:00+00:00,10.0,13.38536548614502
2021-11-03 19:00:00+00:00,7.0,7.834010124206543
2021-11-03 20:00:00+00:00,5.0,5.001697540283203
2021-11-03 21:00:00+00:00,2.5,4.0670037269592285
2021-11-03 22:00:00+00:00,0.0,0.8839553594589233
2021-11-03 23:00:00+00:00,0.0,-0.18913549184799194
2021-11-04 00:00:00+00:00,0.0,-0.8182175755500793
2021-11-04 01:00:00+00:00,1.0,-0.49796193838119507
2021-11-04 02:00:00+00:00,1.0,2.093029260635376
2021-11-04 03:00:00+00:00,11.0,9.31406307220459
2021-11-04 04:00:00+00:00,39.0,43.20709991455078
2021-11-04 05:00:00+00:00,34.0,54.38892364501953
2021-11-04 06:00:00+00:00,34.0,37.607810974121094
2021-11-04 07:00:00+00:00,28.0,31.737834930419922
2021-11-04 08:00:00+00:00,30.0,27.852890014648438
2021-11-04 09:00:00+00:00,43.0,28.65640640258789
2021-11-04 10:00:00+00:00,42.0,40.746150970458984
2021-11-04 11:00:00+00:00,36.0,41.17303466796875
2021-11-04 12:00:00+00:00,47.0,41.065425872802734
2021-11-04 13:00:00+00:00,51.0,54.99741744995117
2021-11-04 14:00:00+00:00,31.0,38.57389450073242
2021-11-04 15:00:00+00:00,31.0,25.87392807006836
2021-11-04 16:00:00+00:00,21.0,24.95138168334961
2021-11-04 17:00:00+00:00,15.0,16.1822452545166
2021-11-04 18:00:00+00:00,8.0,11.946433067321777
2021-11-04 19:00:00+00:00,9.0,6.794050216674805
2021-11-04 20:00:00+00:00,2.0,5.530669689178467
2021-11-04 21:00:00+00:00,1.5,0.6998353004455566
2021-11-04 22:00:00+00:00,1.0,0.15034514665603638
2021-11-04 23:00:00+00:00,0.0,0.6201661229133606
2021-11-05 00:00:00+00:00,0.0,-0.9034635424613953
2021-11-05 01:00:00+00:00,1.0,-0.6866776347160339
2021-11-05 02:00:00+00:00,1.0,1.6490466594696045
2021-11-05 03:00:00+00:00,12.0,9.86168384552002
2021-11-05 04:00:00+00:00,30.0,46.97426986694336
2021-11-05 05:00:00+00:00,33.0,43.77754592895508
2021-11-05 06:00:00+00:00,34.0,39.25237274169922
2021-11-05 07:00:00+00:00,35.0,31.453500747680664
2021-11-05 08:00:00+00:00,26.0,36.5843620300293
2021-11-05 09:00:00+00:00,34.0,27.53496742248535
2021-11-05 10:00:00+00:00,51.0,31.920427322387695
2021-11-05 11:00:00+00:00,40.0,50.819976806640625
2021-11-05 12:00:00+00:00,45.0,40.73061752319336
2021-11-05 13:00:00+00:00,83.0,57.69947052001953
2021-11-05 14:00:00+00:00,44.0,88.20729064941406
2021-11-05 15:00:00+00:00,38.0,38.58674621582031
2021-11-05 16:00:00+00:00,31.0,30.317611694335938
2021-11-05 17:00:00+00:00,19.0,22.22698402404785
2021-11-05 18:00:00+00:00,9.0,14.140929222106934
2021-11-05 19:00:00+00:00,5.0,7.186913967132568
2021-11-05 20:00:00+00:00,7.0,4.032393455505371
2021-11-05 21:00:00+00:00,4.5,6.228917121887207
2021-11-05 22:00:00+00:00,2.0,4.065967559814453
2021-11-05 23:00:00+00:00,3.0,0.8457809686660767
2021-11-06 00:00:00+00:00,1.0,3.7888126373291016
2021-11-06 01:00:00+00:00,1.0,-0.21422725915908813
2021-11-06 02:00:00+00:00,0.0,-0.5220838189125061
2021-11-06 03:00:00+00:00,2.0,-0.1658056378364563
2021-11-06 04:00:00+00:00,5.0,8.910819053649902
2021-11-06 05:00:00+00:00,9.0,11.133649826049805
2021-11-06 06:00:00+00:00,12.0,21.12925910949707
2021-11-06 07:00:00+00:00,27.0,29.066017150878906
2021-11-06 08:00:00+00:00,37.0,42.33654022216797
2021-11-06 09:00:00+00:00,26.0,43.37540817260742
2021-11-06 10:00:00+00:00,31.0,28.990036010742188
2021-11-06 11:00:00+00:00,35.0,29.67751121520996
2021-11-06 12:00:00+00:00,25.0,32.0510139465332
2021-11-06 13:00:00+00:00,13.0,22.398820877075195
2021-11-06 14:00:00+00:00,15.0,14.311927795410156
2021-11-06 15:00:00+00:00,21.0,14.92894458770752
2021-11-06 16:00:00+00:00,19.0,17.198471069335938
2021-11-06 17:00:00+00:00,8.0,11.758849143981934
2021-11-06 18:00:00+00:00,4.0,5.322947978973389
2021-11-06 19:00:00+00:00,9.0,2.601677894592285
2021-11-06 20:00:00+00:00,1.0,8.266592979431152
2021-11-06 21:00:00+00:00,1.0,1.1498734951019287
2021-11-06 22:00:00+00:00,1.0,0.4304960072040558
2021-11-06 23:00:00+00:00,2.0,0.3568405508995056
2021-11-07 00:00:00+00:00,3.0,2.4736454486846924
2021-11-07 01:00:00+00:00,0.0,2.866521120071411
2021-11-07 02:00:00+00:00,0.0,-0.7276515364646912
2021-11-07 03:00:00+00:00,0.0,0.2692999839782715
2021-11-07 04:00:00+00:00,6.0,1.0835630893707275
2021-11-07 05:00:00+00:00,3.0,12.8893404006958
2021-11-07 06:00:00+00:00,4.0,5.541006565093994
2021-11-07 07:00:00+00:00,16.0,9.298734664916992
2021-11-07 08:00:00+00:00,19.0,30.693986892700195
2021-11-07 09:00:00+00:00,37.0,24.894474029541016
2021-11-07 10:00:00+00:00,32.0,43.34458923339844
2021-11-07 11:00:00+00:00,39.0,36.014278411865234
2021-11-07 12:00:00+00:00,45.0,37.083919525146484
2021-11-07 13:00:00+00:00,54.0,41.69877624511719
2021-11-07 14:00:00+00:00,53.0,52.9184684753418
2021-11-07 15:00:00+00:00,40.0,49.4981803894043
2021-11-07 16:00:00+00:00,42.0,35.3828239440918
2021-11-07 17:00:00+00:00,21.0,35.222904205322266
2021-11-07 18:00:00+00:00,12.0,18.071531295776367
2021-11-07 19:00:00+00:00,8.0,7.523797512054443
2021-11-07 20:00:00+00:00,4.0,4.271245002746582
2021-11-07 21:00:00+00:00,2.0,1.7216615676879883
2021-11-07 22:00:00+00:00,0.0,0.38403013348579407
2021-11-07 23:00:00+00:00,0.0,0.3130825161933899
2021-11-08 00:00:00+00:00,0.0,-0.7565320134162903
2021-11-08 01:00:00+00:00,1.0,0.006508946418762207
2021-11-08 02:00:00+00:00,3.0,3.33707332611084
2021-11-08 03:00:00+00:00,14.0,12.94875717163086
2021-11-08 04:00:00+00:00,53.0,52.203975677490234
2021-11-08 05:00:00+00:00,40.0,65.94874572753906
2021-11-08 06:00:00+00:00,29.0,45.44869613647461
2021-11-08 07:00:00+00:00,26.0,24.786766052246094
2021-11-08 08:00:00+00:00,27.0,25.522518157958984
2021-11-08 09:00:00+00:00,33.0,28.460956573486328
2021-11-08 10:00:00+00:00,31.0,28.431882858276367
2021-11-08 11:00:00+00:00,29.0,31.711992263793945
2021-11-08 12:00:00+00:00,36.0,34.14604568481445
2021-11-08 13:00:00+00:00,39.0,42.79759216308594
2021-11-08 14:00:00+00:00,36.0,31.427263259887695
2021-11-08 15:00:00+00:00,33.0,29.620683670043945
2021-11-08 16:00:00+00:00,17.0,26.600217819213867
2021-11-08 17:00:00+00:00,17.0,14.455578804016113
2021-11-08 18:00:00+00:00,14.0,14.316679954528809
2021-11-08 19:00:00+00:00,6.0,11.152210235595703
2021-11-08 20:00:00+00:00,6.0,4.386035442352295
2021-11-08 21:00:00+00:00,3.5,4.832735538482666
2021-11-08 22:00:00+00:00,1.0,1.701836109161377
2021-11-08 23:00:00+00:00,0.0,0.5797238945960999
2021-11-09 00:00:00+00:00,2.0,-0.8086621165275574
2021-11-09 01:00:00+00:00,3.0,3.186790704727173
2021-11-09 02:00:00+00:00,0.0,7.330070972442627
2021-11-09 03:00:00+00:00,10.0,5.061769485473633
2021-11-09 04:00:00+00:00,42.0,39.67918014526367
2021-11-09 05:00:00+00:00,29.0,57.64550018310547
2021-11-09 06:00:00+00:00,26.0,29.75189971923828
2021-11-09 07:00:00+00:00,22.0,22.727386474609375
2021-11-09 08:00:00+00:00,32.0,22.81339454650879
2021-11-09 09:00:00+00:00,34.0,30.327964782714844
2021-11-09 10:00:00+00:00,33.0,29.165197372436523
2021-11-09 11:00:00+00:00,23.0,32.84767150878906
2021-11-09 12:00:00+00:00,30.0,27.164993286132812
2021-11-09 13:00:00+00:00,42.0,38.34998321533203
2021-11-09 14:00:00+00:00,21.0,33.59600067138672
2021-11-09 15:00:00+00:00,37.0,15.418675422668457
2021-11-09 16:00:00+00:00,19.0,31.613447189331055
2021-11-09 17:00:00+00:00,10.0,15.386489868164062
2021-11-09 18:00:00+00:00,8.0,8.736729621887207
2021-11-09 19:00:00+00:00,6.0,6.548048973083496
2021-11-09 20:00:00+00:00,4.0,4.300708770751953
2021-11-09 21:00:00+00:00,4.0,3.5799038410186768
2021-11-09 22:00:00+00:00,4.0,2.0508158206939697
2021-11-09 23:00:00+00:00,0.0,3.756758451461792
2021-11-10 00:00:00+00:00,1.0,-0.8821739554405212
2021-11-10 01:00:00+00:00,1.0,1.1640408039093018
2021-11-10 02:00:00+00:00,3.0,2.387765884399414
2021-11-10 03:00:00+00:00,13.0,13.849981307983398
2021-11-10 04:00:00+00:00,48.0,49.147186279296875
2021-11-10 05:00:00+00:00,28.0,61.82026672363281
2021-11-10 06:00:00+00:00,28.0,29.0865535736084
2021-11-10 07:00:00+00:00,31.0,24.173765182495117
2021-11-10 08:00:00+00:00,29.0,30.1851863861084
2021-11-10 09:00:00+00:00,36.0,28.769668579101562
2021-11-10 10:00:00+00:00,39.0,33.169620513916016
2021-11-10 11:00:00+00:00,30.0,38.53788757324219
2021-11-10 12:00:00+00:00,41.0,35.76670455932617
2021-11-10 13:00:00+00:00,48.0,53.525474548339844
2021-11-10 14:00:00+00:00,51.0,40.4711799621582
2021-11-10 15:00:00+00:00,36.0,34.853912353515625
2021-11-10 16:00:00+00:00,21.0,31.54067611694336
2021-11-10 17:00:00+00:00,13.0,16.47792625427246
2021-11-10 18:00:00+00:00,11.0,10.970280647277832
2021-11-10 19:00:00+00:00,5.0,8.915826797485352
2021-11-10 20:00:00+00:00,0.0,3.83650279045105
2021-11-10 21:00:00+00:00,0.5,-0.6946550011634827
2021-11-10 22:00:00+00:00,1.0,-0.2158995270729065
2021-11-10 23:00:00+00:00,0.0,0.7697130441665649
2021-11-11 00:00:00+00:00,1.0,-0.8415436148643494
2021-11-11 01:00:00+00:00,1.0,1.0041236877441406
2021-11-11 02:00:00+00:00,1.0,2.278503894805908
2021-11-11 03:00:00+00:00,6.0,7.777234077453613
2021-11-11 04:00:00+00:00,39.0,30.97410011291504
2021-11-11 05:00:00+00:00,40.0,57.145320892333984
2021-11-11 06:00:00+00:00,27.0,51.248008728027344
2021-11-11 07:00:00+00:00,36.0,24.210702896118164
2021-11-11 08:00:00+00:00,22.0,35.768287658691406
2021-11-11 09:00:00+00:00,33.0,24.0266056060791
2021-11-11 10:00:00+00:00,40.0,29.602155685424805
2021-11-11 11:00:00+00:00,38.0,39.05690002441406
2021-11-11 12:00:00+00:00,41.0,41.41889953613281
2021-11-11 13:00:00+00:00,52.0,47.84501266479492
2021-11-11 14:00:00+00:00,41.0,43.46432113647461
2021-11-11 15:00:00+00:00,27.0,35.02137756347656
2021-11-11 16:00:00+00:00,17.0,21.502086639404297
2021-11-11 17:00:00+00:00,18.0,13.530338287353516
2021-11-11 18:00:00+00:00,15.0,13.631359100341797
2021-11-11 19:00:00+00:00,8.0,12.127792358398438
2021-11-11 20:00:00+00:00,4.0,5.552402019500732
2021-11-11 21:00:00+00:00,2.0,1.8575596809387207
2021-11-11 22:00:00+00:00,0.0,0.33773213624954224
2021-11-11 23:00:00+00:00,0.0,-0.28016990423202515
2021-11-12 00:00:00+00:00,0.0,-0.8799962401390076
2021-11-12 01:00:00+00:00,1.0,-0.7494413256645203
2021-11-12 02:00:00+00:00,0.0,2.130798816680908
2021-11-12 03:00:00+00:00,4.0,4.746407508850098
2021-11-12 04:00:00+00:00,31.0,21.820158004760742
2021-11-12 05:00:00+00:00,35.0,46.310482025146484
2021-11-12 06:00:00+00:00,28.0,43.40635681152344
2021-11-12 07:00:00+00:00,29.0,29.182743072509766
2021-11-12 08:00:00+00:00,30.0,30.890439987182617
2021-11-12 09:00:00+00:00,36.0,30.884687423706055
2021-11-12 10:00:00+00:00,37.0,33.06925582885742
2021-11-12 11:00:00+00:00,46.0,38.16475296020508
2021-11-12 12:00:00+00:00,39.0,49.61170959472656
2021-11-12 13:00:00+00:00,69.0,56.33026885986328
2021-11-12 14:00:00+00:00,52.0,60.20067596435547
2021-11-12 15:00:00+00:00,43.0,41.66150665283203
2021-11-12 16:00:00+00:00,14.0,35.60730743408203
2021-11-12 17:00:00+00:00,11.0,11.030475616455078
2021-11-12 18:00:00+00:00,12.0,8.03295612335205
2021-11-12 19:00:00+00:00,7.0,9.778786659240723
2021-11-12 20:00:00+00:00,4.0,4.6029767990112305
2021-11-12 21:00:00+00:00,2.5,3.5203404426574707
2021-11-12 22:00:00+00:00,1.0,2.486908197402954
2021-11-12 23:00:00+00:00,2.0,-0.09923136234283447
2021-11-13 00:00:00+00:00,0.0,1.816392183303833
2021-11-13 01:00:00+00:00,2.0,-0.6753399968147278
2021-11-13 02:00:00+00:00,1.0,0.4621700644493103
2021-11-13 03:00:00+00:00,4.0,2.7384846210479736
2021-11-13 04:00:00+00:00,5.0,13.122910499572754
2021-11-13 05:00:00+00:00,12.0,10.924833297729492
2021-11-13 06:00:00+00:00,15.0,24.802001953125
2021-11-13 07:00:00+00:00,32.0,35.20468521118164
2021-11-13 08:00:00+00:00,53.0,45.978702545166016
2021-11-13 09:00:00+00:00,45.0,67.73613739013672
2021-11-13 10:00:00+00:00,31.0,48.102149963378906
2021-11-13 11:00:00+00:00,29.0,30.151945114135742
2021-11-13 12:00:00+00:00,31.0,28.101234436035156
2021-11-13 13:00:00+00:00,34.0,28.112388610839844
2021-11-13 14:00:00+00:00,23.0,29.10357093811035
2021-11-13 15:00:00+00:00,19.0,20.3411808013916
2021-11-13 16:00:00+00:00,9.0,15.723923683166504
2021-11-13 17:00:00+00:00,8.0,4.881168365478516
2021-11-13 18:00:00+00:00,7.0,5.553260326385498
2021-11-13 19:00:00+00:00,5.0,4.5105390548706055
2021-11-13 20:00:00+00:00,4.0,4.983410358428955
2021-11-13 21:00:00+00:00,2.5,3.712212324142456
2021-11-13 22:00:00+00:00,1.0,2.3019237518310547
2021-11-13 23:00:00+00:00,3.0,0.4774928689002991
2021-11-14 00:00:00+00:00,2.0,3.522111654281616
2021-11-14 01:00:00+00:00,0.0,2.2900242805480957
2021-11-14 02:00:00+00:00,0.0,-0.9537383913993835
2021-11-14 03:00:00+00:00,3.0,-0.05868023633956909
2021-11-14 04:00:00+00:00,4.0,6.620737552642822
2021-11-14 05:00:00+00:00,4.0,10.322809219360352
2021-11-14 06:00:00+00:00,7.0,6.139594078063965
2021-11-14 07:00:00+00:00,13.0,15.686437606811523
2021-11-14 08:00:00+00:00,26.0,28.339113235473633
2021-11-14 09:00:00+00:00,25.0,35.84744644165039
2021-11-14 10:00:00+00:00,50.0,30.353954315185547
2021-11-14 11:00:00+00:00,42.0,60.300350189208984
2021-11-14 12:00:00+00:00,53.0,40.94432830810547
2021-11-14 13:00:00+00:00,44.0,53.65099334716797
2021-11-14 14:00:00+00:00,85.0,40.1453742980957
2021-11-14 15:00:00+00:00,53.0,79.61672973632812
2021-11-14 16:00:00+00:00,32.0,45.68068313598633
2021-11-14 17:00:00+00:00,31.0,28.16579246520996
2021-11-14 18:00:00+00:00,12.0,24.003263473510742
2021-11-14 19:00:00+00:00,9.0,8.395854949951172
2021-11-14 20:00:00+00:00,4.0,4.6115899085998535
2021-11-14 21:00:00+00:00,2.0,1.5257618427276611
2021-11-14 22:00:00+00:00,0.0,0.22091752290725708
2021-11-14 23:00:00+00:00,0.0,0.3096767067909241
2021-11-15 00:00:00+00:00,0.0,-0.6109034419059753
2021-11-15 01:00:00+00:00,1.0,0.0673602819442749
2021-11-15 02:00:00+00:00,4.0,3.40321946144104
2021-11-15 03:00:00+00:00,11.0,14.883152961730957
2021-11-15 04:00:00+00:00,48.0,39.41032028198242
2021-11-15 05:00:00+00:00,31.0,61.07151412963867
2021-11-15 06:00:00+00:00,23.0,31.695539474487305
2021-11-15 07:00:00+00:00,29.0,18.671226501464844
2021-11-15 08:00:00+00:00,34.0,28.076770782470703
2021-11-15 09:00:00+00:00,26.0,32.41845703125
2021-11-15 10:00:00+00:00,32.0,23.910524368286133
2021-11-15 11:00:00+00:00,36.0,32.052825927734375
2021-11-15 12:00:00+00:00,38.0,40.23081970214844
2021-11-15 13:00:00+00:00,51.0,46.31596374511719
2021-11-15 14:00:00+00:00,27.0,38.006492614746094
2021-11-15 15:00:00+00:00,38.0,20.606216430664062
2021-11-15 16:00:00+00:00,26.0,32.54576110839844
2021-11-15 17:00:00+00:00,13.0,20.364856719970703
2021-11-15 18:00:00+00:00,7.0,11.276803016662598
2021-11-15 19:00:00+00:00,5.0,5.589911937713623
2021-11-15 20:00:00+00:00,6.0,4.285873889923096
2021-11-15 21:00:00+00:00,3.0,5.05833101272583
2021-11-15 22:00:00+00:00,0.0,1.447401523590088
2021-11-15 23:00:00+00:00,0.0,-0.28380101919174194
2021-11-16 00:00:00+00:00,1.0,-0.8143865466117859
2021-11-16 01:00:00+00:00,1.0,1.4519288539886475
2021-11-16 02:00:00+00:00,0.0,2.4236795902252197
2021-11-16 03:00:00+00:00,5.0,4.389089107513428
2021-11-16 04:00:00+00:00,45.0,27.326684951782227
2021-11-16 05:00:00+00:00,28.0,60.50933837890625
2021-11-16 06:00:00+00:00,38.0,29.09554100036621
2021-11-16 07:00:00+00:00,24.0,37.549072265625
2021-11-16 08:00:00+00:00,28.0,25.556987762451172
2021-11-16 09:00:00+00:00,28.0,28.71907615661621
2021-11-16 10:00:00+00:00,36.0,26.000747680664062
2021-11-16 11:00:00+00:00,25.0,33.35356903076172
2021-11-16 12:00:00+00:00,28.0,29.389415740966797
2021-11-16 13:00:00+00:00,53.0,33.80213928222656
2021-11-16 14:00:00+00:00,38.0,39.17851257324219
2021-11-16 15:00:00+00:00,29.0,30.59855842590332
2021-11-16 16:00:00+00:00,12.0,23.636093139648438
2021-11-16 17:00:00+00:00,12.0,11.38686466217041
2021-11-16 18:00:00+00:00,10.0,9.942407608032227
2021-11-16 19:00:00+00:00,15.0,7.474196434020996
2021-11-16 20:00:00+00:00,4.0,9.455465316772461
2021-11-16 21:00:00+00:00,2.5,3.2787299156188965
2021-11-16 22:00:00+00:00,1.0,0.948775589466095
2021-11-16 23:00:00+00:00,1.0,0.6564146280288696
2021-11-17 00:00:00+00:00,0.0,-0.06147843599319458
2021-11-17 01:00:00+00:00,1.0,-0.4088767170906067
2021-11-17 02:00:00+00:00,2.0,2.3882272243499756
2021-11-17 03:00:00+00:00,8.0,11.629201889038086
2021-11-17 04:00:00+00:00,48.0,35.261009216308594
2021-11-17 05:00:00+00:00,38.0,61.07223892211914
2021-11-17 06:00:00+00:00,28.0,46.81477737426758
2021-11-17 07:00:00+00:00,38.0,25.519805908203125
2021-11-17 08:00:00+00:00,26.0,34.544776916503906
2021-11-17 09:00:00+00:00,33.0,26.35387420654297
2021-11-17 10:00:00+00:00,28.0,28.28216552734375
2021-11-17 11:00:00+00:00,35.0,30.45570945739746
2021-11-17 12:00:00+00:00,24.0,40.141136169433594
2021-11-17 13:00:00+00:00,53.0,28.121936798095703
2021-11-17 14:00:00+00:00,27.0,41.22871780395508
2021-11-17 15:00:00+00:00,28.0,20.871339797973633
2021-11-17 16:00:00+00:00,23.0,22.30693817138672
2021-11-17 17:00:00+00:00,16.0,17.940629959106445
2021-11-17 18:00:00+00:00,10.0,12.534174919128418
2021-11-17 19:00:00+00:00,7.0,8.509638786315918
2021-11-17 20:00:00+00:00,7.0,4.855288982391357
2021-11-17 21:00:00+00:00,4.0,5.066688060760498
2021-11-17 22:00:00+00:00,1.0,1.7830488681793213
2021-11-17 23:00:00+00:00,1.0,0.7026956081390381
2021-11-18 00:00:00+00:00,1.0,-0.011268913745880127
2021-11-18 01:00:00+00:00,3.0,1.2754334211349487
2021-11-18 02:00:00+00:00,1.0,6.898223400115967
2021-11-18 03:00:00+00:00,4.0,8.219818115234375
2021-11-18 04:00:00+00:00,36.0,22.888368606567383
2021-11-18 05:00:00+00:00,36.0,52.26934814453125
2021-11-18 06:00:00+00:00,38.0,44.48064422607422
2021-11-18 07:00:00+00:00,29.0,38.30885696411133
2021-11-18 08:00:00+00:00,34.0,28.611188888549805
2021-11-18 09:00:00+00:00,36.0,32.350040435791016
2021-11-18 10:00:00+00:00,28.0,32.9470329284668
2021-11-18 11:00:00+00:00,35.0,31.837066650390625
2021-11-18 12:00:00+00:00,35.0,40.40281295776367
2021-11-18 13:00:00+00:00,53.0,45.31712341308594
2021-11-18 14:00:00+00:00,36.0,43.25894546508789
2021-11-18 15:00:00+00:00,21.0,31.744760513305664
2021-11-18 16:00:00+00:00,21.0,15.98831558227539
2021-11-18 17:00:00+00:00,13.0,16.02530288696289
2021-11-18 18:00:00+00:00,7.0,11.216769218444824
2021-11-18 19:00:00+00:00,3.0,5.425089359283447
2021-11-18 20:00:00+00:00,8.0,1.7595391273498535
2021-11-18 21:00:00+00:00,4.0,5.109001636505127
2021-11-18 22:00:00+00:00,0.0,1.9826641082763672
2021-11-18 23:00:00+00:00,0.0,-0.3132113814353943
2021-11-19 00:00:00+00:00,1.0,-0.9108033776283264
2021-11-19 01:00:00+00:00,0.0,1.037337064743042
2021-11-19 02:00:00+00:00,1.0,-0.1283826231956482
2021-11-19 03:00:00+00:00,6.0,9.997509002685547
2021-11-19 04:00:00+00:00,40.0,31.189346313476562
2021-11-19 05:00:00+00:00,34.0,57.30506134033203
2021-11-19 06:00:00+00:00,40.0,41.47220230102539
2021-11-19 07:00:00+00:00,29.0,44.59376907348633
2021-11-19 08:00:00+00:00,20.0,31.380020141601562
2021-11-19 09:00:00+00:00,37.0,22.3701114654541
2021-11-19 10:00:00+00:00,37.0,34.35957717895508
2021-11-19 11:00:00+00:00,42.0,38.867733001708984
2021-11-19 12:00:00+00:00,34.0,43.85525894165039
2021-11-19 13:00:00+00:00,62.0,44.573246002197266
2021-11-19 14:00:00+00:00,57.0,48.6268424987793
2021-11-19 15:00:00+00:00,36.0,42.71503448486328
2021-11-19 16:00:00+00:00,21.0,27.64645004272461
2021-11-19 17:00:00+00:00,13.0,15.30537223815918
2021-11-19 18:00:00+00:00,11.0,9.030635833740234
2021-11-19 19:00:00+00:00,7.0,9.06224536895752
2021-11-19 20:00:00+00:00,2.0,5.1300764083862305
2021-11-19 21:00:00+00:00,2.0,1.7628722190856934
2021-11-19 22:00:00+00:00,2.0,1.3938274383544922
2021-11-19 23:00:00+00:00,1.0,0.5013135075569153
2021-11-20 00:00:00+00:00,0.0,0.8458786010742188
2021-11-20 01:00:00+00:00,1.0,-0.5550327897071838
2021-11-20 02:00:00+00:00,3.0,-0.7991445660591125
2021-11-20 03:00:00+00:00,1.0,6.163605213165283
2021-11-20 04:00:00+00:00,10.0,6.160876274108887
2021-11-20 05:00:00+00:00,11.0,18.775415420532227
2021-11-20 06:00:00+00:00,24.0,21.391281127929688
2021-11-20 07:00:00+00:00,29.0,49.703575134277344
2021-11-20 08:00:00+00:00,52.0,42.42393112182617
2021-11-20 09:00:00+00:00,35.0,66.83001708984375
2021-11-20 10:00:00+00:00,34.0,35.09541320800781
2021-11-20 11:00:00+00:00,37.0,31.081443786621094
2021-11-20 12:00:00+00:00,23.0,32.35806655883789
2021-11-20 13:00:00+00:00,21.0,20.93634796142578
2021-11-20 14:00:00+00:00,31.0,18.719573974609375
2021-11-20 15:00:00+00:00,12.0,25.911426544189453
2021-11-20 16:00:00+00:00,11.0,10.284398078918457
2021-11-20 17:00:00+00:00,10.0,6.762571334838867
2021-11-20 18:00:00+00:00,9.0,7.073163986206055
2021-11-20 19:00:00+00:00,4.0,6.015832901000977
2021-11-20 20:00:00+00:00,2.0,4.364453315734863
2021-11-20 21:00:00+00:00,2.0,1.8468310832977295
2021-11-20 22:00:00+00:00,2.0,2.1209287643432617
2021-11-20 23:00:00+00:00,2.0,1.3801169395446777
2021-11-21 00:00:00+00:00,3.0,2.4189796447753906
2021-11-21 01:00:00+00:00,1.0,3.419966697692871
2021-11-21 02:00:00+00:00,2.0,-0.3751550316810608
2021-11-21 03:00:00+00:00,0.0,2.5878655910491943
2021-11-21 04:00:00+00:00,3.0,0.4194493889808655
2021-11-21 05:00:00+00:00,8.0,7.430169582366943
2021-11-21 06:00:00+00:00,4.0,15.060123443603516
2021-11-21 07:00:00+00:00,14.0,8.931913375854492
2021-11-21 08:00:00+00:00,16.0,28.53525161743164
2021-11-21 09:00:00+00:00,26.0,22.61943244934082
2021-11-21 10:00:00+00:00,38.0,33.81136703491211
2021-11-21 11:00:00+00:00,50.0,37.66377258300781
2021-11-21 12:00:00+00:00,49.0,54.01853942871094
2021-11-21 13:00:00+00:00,48.0,50.999603271484375
2021-11-21 14:00:00+00:00,54.0,43.40557861328125
2021-11-21 15:00:00+00:00,49.0,50.13275909423828
2021-11-21 16:00:00+00:00,33.0,41.99211883544922
2021-11-21 17:00:00+00:00,16.0,28.15692138671875
2021-11-21 18:00:00+00:00,15.0,13.690317153930664
2021-11-21 19:00:00+00:00,12.0,10.10769271850586
2021-11-21 20:00:00+00:00,3.0,6.659749507904053
2021-11-21 21:00:00+00:00,3.0,0.4648418724536896
2021-11-21 22:00:00+00:00,3.0,1.0664806365966797
2021-11-21 23:00:00+00:00,0.0,2.871720314025879
2021-11-22 00:00:00+00:00,0.0,-0.7506372332572937
2021-11-22 01:00:00+00:00,1.0,-0.06218671798706055
2021-11-22 02:00:00+00:00,2.0,3.3442037105560303
2021-11-22 03:00:00+00:00,8.0,11.494426727294922
2021-11-22 04:00:00+00:00,45.0,33.518165588378906
2021-11-22 05:00:00+00:00,39.0,57.406978607177734
2021-11-22 06:00:00+00:00,40.0,44.42086410522461
2021-11-22 07:00:00+00:00,33.0,37.72513198852539
2021-11-22 08:00:00+00:00,24.0,31.538000106811523
2021-11-22 09:00:00+00:00,30.0,26.02691078186035
2021-11-22 10:00:00+00:00,41.0,27.187557220458984
2021-11-22 11:00:00+00:00,28.0,39.88045120239258
2021-11-22 12:00:00+00:00,31.0,33.15081787109375
2021-11-22 13:00:00+00:00,55.0,41.695068359375
2021-11-22 14:00:00+00:00,40.0,36.99148178100586
2021-11-22 15:00:00+00:00,23.0,32.21712112426758
2021-11-22 16:00:00+00:00,15.0,19.133644104003906
2021-11-22 17:00:00+00:00,15.0,13.530166625976562
2021-11-22 18:00:00+00:00,10.0,12.923933982849121
2021-11-22 19:00:00+00:00,5.0,8.334677696228027
2021-11-22 20:00:00+00:00,4.0,4.010630130767822
2021-11-22 21:00:00+00:00,2.5,3.1149742603302
2021-11-22 22:00:00+00:00,1.0,1.0539634227752686
2021-11-22 23:00:00+00:00,1.0,0.5038081407546997
2021-11-23 00:00:00+00:00,1.0,0.170396625995636
2021-11-23 01:00:00+00:00,2.0,1.7403359413146973
2021-11-23 02:00:00+00:00,1.0,5.508292198181152
2021-11-23 03:00:00+00:00,10.0,8.530194282531738
2021-11-23 04:00:00+00:00,41.0,39.94612121582031
2021-11-23 05:00:00+00:00,34.0,56.41543197631836
2021-11-23 06:00:00+00:00,29.0,36.39862823486328
2021-11-23 07:00:00+00:00,36.0,25.637882232666016
2021-11-23 08:00:00+00:00,28.0,31.582008361816406
2021-11-23 09:00:00+00:00,39.0,28.881750106811523
2021-11-23 10:00:00+00:00,34.0,36.309139251708984
2021-11-23 11:00:00+00:00,21.0,32.37281799316406
2021-11-23 12:00:00+00:00,39.0,24.954912185668945
2021-11-23 13:00:00+00:00,62.0,48.71632385253906
2021-11-23 14:00:00+00:00,28.0,43.51546859741211
2021-11-23 15:00:00+00:00,26.0,21.7073917388916
2021-11-23 16:00:00+00:00,24.0,21.581514358520508
2021-11-23 17:00:00+00:00,9.0,19.111074447631836
2021-11-23 18:00:00+00:00,12.0,7.95704984664917
2021-11-23 19:00:00+00:00,5.0,9.768220901489258
2021-11-23 20:00:00+00:00,6.0,3.411381244659424
2021-11-23 21:00:00+00:00,3.5,4.458210468292236
2021-11-23 22:00:00+00:00,1.0,1.778099536895752
2021-11-23 23:00:00+00:00,0.0,0.5652480125427246
2021-11-24 00:00:00+00:00,0.0,-0.9120063185691833
2021-11-24 01:00:00+00:00,1.0,-0.44138890504837036
2021-11-24 02:00:00+00:00,3.0,2.7640419006347656
2021-11-24 03:00:00+00:00,7.0,13.770246505737305
2021-11-24 04:00:00+00:00,38.0,32.79628372192383
2021-11-24 05:00:00+00:00,37.0,53.901248931884766
2021-11-24 06:00:00+00:00,29.0,44.35757827758789
2021-11-24 07:00:00+00:00,39.0,26.310991287231445
2021-11-24 08:00:00+00:00,26.0,34.3172492980957
2021-11-24 09:00:00+00:00,32.0,26.729921340942383
2021-11-24 10:00:00+00:00,24.0,27.788433074951172
2021-11-24 11:00:00+00:00,37.0,26.93401336669922
2021-11-24 12:00:00+00:00,37.0,41.1626091003418
2021-11-24 13:00:00+00:00,42.0,46.398677825927734
2021-11-24 14:00:00+00:00,33.0,35.19599151611328
2021-11-24 15:00:00+00:00,29.0,25.61511993408203
2021-11-24 16:00:00+00:00,18.0,24.1004638671875
2021-11-24 17:00:00+00:00,16.0,15.046585083007812
2021-11-24 18:00:00+00:00,10.0,13.079279899597168
2021-11-24 19:00:00+00:00,8.0,8.019434928894043
2021-11-24 20:00:00+00:00,5.0,5.2591962814331055
2021-11-24 21:00:00+00:00,4.0,3.4617278575897217
2021-11-24 22:00:00+00:00,3.0,1.8999640941619873
2021-11-24 23:00:00+00:00,0.0,2.5608768463134766
2021-11-25 00:00:00+00:00,0.0,-0.9610795378684998
2021-11-25 01:00:00+00:00,0.0,-0.3925718665122986
2021-11-25 02:00:00+00:00,2.0,0.3041064143180847
2021-11-25 03:00:00+00:00,6.0,11.70559310913086
2021-11-25 04:00:00+00:00,37.0,30.202795028686523
2021-11-25 05:00:00+00:00,34.0,52.99175262451172
2021-11-25 06:00:00+00:00,31.0,38.912601470947266
2021-11-25 07:00:00+00:00,46.0,28.82320785522461
2021-11-25 08:00:00+00:00,44.0,48.6693115234375
2021-11-25 09:00:00+00:00,27.0,44.07970428466797
2021-11-25 10:00:00+00:00,37.0,24.62085723876953
2021-11-25 11:00:00+00:00,33.0,37.33860397338867
2021-11-25 12:00:00+00:00,43.0,39.88072967529297
2021-11-25 13:00:00+00:00,60.0,47.344974517822266
2021-11-25 14:00:00+00:00,41.0,45.080142974853516
2021-11-25 15:00:00+00:00,27.0,35.73054122924805
2021-11-25 16:00:00+00:00,28.0,21.790271759033203
2021-11-25 17:00:00+00:00,14.0,21.08548927307129
2021-11-25 18:00:00+00:00,12.0,11.261500358581543
2021-11-25 19:00:00+00:00,4.0,9.557008743286133
2021-11-25 20:00:00+00:00,1.0,1.8541035652160645
2021-11-25 21:00:00+00:00,1.0,-0.1817442774772644
2021-11-25 22:00:00+00:00,1.0,-0.05676555633544922
2021-11-25 23:00:00+00:00,1.0,0.5338466167449951
2021-11-26 00:00:00+00:00,0.0,-0.19544082880020142
2021-11-26 01:00:00+00:00,1.0,-0.6345542073249817
2021-11-26 02:00:00+00:00,2.0,2.311227560043335
2021-11-26 03:00:00+00:00,6.0,12.245527267456055
2021-11-26 04:00:00+00:00,28.0,30.0874080657959
2021-11-26 05:00:00+00:00,23.0,39.74543762207031
2021-11-26 06:00:00+00:00,40.0,25.970121383666992
2021-11-26 07:00:00+00:00,36.0,43.917091369628906
2021-11-26 08:00:00+00:00,38.0,36.76630783081055
2021-11-26 09:00:00+00:00,41.0,36.148704528808594
2021-11-26 10:00:00+00:00,40.0,41.033226013183594
2021-11-26 11:00:00+00:00,55.0,42.20340347290039
2021-11-26 12:00:00+00:00,47.0,64.87537384033203
2021-11-26 13:00:00+00:00,85.0,51.55311584472656
2021-11-26 14:00:00+00:00,50.0,84.2004165649414
2021-11-26 15:00:00+00:00,40.0,42.97853088378906
2021-11-26 16:00:00+00:00,15.0,32.61978530883789
2021-11-26 17:00:00+00:00,19.0,11.329730033874512
2021-11-26 18:00:00+00:00,8.0,13.817428588867188
2021-11-26 19:00:00+00:00,11.0,6.380461692810059
2021-11-26 20:00:00+00:00,3.0,7.1918721199035645
2021-11-26 21:00:00+00:00,2.0,2.9511964321136475
2021-11-26 22:00:00+00:00,1.0,1.6598536968231201
2021-11-26 23:00:00+00:00,1.0,-0.21125298738479614
2021-11-27 00:00:00+00:00,0.0,0.30135011672973633
2021-11-27 01:00:00+00:00,1.0,-0.6336199641227722
2021-11-27 02:00:00+00:00,1.0,-0.5212752223014832
2021-11-27 03:00:00+00:00,1.0,1.9862182140350342
2021-11-27 04:00:00+00:00,2.0,6.047295570373535
2021-11-27 05:00:00+00:00,10.0,3.2106449604034424
2021-11-27 06:00:00+00:00,19.0,20.35748291015625
2021-11-27 07:00:00+00:00,25.0,41.42359161376953
2021-11-27 08:00:00+00:00,32.0,42.189327239990234
2021-11-27 09:00:00+00:00,27.0,40.425537109375
2021-11-27 10:00:00+00:00,29.0,30.702184677124023
2021-11-27 11:00:00+00:00,22.0,29.515260696411133
2021-11-27 12:00:00+00:00,26.0,21.378019332885742
2021-11-27 13:00:00+00:00,21.0,23.85615348815918
2021-11-27 14:00:00+00:00,17.0,19.317594528198242
2021-11-27 15:00:00+00:00,18.0,15.889472007751465
2021-11-27 16:00:00+00:00,6.0,14.096477508544922
2021-11-27 17:00:00+00:00,9.0,2.115307331085205
2021-11-27 18:00:00+00:00,4.0,6.182029724121094
2021-11-27 19:00:00+00:00,4.0,2.2391438484191895
2021-11-27 20:00:00+00:00,2.0,4.3438920974731445
2021-11-27 21:00:00+00:00,2.5,1.700645089149475
2021-11-27 22:00:00+00:00,3.0,2.1699953079223633
2021-11-27 23:00:00+00:00,1.0,2.9074747562408447
2021-11-28 00:00:00+00:00,1.0,1.229845404624939
2021-11-28 01:00:00+00:00,0.0,1.2908852100372314
2021-11-28 02:00:00+00:00,0.0,-1.0020370483398438
2021-11-28 03:00:00+00:00,2.0,0.04240649938583374
2021-11-28 04:00:00+00:00,2.0,4.599184989929199
2021-11-28 05:00:00+00:00,8.0,5.264863967895508
2021-11-28 06:00:00+00:00,5.0,14.360164642333984
2021-11-28 07:00:00+00:00,9.0,10.707284927368164
2021-11-28 08:00:00+00:00,18.0,24.722902297973633
2021-11-28 09:00:00+00:00,29.0,25.432937622070312
2021-11-28 10:00:00+00:00,28.0,35.89893341064453
2021-11-28 11:00:00+00:00,38.0,32.693729400634766
2021-11-28 12:00:00+00:00,37.0,37.449153900146484
2021-11-28 13:00:00+00:00,53.0,38.573692321777344
2021-11-28 14:00:00+00:00,56.0,51.16458511352539
2021-11-28 15:00:00+00:00,35.0,51.89046096801758
2021-11-28 16:00:00+00:00,18.0,33.304283142089844
2021-11-28 17:00:00+00:00,26.0,17.40785789489746
2021-11-28 18:00:00+00:00,9.0,22.070798873901367
2021-11-28 19:00:00+00:00,8.0,5.317057132720947
2021-11-28 20:00:00+00:00,8.0,3.840492010116577
2021-11-28 21:00:00+00:00,4.5,4.036362171173096
2021-11-28 22:00:00+00:00,1.0,1.793997883796692
2021-11-28 23:00:00+00:00,2.0,1.2771437168121338
2021-11-29 00:00:00+00:00,0.0,1.8757603168487549
2021-11-29 01:00:00+00:00,2.0,0.04511779546737671
2021-11-29 02:00:00+00:00,6.0,5.823123455047607
2021-11-29 03:00:00+00:00,8.0,17.671493530273438
2021-11-29 04:00:00+00:00,39.0,34.7197380065918
2021-11-29 05:00:00+00:00,44.0,50.446102142333984
2021-11-29 06:00:00+00:00,35.0,55.22712707519531
2021-11-29 07:00:00+00:00,29.0,32.00872802734375
2021-11-29 08:00:00+00:00,42.0,27.08722496032715
2021-11-29 09:00:00+00:00,29.0,37.413551330566406
2021-11-29 10:00:00+00:00,38.0,25.48306655883789
2021-11-29 11:00:00+00:00,35.0,34.83095169067383
2021-11-29 12:00:00+00:00,33.0,42.1317138671875
2021-11-29 13:00:00+00:00,58.0,45.87179183959961
2021-11-29 14:00:00+00:00,31.0,38.100059509277344
2021-11-29 15:00:00+00:00,31.0,23.454011917114258
2021-11-29 16:00:00+00:00,15.0,25.562673568725586
2021-11-29 17:00:00+00:00,15.0,13.321599006652832
2021-11-29 18:00:00+00:00,5.0,12.588190078735352
2021-11-29 19:00:00+00:00,7.0,3.811182975769043
2021-11-29 20:00:00+00:00,7.0,5.575674533843994
2021-11-29 21:00:00+00:00,3.5,5.506095886230469
2021-11-29 22:00:00+00:00,0.0,1.5715088844299316
2021-11-29 23:00:00+00:00,1.0,-0.47738975286483765
2021-11-30 00:00:00+00:00,0.0,-0.21442753076553345
2021-11-30 01:00:00+00:00,2.0,-0.3094872832298279
2021-11-30 02:00:00+00:00,2.0,5.9822163581848145
2021-11-30 03:00:00+00:00,9.0,11.901226997375488
2021-11-30 04:00:00+00:00,44.0,38.187034606933594
2021-11-30 05:00:00+00:00,30.0,60.09272766113281
2021-11-30 06:00:00+00:00,31.0,31.318696975708008
2021-11-30 07:00:00+00:00,23.0,28.412464141845703
2021-11-30 08:00:00+00:00,26.0,25.057479858398438
2021-11-30 09:00:00+00:00,40.0,28.185436248779297
2021-11-30 10:00:00+00:00,26.0,38.140892028808594
2021-11-30 11:00:00+00:00,29.0,28.449552536010742
2021-11-30 12:00:00+00:00,31.0,34.93319320678711
2021-11-30 13:00:00+00:00,48.0,43.290626525878906
2021-11-30 14:00:00+00:00,42.0,38.378684997558594
2021-11-30 15:00:00+00:00,31.0,33.066585540771484
2021-11-30 16:00:00+00:00,13.0,26.15500831604004
2021-11-30 17:00:00+00:00,12.0,12.43319034576416
2021-11-30 18:00:00+00:00,8.0,9.844541549682617
2021-11-30 19:00:00+00:00,13.0,6.574831962585449
2021-11-30 20:00:00+00:00,3.0,8.486200332641602
2021-11-30 21:00:00+00:00,3.0,2.3381011486053467
2021-11-30 22:00:00+00:00,3.0,1.222482442855835
2021-11-30 23:00:00+00:00,1.0,2.625070095062256
2021-12-01 00:00:00+00:00,0.0,-0.14219552278518677
2021-12-01 01:00:00+00:00,3.0,-0.8209893107414246
2021-12-01 02:00:00+00:00,1.0,6.7383904457092285
2021-12-01 03:00:00+00:00,7.0,7.922572135925293
2021-12-01 04:00:00+00:00,47.0,34.20058059692383
2021-12-01 05:00:00+00:00,28.0,59.173423767089844
2021-12-01 06:00:00+00:00,38.0,27.46202278137207
2021-12-01 07:00:00+00:00,33.0,36.57551956176758
2021-12-01 08:00:00+00:00,40.0,31.74099349975586
2021-12-01 09:00:00+00:00,32.0,35.40332794189453
2021-12-01 10:00:00+00:00,31.0,27.04508399963379
2021-12-01 11:00:00+00:00,29.0,29.000417709350586
2021-12-01 12:00:00+00:00,31.0,34.154441833496094
2021-12-01 13:00:00+00:00,59.0,42.42905044555664
2021-12-01 14:00:00+00:00,27.0,39.51527404785156
2021-12-01 15:00:00+00:00,31.0,20.552133560180664
2021-12-01 16:00:00+00:00,20.0,26.264739990234375
2021-12-01 17:00:00+00:00,10.0,15.875431060791016
2021-12-01 18:00:00+00:00,7.0,8.781149864196777
2021-12-01 19:00:00+00:00,4.0,6.223423004150391
2021-12-01 20:00:00+00:00,2.0,2.9883153438568115
2021-12-01 21:00:00+00:00,2.0,0.9382877945899963
2021-12-01 22:00:00+00:00,2.0,0.7739546298980713
2021-12-01 23:00:00+00:00,0.0,1.6284162998199463
2021-12-02 00:00:00+00:00,0.0,-0.9618886113166809
2021-12-02 01:00:00+00:00,1.0,-0.838617742061615
2021-12-02 02:00:00+00:00,2.0,1.6225571632385254
2021-12-02 03:00:00+00:00,10.0,9.786685943603516
2021-12-02 04:00:00+00:00,39.0,38.89461135864258
2021-12-02 05:00:00+00:00,25.0,53.331260681152344
2021-12-02 06:00:00+00:00,31.0,25.42019271850586
2021-12-02 07:00:00+00:00,39.0,28.759347915649414
2021-12-02 08:00:00+00:00,29.0,34.251949310302734
2021-12-02 09:00:00+00:00,29.0,29.469324111938477
2021-12-02 10:00:00+00:00,35.0,26.173580169677734
2021-12-02 11:00:00+00:00,39.0,32.32233428955078
2021-12-02 12:00:00+00:00,35.0,39.64252471923828
2021-12-02 13:00:00+00:00,54.0,43.89716339111328
2021-12-02 14:00:00+00:00,40.0,40.262847900390625
2021-12-02 15:00:00+00:00,24.0,33.626094818115234
2021-12-02 16:00:00+00:00,19.0,18.777862548828125
2021-12-02 17:00:00+00:00,21.0,14.6365966796875
2021-12-02 18:00:00+00:00,9.0,15.902979850769043
2021-12-02 19:00:00+00:00,5.0,7.608750820159912
2021-12-02 20:00:00+00:00,5.0,3.7910542488098145
2021-12-02 21:00:00+00:00,3.0,3.7290444374084473
2021-12-02 22:00:00+00:00,1.0,1.4698395729064941
2021-12-02 23:00:00+00:00,0.0,0.6489875912666321
2021-12-03 00:00:00+00:00,1.0,-0.9251071810722351
2021-12-03 01:00:00+00:00,1.0,-0.005699872970581055
2021-12-03 02:00:00+00:00,1.0,0.8890821933746338
2021-12-03 03:00:00+00:00,7.0,7.796295166015625
2021-12-03 04:00:00+00:00,32.0,33.16801071166992
2021-12-03 05:00:00+00:00,26.0,49.119956970214844
2021-12-03 06:00:00+00:00,22.0,27.808258056640625
2021-12-03 07:00:00+00:00,33.0,23.162460327148438
2021-12-03 08:00:00+00:00,44.0,33.858333587646484
2021-12-03 09:00:00+00:00,26.0,44.955780029296875
2021-12-03 10:00:00+00:00,40.0,25.924386978149414
2021-12-03 11:00:00+00:00,38.0,39.7213249206543
2021-12-03 12:00:00+00:00,42.0,39.73032760620117
2021-12-03 13:00:00+00:00,65.0,50.36679458618164
2021-12-03 14:00:00+00:00,49.0,53.03356170654297
2021-12-03 15:00:00+00:00,21.0,42.23039245605469
2021-12-03 16:00:00+00:00,21.0,16.928096771240234
2021-12-03 17:00:00+00:00,15.0,15.080065727233887
2021-12-03 18:00:00+00:00,10.0,11.23162841796875
2021-12-03 19:00:00+00:00,7.0,8.215689659118652
2021-12-03 20:00:00+00:00,1.0,5.773000240325928
2021-12-03 21:00:00+00:00,2.0,1.270469307899475
2021-12-03 22:00:00+00:00,3.0,1.9491870403289795
2021-12-03 23:00:00+00:00,0.0,1.8902614116668701
2021-12-04 00:00:00+00:00,0.0,-0.3083745837211609
2021-12-04 01:00:00+00:00,1.0,-0.6632471680641174
2021-12-04 02:00:00+00:00,1.0,-0.8570833802223206
2021-12-04 03:00:00+00:00,1.0,0.5803043842315674
2021-12-04 04:00:00+00:00,4.0,4.61440896987915
2021-12-04 05:00:00+00:00,5.0,8.459772109985352
2021-12-04 06:00:00+00:00,15.0,10.073274612426758
2021-12-04 07:00:00+00:00,22.0,35.21593475341797
2021-12-04 08:00:00+00:00,27.0,40.43046569824219
2021-12-04 09:00:00+00:00,9.0,41.42258071899414
2021-12-04 10:00:00+00:00,12.0,12.711917877197266
2021-12-04 11:00:00+00:00,21.0,14.648527145385742
2021-12-04 12:00:00+00:00,33.0,18.503225326538086
2021-12-04 13:00:00+00:00,16.0,30.78717613220215
2021-12-04 14:00:00+00:00,13.0,16.561847686767578
2021-12-04 15:00:00+00:00,15.0,15.0494384765625
2021-12-04 16:00:00+00:00,16.0,13.573615074157715
2021-12-04 17:00:00+00:00,8.0,10.464900016784668
2021-12-04 18:00:00+00:00,2.0,5.3768110275268555
2021-12-04 19:00:00+00:00,7.0,0.5203336477279663
2021-12-04 20:00:00+00:00,1.0,6.449038505554199
2021-12-04 21:00:00+00:00,2.0,1.0503946542739868
2021-12-04 22:00:00+00:00,3.0,2.045841693878174
2021-12-04 23:00:00+00:00,2.0,2.8614797592163086
2021-12-05 00:00:00+00:00,1.0,2.5746657848358154
2021-12-05 01:00:00+00:00,0.0,0.913104236125946
2021-12-05 02:00:00+00:00,0.0,-0.8659048676490784
2021-12-05 03:00:00+00:00,0.0,0.007705748081207275
2021-12-05 04:00:00+00:00,4.0,0.3761253356933594
2021-12-05 05:00:00+00:00,8.0,9.799736976623535
2021-12-05 06:00:00+00:00,4.0,15.039310455322266
2021-12-05 07:00:00+00:00,6.0,9.19146728515625
2021-12-05 08:00:00+00:00,19.0,14.101211547851562
2021-12-05 09:00:00+00:00,29.0,27.789785385131836
2021-12-05 10:00:00+00:00,34.0,36.016845703125
2021-12-05 11:00:00+00:00,26.0,37.23537826538086
2021-12-05 12:00:00+00:00,41.0,31.070314407348633
2021-12-05 13:00:00+00:00,38.0,37.615970611572266
2021-12-05 14:00:00+00:00,31.0,38.60127639770508
2021-12-05 15:00:00+00:00,42.0,32.90498352050781
2021-12-05 16:00:00+00:00,31.0,40.57388687133789
2021-12-05 17:00:00+00:00,20.0,28.600788116455078
2021-12-05 18:00:00+00:00,14.0,17.789669036865234
2021-12-05 19:00:00+00:00,6.0,9.677491188049316
2021-12-05 20:00:00+00:00,3.0,3.0777242183685303
2021-12-05 21:00:00+00:00,2.0,0.6034893989562988
2021-12-05 22:00:00+00:00,1.0,0.4810158610343933
2021-12-05 23:00:00+00:00,1.0,1.395611047744751
2021-12-06 00:00:00+00:00,0.0,0.22743993997573853
2021-12-06 01:00:00+00:00,0.0,-0.6284639239311218
2021-12-06 02:00:00+00:00,4.0,0.6554855108261108
2021-12-06 03:00:00+00:00,11.0,14.17422866821289
2021-12-06 04:00:00+00:00,40.0,40.742984771728516
2021-12-06 05:00:00+00:00,34.0,51.986976623535156
2021-12-06 06:00:00+00:00,33.0,34.774444580078125
2021-12-06 07:00:00+00:00,34.0,28.675275802612305
2021-12-06 08:00:00+00:00,30.0,30.441619873046875
2021-12-06 09:00:00+00:00,27.0,29.635282516479492
2021-12-06 10:00:00+00:00,24.0,25.175453186035156
2021-12-06 11:00:00+00:00,27.0,25.102436065673828
2021-12-06 12:00:00+00:00,28.0,30.801761627197266
2021-12-06 13:00:00+00:00,42.0,35.154361724853516
2021-12-06 14:00:00+00:00,24.0,33.57069778442383
2021-12-06 15:00:00+00:00,36.0,18.795856475830078
2021-12-06 16:00:00+00:00,23.0,30.705909729003906
2021-12-06 17:00:00+00:00,7.0,18.52219581604004
2021-12-06 18:00:00+00:00,8.0,6.799283981323242
2021-12-06 19:00:00+00:00,7.0,7.138176918029785
2021-12-06 20:00:00+00:00,3.0,5.783778667449951
2021-12-06 21:00:00+00:00,1.5,3.1899969577789307
2021-12-06 22:00:00+00:00,0.0,0.6228772401809692
2021-12-06 23:00:00+00:00,1.0,-0.368175208568573
2021-12-07 00:00:00+00:00,0.0,0.13638561964035034
2021-12-07 01:00:00+00:00,1.0,-0.8198954463005066
2021-12-07 02:00:00+00:00,2.0,2.2509605884552
2021-12-07 03:00:00+00:00,3.0,9.606324195861816
2021-12-07 04:00:00+00:00,36.0,16.974340438842773
2021-12-07 05:00:00+00:00,25.0,48.853031158447266
2021-12-07 06:00:00+00:00,34.0,24.872941970825195
2021-12-07 07:00:00+00:00,31.0,29.254270553588867
2021-12-07 08:00:00+00:00,22.0,30.2120361328125
2021-12-07 09:00:00+00:00,24.0,23.303152084350586
2021-12-07 10:00:00+00:00,34.0,23.291866302490234
2021-12-07 11:00:00+00:00,27.0,29.984546661376953
2021-12-07 12:00:00+00:00,30.0,31.561267852783203
2021-12-07 13:00:00+00:00,43.0,38.583457946777344
2021-12-07 14:00:00+00:00,26.0,34.87574768066406
2021-12-07 15:00:00+00:00,28.0,20.182151794433594
2021-12-07 16:00:00+00:00,19.0,23.815242767333984
2021-12-07 17:00:00+00:00,19.0,15.55005931854248
2021-12-07 18:00:00+00:00,6.0,15.315851211547852
2021-12-07 19:00:00+00:00,5.0,5.216775417327881
2021-12-07 20:00:00+00:00,3.0,4.6542863845825195
2021-12-07 21:00:00+00:00,2.0,2.847937822341919
2021-12-07 22:00:00+00:00,1.0,0.7238308191299438
2021-12-07 23:00:00+00:00,0.0,0.6263589262962341
2021-12-08 00:00:00+00:00,0.0,-0.9652017951011658
2021-12-08 01:00:00+00:00,2.0,-0.8725928664207458
2021-12-08 02:00:00+00:00,3.0,4.333524703979492
2021-12-08 03:00:00+00:00,5.0,12.079158782958984
2021-12-08 04:00:00+00:00,42.0,28.84977149963379
2021-12-08 05:00:00+00:00,18.0,55.29528045654297
2021-12-08 06:00:00+00:00,28.0,11.80282211303711
2021-12-08 07:00:00+00:00,22.0,23.650503158569336
2021-12-08 08:00:00+00:00,34.0,24.191265106201172
2021-12-08 09:00:00+00:00,25.0,33.71461868286133
2021-12-08 10:00:00+00:00,35.0,25.26030731201172
2021-12-08 11:00:00+00:00,29.0,32.29008483886719
2021-12-08 12:00:00+00:00,49.0,33.61033630371094
2021-12-08 13:00:00+00:00,48.0,64.82433319091797
2021-12-08 14:00:00+00:00,23.0,38.17436599731445
2021-12-08 15:00:00+00:00,33.0,17.325307846069336
2021-12-08 16:00:00+00:00,16.0,27.60087013244629
2021-12-08 17:00:00+00:00,8.0,14.218993186950684
2021-12-08 18:00:00+00:00,14.0,7.496671199798584
2021-12-08 19:00:00+00:00,6.0,11.419710159301758
2021-12-08 20:00:00+00:00,3.0,4.852537155151367
2021-12-08 21:00:00+00:00,1.5,2.120260000228882
2021-12-08 22:00:00+00:00,0.0,0.45927056670188904
2021-12-08 23:00:00+00:00,0.0,-0.18820232152938843
2021-12-09 00:00:00+00:00,0.0,-0.8989940285682678
2021-12-09 01:00:00+00:00,0.0,-0.8372297883033752
2021-12-09 02:00:00+00:00,2.0,0.25057142972946167
2021-12-09 03:00:00+00:00,5.0,10.367911338806152
2021-12-09 04:00:00+00:00,38.0,28.484920501708984
2021-12-09 05:00:00+00:00,26.0,50.63536071777344
2021-12-09 06:00:00+00:00,19.0,25.689537048339844
2021-12-09 07:00:00+00:00,29.0,17.055694580078125
2021-12-09 08:00:00+00:00,42.0,29.57776641845703
2021-12-09 09:00:00+00:00,35.0,39.43246078491211
2021-12-09 10:00:00+00:00,22.0,32.30856704711914
2021-12-09 11:00:00+00:00,36.0,24.401142120361328
2021-12-09 12:00:00+00:00,32.0,38.16990280151367
2021-12-09 13:00:00+00:00,50.0,42.78223419189453
2021-12-09 14:00:00+00:00,44.0,39.61234664916992
2021-12-09 15:00:00+00:00,22.0,34.00920104980469
2021-12-09 16:00:00+00:00,27.0,18.278032302856445
2021-12-09 17:00:00+00:00,10.0,21.08065414428711
2021-12-09 18:00:00+00:00,7.0,8.53099250793457
2021-12-09 19:00:00+00:00,5.0,6.4943671226501465
2021-12-09 20:00:00+00:00,3.0,3.8140342235565186
2021-12-09 21:00:00+00:00,2.0,1.7380626201629639
2021-12-09 22:00:00+00:00,1.0,1.1791760921478271
2021-12-09 23:00:00+00:00,0.0,0.5903840065002441
2021-12-10 00:00:00+00:00,1.0,-0.9714767336845398
2021-12-10 01:00:00+00:00,0.0,0.03942912817001343
2021-12-10 02:00:00+00:00,0.0,-0.43895941972732544
2021-12-10 03:00:00+00:00,2.0,3.5963428020477295
2021-12-10 04:00:00+00:00,26.0,6.593991279602051
2021-12-10 05:00:00+00:00,22.0,36.821205139160156
2021-12-10 06:00:00+00:00,17.0,24.103370666503906
2021-12-10 07:00:00+00:00,25.0,16.01538848876953
2021-12-10 08:00:00+00:00,35.0,27.319976806640625
2021-12-10 09:00:00+00:00,34.0,33.43990707397461
2021-12-10 10:00:00+00:00,36.0,31.672626495361328
2021-12-10 11:00:00+00:00,40.0,36.096885681152344
2021-12-10 12:00:00+00:00,50.0,39.47325134277344
2021-12-10 13:00:00+00:00,66.0,50.36967468261719
2021-12-10 14:00:00+00:00,56.0,57.209320068359375
2021-12-10 15:00:00+00:00,41.0,42.51607894897461
2021-12-10 16:00:00+00:00,23.0,34.51759338378906
2021-12-10 17:00:00+00:00,14.0,17.041582107543945
2021-12-10 18:00:00+00:00,6.0,10.317880630493164
2021-12-10 19:00:00+00:00,6.0,5.200599193572998
2021-12-10 20:00:00+00:00,3.0,5.294776916503906
2021-12-10 21:00:00+00:00,3.0,3.2071704864501953
2021-12-10 22:00:00+00:00,3.0,2.800865650177002
2021-12-10 23:00:00+00:00,1.0,2.0495707988739014
2021-12-11 00:00:00+00:00,0.0,0.706973671913147
2021-12-11 01:00:00+00:00,1.0,-0.9324015974998474
2021-12-11 02:00:00+00:00,0.0,0.4456787109375
2021-12-11 03:00:00+00:00,2.0,-0.5695685744285583
2021-12-11 04:00:00+00:00,6.0,8.345137596130371
2021-12-11 05:00:00+00:00,9.0,12.64846420288086
2021-12-11 06:00:00+00:00,17.0,18.829191207885742
2021-12-11 07:00:00+00:00,26.0,40.96072006225586
2021-12-11 08:00:00+00:00,44.0,42.91661834716797
2021-12-11 09:00:00+00:00,46.0,55.73319625854492
2021-12-11 10:00:00+00:00,26.0,52.17763137817383
2021-12-11 11:00:00+00:00,31.0,27.48678207397461
2021-12-11 12:00:00+00:00,26.0,29.915842056274414
2021-12-11 13:00:00+00:00,22.0,23.808303833007812
2021-12-11 14:00:00+00:00,25.0,20.174762725830078
2021-12-11 15:00:00+00:00,16.0,22.942523956298828
2021-12-11 16:00:00+00:00,12.0,13.533235549926758
2021-12-11 17:00:00+00:00,5.0,7.633851051330566
2021-12-11 18:00:00+00:00,9.0,3.8394594192504883
2021-12-11 19:00:00+00:00,2.0,6.717443943023682
2021-12-11 20:00:00+00:00,1.0,1.342829704284668
2021-12-11 21:00:00+00:00,2.0,0.2723540663719177
2021-12-11 22:00:00+00:00,3.0,1.4068646430969238
2021-12-11 23:00:00+00:00,1.0,2.798661708831787
2021-12-12 00:00:00+00:00,1.0,1.1084630489349365
2021-12-12 01:00:00+00:00,1.0,0.2281559705734253
2021-12-12 02:00:00+00:00,0.0,0.6942789554595947
2021-12-12 03:00:00+00:00,1.0,0.6996779441833496
2021-12-12 04:00:00+00:00,3.0,3.162802219390869
2021-12-12 05:00:00+00:00,2.0,8.21745777130127
2021-12-12 06:00:00+00:00,8.0,4.277377128601074
2021-12-12 07:00:00+00:00,6.0,16.66401481628418
2021-12-12 08:00:00+00:00,11.0,13.381956100463867
2021-12-12 09:00:00+00:00,17.0,20.16359519958496
2021-12-12 10:00:00+00:00,36.0,21.78253936767578
2021-12-12 11:00:00+00:00,43.0,38.261531829833984
2021-12-12 12:00:00+00:00,33.0,46.36031723022461
2021-12-12 13:00:00+00:00,46.0,36.9530029296875
2021-12-12 14:00:00+00:00,45.0,40.775535583496094
2021-12-12 15:00:00+00:00,22.0,41.08757781982422
2021-12-12 16:00:00+00:00,29.0,24.613174438476562
2021-12-12 17:00:00+00:00,28.0,28.97808265686035
2021-12-12 18:00:00+00:00,16.0,23.00918960571289
2021-12-12 19:00:00+00:00,7.0,11.911380767822266
2021-12-12 20:00:00+00:00,5.0,3.6100871562957764
2021-12-12 21:00:00+00:00,2.5,2.0103979110717773
2021-12-12 22:00:00+00:00,0.0,0.8108596801757812
2021-12-12 23:00:00+00:00,1.0,0.259365975856781
2021-12-13 00:00:00+00:00,0.0,0.12364643812179565
2021-12-13 01:00:00+00:00,1.0,-0.6997159123420715
2021-12-13 02:00:00+00:00,3.0,2.865964889526367
2021-12-13 03:00:00+00:00,12.0,12.708937644958496
2021-12-13 04:00:00+00:00,38.0,44.507652282714844
2021-12-13 05:00:00+00:00,28.0,50.752689361572266
2021-12-13 06:00:00+00:00,24.0,27.206302642822266
2021-12-13 07:00:00+00:00,27.0,19.99945640563965
2021-12-13 08:00:00+00:00,48.0,28.59477996826172
2021-12-13 09:00:00+00:00,33.0,47.63404083251953
2021-12-13 10:00:00+00:00,25.0,27.480409622192383
2021-12-13 11:00:00+00:00,20.0,26.82608985900879
2021-12-13 12:00:00+00:00,34.0,23.86609649658203
2021-12-13 13:00:00+00:00,46.0,41.663326263427734
2021-12-13 14:00:00+00:00,21.0,36.896671295166016
2021-12-13 15:00:00+00:00,33.0,15.849743843078613
2021-12-13 16:00:00+00:00,21.0,27.006473541259766
2021-12-13 17:00:00+00:00,18.0,17.03704071044922
2021-12-13 18:00:00+00:00,10.0,14.744933128356934
2021-12-13 19:00:00+00:00,5.0,8.665292739868164
2021-12-13 20:00:00+00:00,5.0,4.388298511505127
2021-12-13 21:00:00+00:00,3.0,4.518401622772217
2021-12-13 22:00:00+00:00,1.0,1.3850345611572266
2021-12-13 23:00:00+00:00,1.0,0.6174854040145874
2021-12-14 00:00:00+00:00,0.0,0.24448847770690918
2021-12-14 01:00:00+00:00,1.0,-0.7994734644889832
2021-12-14 02:00:00+00:00,2.0,2.151198387145996
2021-12-14 03:00:00+00:00,8.0,10.231563568115234
2021-12-14 04:00:00+00:00,25.0,36.087127685546875
2021-12-14 05:00:00+00:00,25.0,29.303394317626953
2021-12-14 06:00:00+00:00,22.0,24.76296043395996
2021-12-14 07:00:00+00:00,36.0,19.014892578125
2021-12-14 08:00:00+00:00,26.0,34.273597717285156
2021-12-14 09:00:00+00:00,34.0,26.44957733154297
2021-12-14 10:00:00+00:00,33.0,28.86054801940918
2021-12-14 11:00:00+00:00,34.0,30.424278259277344
2021-12-14 12:00:00+00:00,28.0,38.87701416015625
2021-12-14 13:00:00+00:00,40.0,32.20429992675781
2021-12-14 14:00:00+00:00,29.0,34.804378509521484
2021-12-14 15:00:00+00:00,19.0,22.032779693603516
2021-12-14 16:00:00+00:00,26.0,16.99581527709961
2021-12-14 17:00:00+00:00,9.0,20.93296241760254
2021-12-14 18:00:00+00:00,7.0,8.103211402893066
2021-12-14 19:00:00+00:00,3.0,6.49047327041626
2021-12-14 20:00:00+00:00,3.0,2.419853925704956
2021-12-14 21:00:00+00:00,3.0,2.896737813949585
2021-12-14 22:00:00+00:00,3.0,1.5358059406280518
2021-12-14 23:00:00+00:00,0.0,2.53959059715271
2021-12-15 00:00:00+00:00,2.0,-0.9951203465461731
2021-12-15 01:00:00+00:00,0.0,1.6559014320373535
2021-12-15 02:00:00+00:00,0.0,0.34721893072128296
2021-12-15 03:00:00+00:00,7.0,3.260714054107666
2021-12-15 04:00:00+00:00,29.0,33.7368278503418
2021-12-15 05:00:00+00:00,27.0,41.00595474243164
2021-12-15 06:00:00+00:00,30.0,27.13827896118164
2021-12-15 07:00:00+00:00,42.0,26.721328735351562
2021-12-15 08:00:00+00:00,32.0,35.840511322021484
2021-12-15 09:00:00+00:00,51.0,29.456008911132812
2021-12-15 10:00:00+00:00,38.0,53.072391510009766
2021-12-15 11:00:00+00:00,26.0,36.397682189941406
2021-12-15 12:00:00+00:00,28.0,31.13665199279785
2021-12-15 13:00:00+00:00,45.0,32.9640007019043
2021-12-15 14:00:00+00:00,29.0,38.15167999267578
2021-12-15 15:00:00+00:00,38.0,22.27364158630371
2021-12-15 16:00:00+00:00,20.0,33.11232376098633
2021-12-15 17:00:00+00:00,10.0,16.711339950561523
2021-12-15 18:00:00+00:00,11.0,8.491326332092285
2021-12-15 19:00:00+00:00,5.0,8.895060539245605
2021-12-15 20:00:00+00:00,6.0,4.654460430145264
2021-12-15 21:00:00+00:00,3.0,4.730693340301514
2021-12-15 22:00:00+00:00,0.0,1.1204166412353516
2021-12-15 23:00:00+00:00,1.0,-0.1802179217338562
2021-12-16 00:00:00+00:00,0.0,0.025704264640808105
2021-12-16 01:00:00+00:00,0.0,-0.8383591771125793
2021-12-16 02:00:00+00:00,2.0,0.33263081312179565
2021-12-16 03:00:00+00:00,6.0,11.412590026855469
2021-12-16 04:00:00+00:00,27.0,31.676998138427734
2021-12-16 05:00:00+00:00,20.0,35.13123321533203
2021-12-16 06:00:00+00:00,27.0,16.487287521362305
2021-12-16 07:00:00+00:00,29.0,25.14919662475586
2021-12-16 08:00:00+00:00,30.0,27.689653396606445
2021-12-16 09:00:00+00:00,28.0,28.51361656188965
2021-12-16 10:00:00+00:00,45.0,24.72086524963379
2021-12-16 11:00:00+00:00,30.0,41.23579788208008
2021-12-16 12:00:00+00:00,40.0,34.67827606201172
2021-12-16 13:00:00+00:00,55.0,42.922054290771484
2021-12-16 14:00:00+00:00,40.0,41.839996337890625
2021-12-16 15:00:00+00:00,35.0,34.39894485473633
2021-12-16 16:00:00+00:00,18.0,28.506935119628906
2021-12-16 17:00:00+00:00,13.0,14.359745979309082
2021-12-16 18:00:00+00:00,11.0,10.811279296875
2021-12-16 19:00:00+00:00,10.0,9.006414413452148
2021-12-16 20:00:00+00:00,5.0,7.008991241455078
2021-12-16 21:00:00+00:00,4.0,3.537415027618408
2021-12-16 22:00:00+00:00,3.0,2.2885963916778564
2021-12-16 23:00:00+00:00,0.0,2.507000207901001
2021-12-17 00:00:00+00:00,0.0,-0.8966588377952576
2021-12-17 01:00:00+00:00,1.0,-0.8438031077384949
2021-12-17 02:00:00+00:00,0.0,1.5256941318511963
2021-12-17 03:00:00+00:00,5.0,4.37585973739624
2021-12-17 04:00:00+00:00,21.0,27.38184356689453
2021-12-17 05:00:00+00:00,13.0,28.06021499633789
2021-12-17 06:00:00+00:00,23.0,11.702348709106445
2021-12-17 07:00:00+00:00,33.0,23.70738983154297
2021-12-17 08:00:00+00:00,39.0,33.65945053100586
2021-12-17 09:00:00+00:00,37.0,35.0377311706543
2021-12-17 10:00:00+00:00,39.0,33.312435150146484
2021-12-17 11:00:00+00:00,64.0,37.0816764831543
2021-12-17 12:00:00+00:00,55.0,68.75037384033203
2021-12-17 13:00:00+00:00,63.0,54.729339599609375
2021-12-17 14:00:00+00:00,49.0,52.669288635253906
2021-12-17 15:00:00+00:00,44.0,43.291324615478516
2021-12-17 16:00:00+00:00,28.0,35.91822814941406
2021-12-17 17:00:00+00:00,18.0,20.647974014282227
2021-12-17 18:00:00+00:00,9.0,13.50321102142334
2021-12-17 19:00:00+00:00,7.0,7.402146816253662
2021-12-17 20:00:00+00:00,3.0,5.806493759155273
2021-12-17 21:00:00+00:00,2.5,3.34977126121521
2021-12-17 22:00:00+00:00,2.0,2.2894136905670166
2021-12-17 23:00:00+00:00,1.0,1.11771821975708
2021-12-18 00:00:00+00:00,1.0,0.8490759134292603
2021-12-18 01:00:00+00:00,0.0,-0.5634749531745911
2021-12-18 02:00:00+00:00,1.0,-1.030076265335083
2021-12-18 03:00:00+00:00,0.0,0.5847383141517639
2021-12-18 04:00:00+00:00,4.0,1.3452024459838867
2021-12-18 05:00:00+00:00,8.0,8.815786361694336
2021-12-18 06:00:00+00:00,13.0,17.030378341674805
2021-12-18 07:00:00+00:00,19.0,31.61888313293457
2021-12-18 08:00:00+00:00,32.0,31.858375549316406
2021-12-18 09:00:00+00:00,29.0,43.333797454833984
2021-12-18 10:00:00+00:00,37.0,32.4032096862793
2021-12-18 11:00:00+00:00,31.0,32.47191619873047
2021-12-18 12:00:00+00:00,34.0,29.693843841552734
2021-12-18 13:00:00+00:00,28.0,32.97588348388672
2021-12-18 14:00:00+00:00,21.0,25.381921768188477
2021-12-18 15:00:00+00:00,21.0,20.107044219970703
2021-12-18 16:00:00+00:00,17.0,18.701101303100586
2021-12-18 17:00:00+00:00,12.0,11.535837173461914
2021-12-18 18:00:00+00:00,8.0,7.861552715301514
2021-12-18 19:00:00+00:00,3.0,5.6469502449035645
2021-12-18 20:00:00+00:00,1.0,3.3258683681488037
2021-12-18 21:00:00+00:00,1.0,0.26663023233413696
2021-12-18 22:00:00+00:00,1.0,0.1469714641571045
2021-12-18 23:00:00+00:00,1.0,0.4292428195476532
2021-12-19 00:00:00+00:00,1.0,1.4961872100830078
2021-12-19 01:00:00+00:00,0.0,-0.1714370846748352
2021-12-19 02:00:00+00:00,1.0,-0.2928301692008972
2021-12-19 03:00:00+00:00,1.0,2.0402414798736572
2021-12-19 04:00:00+00:00,2.0,2.896953821182251
2021-12-19 05:00:00+00:00,4.0,4.719876289367676
2021-12-19 06:00:00+00:00,6.0,6.3094940185546875
2021-12-19 07:00:00+00:00,17.0,13.388676643371582
2021-12-19 08:00:00+00:00,29.0,31.74521827697754
2021-12-19 09:00:00+00:00,30.0,41.71790313720703
2021-12-19 10:00:00+00:00,40.0,37.546180725097656
2021-12-19 11:00:00+00:00,58.0,44.93680953979492
2021-12-19 12:00:00+00:00,66.0,67.4644775390625
2021-12-19 13:00:00+00:00,46.0,71.1647720336914
2021-12-19 14:00:00+00:00,68.0,42.74697494506836
2021-12-19 15:00:00+00:00,52.0,63.50557327270508
2021-12-19 16:00:00+00:00,26.0,46.18339538574219
2021-12-19 17:00:00+00:00,31.0,26.03910255432129
2021-12-19 18:00:00+00:00,20.0,26.75834846496582
2021-12-19 19:00:00+00:00,6.0,14.31373119354248
2021-12-19 20:00:00+00:00,2.0,2.9919800758361816
2021-12-19 21:00:00+00:00,2.5,0.2376510500907898
2021-12-19 22:00:00+00:00,3.0,0.6216606497764587
2021-12-19 23:00:00+00:00,0.0,2.6304636001586914
2021-12-20 00:00:00+00:00,0.0,-0.9127598404884338
2021-12-20 01:00:00+00:00,1.0,-0.718903124332428
2021-12-20 02:00:00+00:00,4.0,3.330920696258545
2021-12-20 03:00:00+00:00,5.0,14.204017639160156
2021-12-20 04:00:00+00:00,38.0,26.116779327392578
2021-12-20 05:00:00+00:00,20.0,52.178714752197266
2021-12-20 06:00:00+00:00,24.0,17.77438735961914
2021-12-20 07:00:00+00:00,34.0,24.309131622314453
2021-12-20 08:00:00+00:00,28.0,32.183170318603516
2021-12-20 09:00:00+00:00,28.0,26.138957977294922
2021-12-20 10:00:00+00:00,29.0,25.15992546081543
2021-12-20 11:00:00+00:00,37.0,30.321523666381836
2021-12-20 12:00:00+00:00,37.0,39.416873931884766
2021-12-20 13:00:00+00:00,43.0,51.85234832763672
2021-12-20 14:00:00+00:00,30.0,33.36620330810547
2021-12-20 15:00:00+00:00,32.0,23.436866760253906
2021-12-20 16:00:00+00:00,20.0,25.906888961791992
2021-12-20 17:00:00+00:00,23.0,16.399940490722656
2021-12-20 18:00:00+00:00,12.0,18.245805740356445
2021-12-20 19:00:00+00:00,8.0,10.466754913330078
2021-12-20 20:00:00+00:00,5.0,5.959319114685059
2021-12-20 21:00:00+00:00,2.5,4.599642276763916
2021-12-20 22:00:00+00:00,0.0,1.101011037826538
2021-12-20 23:00:00+00:00,1.0,-0.2624320387840271
2021-12-21 00:00:00+00:00,0.0,-0.45346778631210327
2021-12-21 01:00:00+00:00,1.0,-0.7746769785881042
2021-12-21 02:00:00+00:00,2.0,2.6894547939300537
2021-12-21 03:00:00+00:00,6.0,10.853063583374023
2021-12-21 04:00:00+00:00,36.0,31.891786575317383
2021-12-21 05:00:00+00:00,25.0,55.1180419921875
2021-12-21 06:00:00+00:00,30.0,24.905208587646484
2021-12-21 07:00:00+00:00,39.0,30.888675689697266
2021-12-21 08:00:00+00:00,29.0,35.532379150390625
2021-12-21 09:00:00+00:00,45.0,26.570659637451172
2021-12-21 10:00:00+00:00,46.0,37.55487823486328
2021-12-21 11:00:00+00:00,41.0,37.24976348876953
2021-12-21 12:00:00+00:00,30.0,37.62269592285156
2021-12-21 13:00:00+00:00,43.0,32.055328369140625
2021-12-21 14:00:00+00:00,47.0,34.10651397705078
2021-12-21 15:00:00+00:00,30.0,38.948265075683594
2021-12-21 16:00:00+00:00,24.0,24.109113693237305
2021-12-21 17:00:00+00:00,12.0,19.40547752380371
2021-12-21 18:00:00+00:00,9.0,11.591961860656738
2021-12-21 19:00:00+00:00,7.0,7.575218677520752
2021-12-21 20:00:00+00:00,6.0,5.5929718017578125
2021-12-21 21:00:00+00:00,4.0,5.099476337432861
2021-12-21 22:00:00+00:00,2.0,2.193915843963623
2021-12-21 23:00:00+00:00,1.0,1.0099824666976929
2021-12-22 00:00:00+00:00,1.0,-0.5027129054069519
2021-12-22 01:00:00+00:00,1.0,-0.11890953779220581
2021-12-22 02:00:00+00:00,1.0,2.0162594318389893
2021-12-22 03:00:00+00:00,3.0,7.1836371421813965
2021-12-22 04:00:00+00:00,24.0,17.55137825012207
2021-12-22 05:00:00+00:00,20.0,37.11234664916992
2021-12-22 06:00:00+00:00,30.0,19.812116622924805
2021-12-22 07:00:00+00:00,34.0,31.96588897705078
2021-12-22 08:00:00+00:00,35.0,32.923709869384766
2021-12-22 09:00:00+00:00,52.0,28.81589698791504
2021-12-22 10:00:00+00:00,44.0,47.55184555053711
2021-12-22 11:00:00+00:00,37.0,34.172218322753906
2021-12-22 12:00:00+00:00,54.0,43.58551025390625
2021-12-22 13:00:00+00:00,48.0,38.89674758911133
2021-12-22 14:00:00+00:00,36.0,35.45410919189453
2021-12-22 15:00:00+00:00,38.0,31.997468948364258
2021-12-22 16:00:00+00:00,26.0,31.899272918701172
2021-12-22 17:00:00+00:00,19.0,21.779279708862305
2021-12-22 18:00:00+00:00,13.0,17.00240135192871
2021-12-22 19:00:00+00:00,16.0,12.0007963180542
2021-12-22 20:00:00+00:00,6.0,12.285053253173828
2021-12-22 21:00:00+00:00,4.0,5.125980377197266
2021-12-22 22:00:00+00:00,2.0,2.3976263999938965
2021-12-22 23:00:00+00:00,2.0,0.9476298689842224
2021-12-23 00:00:00+00:00,1.0,0.9154888391494751
2021-12-23 01:00:00+00:00,0.0,-0.20282167196273804
2021-12-23 02:00:00+00:00,3.0,-0.36692434549331665
2021-12-23 03:00:00+00:00,6.0,12.35883903503418
2021-12-23 04:00:00+00:00,23.0,31.93629264831543
2021-12-23 05:00:00+00:00,9.0,35.61656951904297
2021-12-23 06:00:00+00:00,15.0,11.803812026977539
2021-12-23 07:00:00+00:00,24.0,18.668127059936523
2021-12-23 08:00:00+00:00,35.0,29.026906967163086
2021-12-23 09:00:00+00:00,40.0,32.09311294555664
2021-12-23 10:00:00+00:00,48.0,33.035797119140625
2021-12-23 11:00:00+00:00,49.0,37.760528564453125
2021-12-23 12:00:00+00:00,53.0,42.39346694946289
2021-12-23 13:00:00+00:00,47.0,42.7123908996582
2021-12-23 14:00:00+00:00,32.0,40.46535110473633
2021-12-23 15:00:00+00:00,24.0,27.090572357177734
2021-12-23 16:00:00+00:00,24.0,18.69125747680664
2021-12-23 17:00:00+00:00,15.0,18.58385467529297
2021-12-23 18:00:00+00:00,13.0,11.446548461914062
2021-12-23 19:00:00+00:00,9.0,10.777204513549805
2021-12-23 20:00:00+00:00,5.0,6.656127452850342
2021-12-23 21:00:00+00:00,3.5,3.884962797164917
2021-12-23 22:00:00+00:00,2.0,1.7020251750946045
2021-12-23 23:00:00+00:00,0.0,1.3308659791946411
2021-12-24 00:00:00+00:00,0.0,-0.9707120060920715
2021-12-24 01:00:00+00:00,3.0,-0.8866117596626282
2021-12-24 02:00:00+00:00,1.0,5.093818664550781
2021-12-24 03:00:00+00:00,1.0,3.5345876216888428
2021-12-24 04:00:00+00:00,7.0,7.145801067352295
2021-12-24 05:00:00+00:00,1.0,17.825502395629883
2021-12-24 06:00:00+00:00,3.0,1.7361268997192383
2021-12-24 07:00:00+00:00,12.0,10.091348648071289
2021-12-24 08:00:00+00:00,14.0,25.867815017700195
2021-12-24 09:00:00+00:00,18.0,18.387731552124023
2021-12-24 10:00:00+00:00,22.0,15.307168006896973
2021-12-24 11:00:00+00:00,18.0,21.769575119018555
2021-12-24 12:00:00+00:00,19.0,16.977624893188477
2021-12-24 13:00:00+00:00,34.0,16.82687759399414
2021-12-24 14:00:00+00:00,15.0,34.59709930419922
2021-12-24 15:00:00+00:00,2.0,14.715055465698242
2021-12-24 16:00:00+00:00,0.0,-0.6013975739479065
2021-12-24 17:00:00+00:00,2.0,-0.914379894733429
2021-12-24 18:00:00+00:00,5.0,-0.3568342328071594
2021-12-24 19:00:00+00:00,11.0,2.1850457191467285
2021-12-24 20:00:00+00:00,22.0,8.381978034973145
2021-12-24 21:00:00+00:00,15.0,15.84408187866211
2021-12-24 22:00:00+00:00,8.0,10.99039077758789
2021-12-24 23:00:00+00:00,4.0,6.484500408172607
2021-12-25 00:00:00+00:00,1.0,4.751057147979736
2021-12-25 01:00:00+00:00,2.0,-0.6895148158073425
2021-12-25 02:00:00+00:00,0.0,2.5944747924804688
2021-12-25 03:00:00+00:00,0.0,1.1427026987075806
2021-12-25 04:00:00+00:00,4.0,1.95289945602417
2021-12-25 05:00:00+00:00,0.0,12.57058048248291
2021-12-25 06:00:00+00:00,7.0,-0.8890349268913269
2021-12-25 07:00:00+00:00,4.0,16.01310157775879
2021-12-25 08:00:00+00:00,15.0,6.5500946044921875
2021-12-25 09:00:00+00:00,16.0,30.354801177978516
2021-12-25 10:00:00+00:00,28.0,29.214170455932617
2021-12-25 11:00:00+00:00,31.0,35.796630859375
2021-12-25 12:00:00+00:00,25.0,33.04148483276367
2021-12-25 13:00:00+00:00,16.0,22.62183952331543
2021-12-25 14:00:00+00:00,13.0,16.599660873413086
2021-12-25 15:00:00+00:00,17.0,12.552382469177246
2021-12-25 16:00:00+00:00,25.0,12.289133071899414
2021-12-25 17:00:00+00:00,19.0,18.133337020874023
2021-12-25 18:00:00+00:00,12.0,13.82197093963623
2021-12-25 19:00:00+00:00,5.0,8.535693168640137
2021-12-25 20:00:00+00:00,5.0,5.124041557312012
2021-12-25 21:00:00+00:00,3.0,4.632423400878906
2021-12-25 22:00:00+00:00,1.0,2.4793684482574463
2021-12-25 23:00:00+00:00,2.0,0.4558475911617279
2021-12-26 00:00:00+00:00,0.0,0.4928871989250183
2021-12-26 01:00:00+00:00,0.0,-0.7023820281028748
2021-12-26 02:00:00+00:00,0.0,-0.14075487852096558
2021-12-26 03:00:00+00:00,2.0,1.3454875946044922
2021-12-26 04:00:00+00:00,2.0,5.244996070861816
2021-12-26 05:00:00+00:00,1.0,5.5668134689331055
2021-12-26 06:00:00+00:00,3.0,2.096853494644165
2021-12-26 07:00:00+00:00,13.0,5.745552062988281
2021-12-26 08:00:00+00:00,16.0,27.302061080932617
2021-12-26 09:00:00+00:00,26.0,25.25191307067871
2021-12-26 10:00:00+00:00,34.0,33.93024826049805
2021-12-26 11:00:00+00:00,38.0,37.327919006347656
2021-12-26 12:00:00+00:00,37.0,37.627342224121094
2021-12-26 13:00:00+00:00,37.0,39.0633430480957
2021-12-26 14:00:00+00:00,24.0,38.88650894165039
2021-12-26 15:00:00+00:00,19.0,26.17837142944336
2021-12-26 16:00:00+00:00,28.0,21.386001586914062
2021-12-26 17:00:00+00:00,21.0,27.905893325805664
2021-12-26 18:00:00+00:00,14.0,19.450735092163086
2021-12-26 19:00:00+00:00,7.0,9.230974197387695
2021-12-26 20:00:00+00:00,4.0,3.503175973892212
2021-12-26 21:00:00+00:00,3.0,1.8998231887817383
2021-12-26 22:00:00+00:00,2.0,1.100247859954834
2021-12-26 23:00:00+00:00,1.0,0.8766564130783081
2021-12-27 00:00:00+00:00,1.0,0.21351754665374756
2021-12-27 01:00:00+00:00,0.0,0.5412224531173706
2021-12-27 02:00:00+00:00,5.0,0.6231428980827332
2021-12-27 03:00:00+00:00,6.0,15.945513725280762
2021-12-27 04:00:00+00:00,23.0,16.29810333251953
2021-12-27 05:00:00+00:00,16.0,36.70380783081055
2021-12-27 06:00:00+00:00,31.0,20.45155143737793
2021-12-27 07:00:00+00:00,23.0,48.99470901489258
2021-12-27 08:00:00+00:00,30.0,35.253971099853516
2021-12-27 09:00:00+00:00,42.0,37.16643142700195
2021-12-27 10:00:00+00:00,51.0,37.94436264038086
2021-12-27 11:00:00+00:00,57.0,39.926910400390625
2021-12-27 12:00:00+00:00,36.0,47.30088424682617
2021-12-27 13:00:00+00:00,38.0,34.314796447753906
2021-12-27 14:00:00+00:00,34.0,31.548269271850586
2021-12-27 15:00:00+00:00,28.0,26.305377960205078
2021-12-27 16:00:00+00:00,22.0,24.163902282714844
2021-12-27 17:00:00+00:00,23.0,19.43388557434082
2021-12-27 18:00:00+00:00,7.0,18.550762176513672
2021-12-27 19:00:00+00:00,12.0,6.338855743408203
2021-12-27 20:00:00+00:00,3.0,8.736373901367188
2021-12-27 21:00:00+00:00,2.0,3.0189433097839355
2021-12-27 22:00:00+00:00,1.0,0.7801641225814819
2021-12-27 23:00:00+00:00,3.0,0.19216960668563843
2021-12-28 00:00:00+00:00,0.0,2.557695150375366
2021-12-28 01:00:00+00:00,2.0,-0.7257861495018005
2021-12-28 02:00:00+00:00,1.0,4.6315693855285645
2021-12-28 03:00:00+00:00,5.0,6.144011974334717
2021-12-28 04:00:00+00:00,22.0,13.540274620056152
2021-12-28 05:00:00+00:00,13.0,36.24931716918945
2021-12-28 06:00:00+00:00,12.0,17.121747970581055
2021-12-28 07:00:00+00:00,25.0,20.257076263427734
2021-12-28 08:00:00+00:00,25.0,40.56942367553711
2021-12-28 09:00:00+00:00,45.0,33.99954605102539
2021-12-28 10:00:00+00:00,41.0,44.120567321777344
2021-12-28 11:00:00+00:00,42.0,35.83149337768555
2021-12-28 12:00:00+00:00,46.0,38.10075378417969
2021-12-28 13:00:00+00:00,48.0,43.90872573852539
2021-12-28 14:00:00+00:00,34.0,36.72411346435547
2021-12-28 15:00:00+00:00,22.0,26.270212173461914
2021-12-28 16:00:00+00:00,22.0,20.078449249267578
2021-12-28 17:00:00+00:00,17.0,19.02953338623047
2021-12-28 18:00:00+00:00,11.0,14.029593467712402
2021-12-28 19:00:00+00:00,6.0,9.814647674560547
2021-12-28 20:00:00+00:00,2.0,5.63076114654541
2021-12-28 21:00:00+00:00,1.0,2.0599005222320557
2021-12-28 22:00:00+00:00,0.0,0.1664174199104309
2021-12-28 23:00:00+00:00,0.0,-0.5995368361473083
2021-12-29 00:00:00+00:00,1.0,-0.5492842793464661
2021-12-29 01:00:00+00:00,1.0,0.12892001867294312
2021-12-29 02:00:00+00:00,0.0,2.5210092067718506
2021-12-29 03:00:00+00:00,3.0,3.2753288745880127
2021-12-29 04:00:00+00:00,20.0,8.826363563537598
2021-12-29 05:00:00+00:00,22.0,36.5052604675293
2021-12-29 06:00:00+00:00,25.0,31.337566375732422
2021-12-29 07:00:00+00:00,30.0,37.96843338012695
2021-12-29 08:00:00+00:00,34.0,51.32872772216797
2021-12-29 09:00:00+00:00,55.0,40.66545867919922
2021-12-29 10:00:00+00:00,45.0,61.1705207824707
2021-12-29 11:00:00+00:00,41.0,38.6484489440918
2021-12-29 12:00:00+00:00,46.0,39.354976654052734
2021-12-29 13:00:00+00:00,46.0,42.47704315185547
2021-12-29 14:00:00+00:00,43.0,35.620338439941406
2021-12-29 15:00:00+00:00,26.0,34.166629791259766
2021-12-29 16:00:00+00:00,22.0,21.544769287109375
2021-12-29 17:00:00+00:00,10.0,18.336301803588867
2021-12-29 18:00:00+00:00,14.0,8.611836433410645
2021-12-29 19:00:00+00:00,10.0,11.983718872070312
2021-12-29 20:00:00+00:00,3.0,7.5139288902282715
2021-12-29 21:00:00+00:00,2.0,2.4004225730895996
2021-12-29 22:00:00+00:00,1.0,0.5851022005081177
2021-12-29 23:00:00+00:00,1.0,-0.1982472538948059
2021-12-30 00:00:00+00:00,1.0,0.0187455415725708
2021-12-30 01:00:00+00:00,0.0,-0.24227696657180786
2021-12-30 02:00:00+00:00,1.0,0.09602940082550049
2021-12-30 03:00:00+00:00,7.0,6.814111232757568
2021-12-30 04:00:00+00:00,13.0,14.864863395690918
2021-12-30 05:00:00+00:00,6.0,31.344280242919922
2021-12-30 06:00:00+00:00,9.0,10.997862815856934
2021-12-30 07:00:00+00:00,30.0,18.493324279785156
2021-12-30 08:00:00+00:00,38.0,45.56672668457031
2021-12-30 09:00:00+00:00,45.0,51.534507751464844
2021-12-30 10:00:00+00:00,53.0,44.89702224731445
2021-12-30 11:00:00+00:00,51.0,51.060752868652344
2021-12-30 12:00:00+00:00,45.0,45.381187438964844
2021-12-30 13:00:00+00:00,42.0,43.1734619140625
2021-12-30 14:00:00+00:00,41.0,36.16289138793945
2021-12-30 15:00:00+00:00,18.0,33.252777099609375
2021-12-30 16:00:00+00:00,23.0,16.01080894470215
2021-12-30 17:00:00+00:00,11.0,18.77364730834961
2021-12-30 18:00:00+00:00,11.0,9.153081893920898
2021-12-30 19:00:00+00:00,11.0,9.699470520019531
2021-12-30 20:00:00+00:00,4.0,7.6988630294799805
2021-12-30 21:00:00+00:00,2.0,3.2288784980773926
2021-12-30 22:00:00+00:00,0.0,0.9231496453285217
2021-12-30 23:00:00+00:00,0.0,-0.7665333151817322
2021-12-31 00:00:00+00:00,2.0,-0.57503741979599
2021-12-31 01:00:00+00:00,0.0,1.569685935974121
2021-12-31 02:00:00+00:00,1.0,-0.22312718629837036
2021-12-31 03:00:00+00:00,1.0,4.376630783081055
2021-12-31 04:00:00+00:00,11.0,6.936639308929443
2021-12-31 05:00:00+00:00,2.0,28.257722854614258
2021-12-31 06:00:00+00:00,9.0,3.097209930419922
2021-12-31 07:00:00+00:00,17.0,20.94740104675293
2021-12-31 08:00:00+00:00,23.0,37.108558654785156
2021-12-31 09:00:00+00:00,29.0,35.33517074584961
2021-12-31 10:00:00+00:00,27.0,34.8055419921875
2021-12-31 11:00:00+00:00,26.0,27.363910675048828
2021-12-31 12:00:00+00:00,21.0,23.749296188354492
2021-12-31 13:00:00+00:00,20.0,19.695281982421875
2021-12-31 14:00:00+00:00,10.0,18.27472496032715
2021-12-31 15:00:00+00:00,10.0,8.226402282714844
2021-12-31 16:00:00+00:00,5.0,8.23889446258545
2021-12-31 17:00:00+00:00,5.0,2.9940006732940674
2021-12-31 18:00:00+00:00,3.0,2.5612964630126953
2021-12-31 19:00:00+00:00,2.0,1.5628905296325684
2021-12-31 20:00:00+00:00,0.0,1.320160150527954
2021-12-31 21:00:00+00:00,2.0,-0.3384590744972229
2021-12-31 22:00:00+00:00,4.0,1.44758939743042
2021-12-31 23:00:00+00:00,2.0,3.028740644454956
2022-01-01 00:00:00+00:00,1.0,8.359112739562988
2022-01-01 01:00:00+00:00,2.0,3.369952917098999
2022-01-01 02:00:00+00:00,1.0,0.34437358379364014
2022-01-01 03:00:00+00:00,4.0,-0.8518560528755188
2022-01-01 04:00:00+00:00,0.0,10.266082763671875
2022-01-01 05:00:00+00:00,2.0,-0.884796679019928
2022-01-01 06:00:00+00:00,5.0,2.0536632537841797
2022-01-01 07:00:00+00:00,3.0,11.110128402709961
2022-01-01 08:00:00+00:00,7.0,4.541141986846924
2022-01-01 09:00:00+00:00,13.0,15.614370346069336
2022-01-01 10:00:00+00:00,17.0,25.568675994873047
2022-01-01 11:00:00+00:00,33.0,19.58446502685547
2022-01-01 12:00:00+00:00,23.0,37.52802658081055
2022-01-01 13:00:00+00:00,36.0,21.544631958007812
2022-01-01 14:00:00+00:00,31.0,34.44255065917969
2022-01-01 15:00:00+00:00,18.0,29.88566780090332
2022-01-01 16:00:00+00:00,18.0,18.16432762145996
2022-01-01 17:00:00+00:00,15.0,14.926358222961426
2022-01-01 18:00:00+00:00,14.0,9.914194107055664
2022-01-01 19:00:00+00:00,3.0,9.234142303466797
2022-01-01 20:00:00+00:00,4.0,2.670229911804199
2022-01-01 21:00:00+00:00,2.0,3.717486619949341
2022-01-01 22:00:00+00:00,0.0,1.5761158466339111
2022-01-01 23:00:00+00:00,0.0,0.04600733518600464
2022-01-02 00:00:00+00:00,1.0,-0.10622197389602661
2022-01-02 01:00:00+00:00,0.0,-0.2624005675315857
2022-01-02 02:00:00+00:00,0.0,-0.43052464723587036
2022-01-02 03:00:00+00:00,0.0,1.2335681915283203
2022-01-02 04:00:00+00:00,3.0,2.4038705825805664
2022-01-02 05:00:00+00:00,9.0,6.719805717468262
2022-01-02 06:00:00+00:00,5.0,15.471430778503418
2022-01-02 07:00:00+00:00,8.0,9.487298965454102
2022-01-02 08:00:00+00:00,23.0,20.54561996459961
2022-01-02 09:00:00+00:00,34.0,35.588653564453125
2022-01-02 10:00:00+00:00,42.0,41.202518463134766
2022-01-02 11:00:00+00:00,37.0,53.653560638427734
2022-01-02 12:00:00+00:00,46.0,37.0317497253418
2022-01-02 13:00:00+00:00,46.0,47.4608268737793
2022-01-02 14:00:00+00:00,57.0,43.0032958984375
2022-01-02 15:00:00+00:00,33.0,55.35422134399414
2022-01-02 16:00:00+00:00,25.0,35.456905364990234
2022-01-02 17:00:00+00:00,22.0,27.41082763671875
2022-01-02 18:00:00+00:00,12.0,21.395442962646484
2022-01-02 19:00:00+00:00,1.0,9.331958770751953
2022-01-02 20:00:00+00:00,3.0,-0.609468400478363
2022-01-02 21:00:00+00:00,1.5,1.002515435218811
2022-01-02 22:00:00+00:00,0.0,0.3026013970375061
2022-01-02 23:00:00+00:00,0.0,0.3498157858848572
2022-01-03 00:00:00+00:00,0.0,-0.6613543629646301
2022-01-03 01:00:00+00:00,1.0,-0.5336177945137024
2022-01-03 02:00:00+00:00,1.0,2.278942108154297
2022-01-03 03:00:00+00:00,12.0,4.896305561065674
2022-01-03 04:00:00+00:00,36.0,53.80195236206055
2022-01-03 05:00:00+00:00,28.0,50.870845794677734
2022-01-03 06:00:00+00:00,30.0,29.093050003051758
2022-01-03 07:00:00+00:00,24.0,29.566293716430664
2022-01-03 08:00:00+00:00,26.0,26.119861602783203
2022-01-03 09:00:00+00:00,41.0,28.324539184570312
2022-01-03 10:00:00+00:00,30.0,37.90268325805664
2022-01-03 11:00:00+00:00,24.0,30.05489730834961
2022-01-03 12:00:00+00:00,29.0,25.362882614135742
2022-01-03 13:00:00+00:00,38.0,36.357505798339844
2022-01-03 14:00:00+00:00,31.0,31.8586483001709
2022-01-03 15:00:00+00:00,24.0,23.841228485107422
2022-01-03 16:00:00+00:00,17.0,20.63949966430664
2022-01-03 17:00:00+00:00,9.0,15.013047218322754
2022-01-03 18:00:00+00:00,11.0,8.656087875366211
2022-01-03 19:00:00+00:00,6.0,9.41712474822998
2022-01-03 20:00:00+00:00,4.0,4.7135186195373535
2022-01-03 21:00:00+00:00,3.0,3.904906988143921
2022-01-03 22:00:00+00:00,2.0,1.4274394512176514
2022-01-03 23:00:00+00:00,1.0,1.5851415395736694
2022-01-04 00:00:00+00:00,0.0,0.44514819979667664
2022-01-04 01:00:00+00:00,2.0,-0.7652985453605652
2022-01-04 02:00:00+00:00,5.0,3.864502191543579
2022-01-04 03:00:00+00:00,10.0,14.31505298614502
2022-01-04 04:00:00+00:00,30.0,46.2180061340332
2022-01-04 05:00:00+00:00,19.0,43.50824737548828
2022-01-04 06:00:00+00:00,18.0,15.775486946105957
2022-01-04 07:00:00+00:00,29.0,16.551555633544922
2022-01-04 08:00:00+00:00,23.0,30.70503807067871
2022-01-04 09:00:00+00:00,27.0,25.27081871032715
2022-01-04 10:00:00+00:00,28.0,28.47657585144043
2022-01-04 11:00:00+00:00,23.0,27.644317626953125
2022-01-04 12:00:00+00:00,25.0,25.812192916870117
2022-01-04 13:00:00+00:00,41.0,31.552066802978516
2022-01-04 14:00:00+00:00,25.0,34.59403610229492
2022-01-04 15:00:00+00:00,23.0,19.08470344543457
2022-01-04 16:00:00+00:00,18.0,20.784469604492188
2022-01-04 17:00:00+00:00,13.0,15.8509521484375
2022-01-04 18:00:00+00:00,3.0,11.409457206726074
2022-01-04 19:00:00+00:00,4.0,1.2564127445220947
2022-01-04 20:00:00+00:00,3.0,2.8290393352508545
2022-01-04 21:00:00+00:00,2.5,2.6413474082946777
2022-01-04 22:00:00+00:00,2.0,0.8696220517158508
2022-01-04 23:00:00+00:00,0.0,1.6280828714370728
2022-01-05 00:00:00+00:00,0.0,-0.6325957179069519
2022-01-05 01:00:00+00:00,2.0,-0.8043108582496643
2022-01-05 02:00:00+00:00,1.0,3.609182834625244
2022-01-05 03:00:00+00:00,5.0,5.304191589355469
2022-01-05 04:00:00+00:00,31.0,32.0177001953125
2022-01-05 05:00:00+00:00,31.0,46.52600860595703
2022-01-05 06:00:00+00:00,20.0,37.50712585449219
2022-01-05 07:00:00+00:00,30.0,17.072696685791016
2022-01-05 08:00:00+00:00,24.0,31.111618041992188
2022-01-05 09:00:00+00:00,38.0,26.42262840270996
2022-01-05 10:00:00+00:00,30.0,35.28575897216797
2022-01-05 11:00:00+00:00,40.0,30.85652732849121
2022-01-05 12:00:00+00:00,37.0,39.13297653198242
2022-01-05 13:00:00+00:00,51.0,45.25682830810547
2022-01-05 14:00:00+00:00,28.0,33.88523483276367
2022-01-05 15:00:00+00:00,34.0,21.23695945739746
2022-01-05 16:00:00+00:00,14.0,28.12001609802246
2022-01-05 17:00:00+00:00,18.0,12.819478034973145
2022-01-05 18:00:00+00:00,8.0,14.478487968444824
2022-01-05 19:00:00+00:00,2.0,6.6848626136779785
2022-01-05 20:00:00+00:00,3.0,0.7088296413421631
2022-01-05 21:00:00+00:00,1.5,2.1605803966522217
2022-01-05 22:00:00+00:00,0.0,0.39850425720214844
2022-01-05 23:00:00+00:00,0.0,-0.05147433280944824
2022-01-06 00:00:00+00:00,0.0,-0.5200287699699402
2022-01-06 01:00:00+00:00,1.0,-0.8260371088981628
2022-01-06 02:00:00+00:00,1.0,1.2725802659988403
2022-01-06 03:00:00+00:00,7.0,5.02498722076416
2022-01-06 04:00:00+00:00,27.0,35.94754409790039
2022-01-06 05:00:00+00:00,30.0,36.105194091796875
2022-01-06 06:00:00+00:00,18.0,37.39697265625
2022-01-06 07:00:00+00:00,24.0,14.767498016357422
2022-01-06 08:00:00+00:00,31.0,25.770774841308594
2022-01-06 09:00:00+00:00,28.0,32.959495544433594
2022-01-06 10:00:00+00:00,34.0,26.169469833374023
2022-01-06 11:00:00+00:00,22.0,33.04654312133789
2022-01-06 12:00:00+00:00,30.0,26.136999130249023
2022-01-06 13:00:00+00:00,52.0,40.58456802368164
2022-01-06 14:00:00+00:00,25.0,38.64472579956055
2022-01-06 15:00:00+00:00,16.0,19.65263557434082
2022-01-06 16:00:00+00:00,18.0,14.621527671813965
2022-01-06 17:00:00+00:00,14.0,14.473515510559082
2022-01-06 18:00:00+00:00,6.0,11.426572799682617
2022-01-06 19:00:00+00:00,1.0,4.737139701843262
2022-01-06 20:00:00+00:00,2.0,-0.36799126863479614
2022-01-06 21:00:00+00:00,2.0,0.8988226652145386
2022-01-06 22:00:00+00:00,2.0,0.7006969451904297
2022-01-06 23:00:00+00:00,0.0,1.8686819076538086
2022-01-07 00:00:00+00:00,0.0,-0.23716753721237183
2022-01-07 01:00:00+00:00,2.0,-0.8258658051490784
2022-01-07 02:00:00+00:00,2.0,3.7193450927734375
2022-01-07 03:00:00+00:00,5.0,9.030613899230957
2022-01-07 04:00:00+00:00,24.0,26.679494857788086
2022-01-07 05:00:00+00:00,22.0,33.232784271240234
2022-01-07 06:00:00+00:00,26.0,23.343656539916992
2022-01-07 07:00:00+00:00,16.0,28.019346237182617
2022-01-07 08:00:00+00:00,24.0,17.104110717773438
2022-01-07 09:00:00+00:00,41.0,27.13385581970215
2022-01-07 10:00:00+00:00,28.0,42.29654312133789
2022-01-07 11:00:00+00:00,38.0,30.41190528869629
2022-01-07 12:00:00+00:00,36.0,40.037269592285156
2022-01-07 13:00:00+00:00,60.0,42.431671142578125
2022-01-07 14:00:00+00:00,50.0,48.652130126953125
2022-01-07 15:00:00+00:00,34.0,40.89486312866211
2022-01-07 16:00:00+00:00,21.0,26.07069206237793
2022-01-07 17:00:00+00:00,8.0,14.98263168334961
2022-01-07 18:00:00+00:00,6.0,5.399808406829834
2022-01-07 19:00:00+00:00,8.0,3.9832136631011963
2022-01-07 20:00:00+00:00,3.0,5.995223522186279
2022-01-07 21:00:00+00:00,1.5,2.8656766414642334
2022-01-07 22:00:00+00:00,0.0,0.6365928649902344
2022-01-07 23:00:00+00:00,2.0,-0.6239859461784363
2022-01-08 00:00:00+00:00,1.0,3.397357940673828
2022-01-08 01:00:00+00:00,0.0,-0.04109233617782593
2022-01-08 02:00:00+00:00,2.0,-0.2098446488380432
2022-01-08 03:00:00+00:00,1.0,3.307835340499878
2022-01-08 04:00:00+00:00,9.0,2.006434679031372
2022-01-08 05:00:00+00:00,8.0,16.886436462402344
2022-01-08 06:00:00+00:00,8.0,19.46552085876465
2022-01-08 07:00:00+00:00,17.0,22.089275360107422
2022-01-08 08:00:00+00:00,30.0,27.213138580322266
2022-01-08 09:00:00+00:00,17.0,44.2800178527832
2022-01-08 10:00:00+00:00,23.0,18.7763671875
2022-01-08 11:00:00+00:00,25.0,25.41438102722168
2022-01-08 12:00:00+00:00,21.0,25.32246971130371
2022-01-08 13:00:00+00:00,18.0,19.470216751098633
2022-01-08 14:00:00+00:00,23.0,18.556396484375
2022-01-08 15:00:00+00:00,11.0,21.465457916259766
2022-01-08 16:00:00+00:00,15.0,12.177258491516113
2022-01-08 17:00:00+00:00,12.0,11.691659927368164
2022-01-08 18:00:00+00:00,7.0,7.400295734405518
2022-01-08 19:00:00+00:00,3.0,4.668515682220459
2022-01-08 20:00:00+00:00,2.0,2.5911364555358887
2022-01-08 21:00:00+00:00,1.0,1.3030511140823364
2022-01-08 22:00:00+00:00,0.0,0.058082401752471924
2022-01-08 23:00:00+00:00,2.0,-0.4105413556098938
2022-01-09 00:00:00+00:00,0.0,3.0063436031341553
2022-01-09 01:00:00+00:00,0.0,-0.6125199198722839
2022-01-09 02:00:00+00:00,0.0,0.2172604203224182
2022-01-09 03:00:00+00:00,1.0,0.4792230427265167
2022-01-09 04:00:00+00:00,10.0,2.769176721572876
2022-01-09 05:00:00+00:00,1.0,17.67801856994629
2022-01-09 06:00:00+00:00,6.0,1.126695156097412
2022-01-09 07:00:00+00:00,9.0,13.377437591552734
2022-01-09 08:00:00+00:00,18.0,18.569913864135742
2022-01-09 09:00:00+00:00,25.0,25.835617065429688
2022-01-09 10:00:00+00:00,38.0,33.084373474121094
2022-01-09 11:00:00+00:00,33.0,45.14716339111328
2022-01-09 12:00:00+00:00,43.0,36.242103576660156
2022-01-09 13:00:00+00:00,48.0,40.17228317260742
2022-01-09 14:00:00+00:00,55.0,43.712345123291016
2022-01-09 15:00:00+00:00,57.0,53.401519775390625
2022-01-09 16:00:00+00:00,36.0,53.87102127075195
2022-01-09 17:00:00+00:00,23.0,32.1126708984375
2022-01-09 18:00:00+00:00,18.0,22.1242618560791
2022-01-09 19:00:00+00:00,1.0,13.852535247802734
2022-01-09 20:00:00+00:00,2.0,-0.6344709992408752
2022-01-09 21:00:00+00:00,1.0,0.1663411259651184
2022-01-09 22:00:00+00:00,0.0,0.07106941938400269
2022-01-09 23:00:00+00:00,0.0,0.5248127579689026
2022-01-10 00:00:00+00:00,0.0,-0.6750823855400085
2022-01-10 01:00:00+00:00,1.0,-0.5827735066413879
2022-01-10 02:00:00+00:00,7.0,2.0251221656799316
2022-01-10 03:00:00+00:00,9.0,17.311948776245117
2022-01-10 04:00:00+00:00,32.0,39.177093505859375
2022-01-10 05:00:00+00:00,42.0,42.921329498291016
2022-01-10 06:00:00+00:00,25.0,53.63371658325195
2022-01-10 07:00:00+00:00,27.0,20.13364601135254
2022-01-10 08:00:00+00:00,34.0,27.84865379333496
2022-01-10 09:00:00+00:00,24.0,33.381168365478516
2022-01-10 10:00:00+00:00,38.0,23.671113967895508
2022-01-10 11:00:00+00:00,32.0,34.40357971191406
2022-01-10 12:00:00+00:00,32.0,38.311561584472656
2022-01-10 13:00:00+00:00,61.0,43.06193923950195
2022-01-10 14:00:00+00:00,39.0,41.99642562866211
2022-01-10 15:00:00+00:00,29.0,30.794288635253906
2022-01-10 16:00:00+00:00,18.0,23.372638702392578
2022-01-10 17:00:00+00:00,11.0,15.70479679107666
2022-01-10 18:00:00+00:00,8.0,9.516026496887207
2022-01-10 19:00:00+00:00,4.0,6.69651985168457
2022-01-10 20:00:00+00:00,5.0,3.018545389175415
2022-01-10 21:00:00+00:00,2.5,4.272912502288818
2022-01-10 22:00:00+00:00,0.0,0.9423741698265076
2022-01-10 23:00:00+00:00,0.0,-0.25656408071517944
2022-01-11 00:00:00+00:00,0.0,-0.6683258414268494
2022-01-11 01:00:00+00:00,1.0,-0.736584484577179
2022-01-11 02:00:00+00:00,2.0,2.151212215423584
2022-01-11 03:00:00+00:00,4.0,6.716833114624023
2022-01-11 04:00:00+00:00,39.0,27.684457778930664
2022-01-11 05:00:00+00:00,33.0,50.92048645019531
2022-01-11 06:00:00+00:00,27.0,38.979827880859375
2022-01-11 07:00:00+00:00,27.0,24.26161003112793
2022-01-11 08:00:00+00:00,32.0,29.399925231933594
2022-01-11 09:00:00+00:00,31.0,32.35322570800781
2022-01-11 10:00:00+00:00,41.0,28.622901916503906
2022-01-11 11:00:00+00:00,24.0,38.5784797668457
2022-01-11 12:00:00+00:00,38.0,29.487396240234375
2022-01-11 13:00:00+00:00,53.0,47.302764892578125
2022-01-11 14:00:00+00:00,22.0,35.18024444580078
2022-01-11 15:00:00+00:00,16.0,17.423786163330078
2022-01-11 16:00:00+00:00,17.0,15.924605369567871
2022-01-11 17:00:00+00:00,9.0,14.709280014038086
2022-01-11 18:00:00+00:00,7.0,8.91494369506836
2022-01-11 19:00:00+00:00,5.0,5.518512725830078
2022-01-11 20:00:00+00:00,0.0,3.4488823413848877
2022-01-11 21:00:00+00:00,0.0,-0.3966861367225647
2022-01-11 22:00:00+00:00,0.0,-0.5728625655174255
2022-01-11 23:00:00+00:00,0.0,-0.193309485912323
2022-01-12 00:00:00+00:00,0.0,-0.5744181275367737
2022-01-12 01:00:00+00:00,1.0,-0.8399040102958679
2022-01-12 02:00:00+00:00,0.0,1.6271603107452393
2022-01-12 03:00:00+00:00,9.0,0.2534710764884949
2022-01-12 04:00:00+00:00,40.0,41.02069091796875
2022-01-12 05:00:00+00:00,27.0,51.18063735961914
2022-01-12 06:00:00+00:00,36.0,29.59391212463379
2022-01-12 07:00:00+00:00,27.0,37.62504196166992
2022-01-12 08:00:00+00:00,17.0,27.244449615478516
2022-01-12 09:00:00+00:00,27.0,16.55772590637207
2022-01-12 10:00:00+00:00,20.0,27.16488265991211
2022-01-12 11:00:00+00:00,34.0,21.212400436401367
2022-01-12 12:00:00+00:00,38.0,39.173301696777344
2022-01-12 13:00:00+00:00,45.0,44.60833740234375
2022-01-12 14:00:00+00:00,26.0,38.715370178222656
2022-01-12 15:00:00+00:00,20.0,20.842586517333984
2022-01-12 16:00:00+00:00,19.0,17.827749252319336
2022-01-12 17:00:00+00:00,14.0,15.543963432312012
2022-01-12 18:00:00+00:00,8.0,11.77532958984375
2022-01-12 19:00:00+00:00,5.0,6.871630668640137
2022-01-12 20:00:00+00:00,16.0,3.278353452682495
2022-01-12 21:00:00+00:00,10.0,11.131832122802734
2022-01-12 22:00:00+00:00,4.0,5.593377113342285
2022-01-12 23:00:00+00:00,0.0,3.775571346282959
2022-01-13 00:00:00+00:00,0.0,-0.30453985929489136
2022-01-13 01:00:00+00:00,1.0,-0.8543955683708191
2022-01-13 02:00:00+00:00,0.0,1.439650535583496
2022-01-13 03:00:00+00:00,8.0,0.5300406217575073
2022-01-13 04:00:00+00:00,32.0,37.731895446777344
2022-01-13 05:00:00+00:00,30.0,45.05177688598633
2022-01-13 06:00:00+00:00,28.0,32.190303802490234
2022-01-13 07:00:00+00:00,22.0,26.483591079711914
2022-01-13 08:00:00+00:00,32.0,22.711694717407227
2022-01-13 09:00:00+00:00,27.0,33.64087677001953
2022-01-13 10:00:00+00:00,24.0,25.9654483795166
2022-01-13 11:00:00+00:00,28.0,26.9327449798584
2022-01-13 12:00:00+00:00,31.0,33.93291091918945
2022-01-13 13:00:00+00:00,36.0,44.909095764160156
2022-01-13 14:00:00+00:00,33.0,31.459367752075195
2022-01-13 15:00:00+00:00,25.0,25.394222259521484
2022-01-13 16:00:00+00:00,18.0,20.539461135864258
2022-01-13 17:00:00+00:00,12.0,14.513006210327148
2022-01-13 18:00:00+00:00,5.0,9.741106986999512
2022-01-13 19:00:00+00:00,5.0,3.2459590435028076
2022-01-13 20:00:00+00:00,3.0,3.4513111114501953
2022-01-13 21:00:00+00:00,1.5,1.5377511978149414
2022-01-13 22:00:00+00:00,0.0,0.22514599561691284
2022-01-13 23:00:00+00:00,0.0,0.1246410608291626
2022-01-14 00:00:00+00:00,1.0,-0.10806959867477417
2022-01-14 01:00:00+00:00,1.0,0.2645312547683716
2022-01-14 02:00:00+00:00,0.0,1.4080536365509033
2022-01-14 03:00:00+00:00,7.0,0.32269757986068726
2022-01-14 04:00:00+00:00,25.0,32.594905853271484
2022-01-14 05:00:00+00:00,21.0,34.324581146240234
2022-01-14 06:00:00+00:00,22.0,22.058528900146484
2022-01-14 07:00:00+00:00,33.0,23.169281005859375
2022-01-14 08:00:00+00:00,23.0,34.749183654785156
2022-01-14 09:00:00+00:00,35.0,27.303693771362305
2022-01-14 10:00:00+00:00,28.0,32.53013610839844
2022-01-14 11:00:00+00:00,36.0,30.022214889526367
2022-01-14 12:00:00+00:00,44.0,39.0748291015625
2022-01-14 13:00:00+00:00,50.0,44.74525451660156
2022-01-14 14:00:00+00:00,43.0,41.55073165893555
2022-01-14 15:00:00+00:00,34.0,38.743492126464844
2022-01-14 16:00:00+00:00,23.0,26.50157356262207
2022-01-14 17:00:00+00:00,13.0,17.23887062072754
2022-01-14 18:00:00+00:00,10.0,10.261098861694336
2022-01-14 19:00:00+00:00,4.0,7.310846328735352
2022-01-14 20:00:00+00:00,1.0,2.7252180576324463
2022-01-14 21:00:00+00:00,2.0,0.32144826650619507
2022-01-14 22:00:00+00:00,3.0,0.9884867072105408
2022-01-14 23:00:00+00:00,2.0,2.426548480987549
2022-01-15 00:00:00+00:00,2.0,3.3867878913879395
2022-01-15 01:00:00+00:00,0.0,1.8638525009155273
2022-01-15 02:00:00+00:00,0.0,-0.5442261099815369
2022-01-15 03:00:00+00:00,1.0,-0.5803406834602356
2022-01-15 04:00:00+00:00,9.0,3.879528522491455
2022-01-15 05:00:00+00:00,6.0,16.69364356994629
2022-01-15 06:00:00+00:00,13.0,13.064520835876465
2022-01-15 07:00:00+00:00,26.0,28.786327362060547
2022-01-15 08:00:00+00:00,30.0,42.32261657714844
2022-01-15 09:00:00+00:00,24.0,41.47432327270508
2022-01-15 10:00:00+00:00,33.0,28.821352005004883
2022-01-15 11:00:00+00:00,22.0,31.045137405395508
2022-01-15 12:00:00+00:00,15.0,21.6716365814209
2022-01-15 13:00:00+00:00,31.0,15.5961332321167
2022-01-15 14:00:00+00:00,20.0,28.481266021728516
2022-01-15 15:00:00+00:00,13.0,19.00798797607422
2022-01-15 16:00:00+00:00,18.0,13.223801612854004
2022-01-15 17:00:00+00:00,10.0,13.546370506286621
2022-01-15 18:00:00+00:00,9.0,6.254916667938232
2022-01-15 19:00:00+00:00,3.0,5.7958502769470215
2022-01-15 20:00:00+00:00,3.0,2.4872756004333496
2022-01-15 21:00:00+00:00,1.5,2.4783294200897217
2022-01-15 22:00:00+00:00,0.0,0.4665691554546356
2022-01-15 23:00:00+00:00,2.0,-0.5072426199913025
2022-01-16 00:00:00+00:00,0.0,3.301161766052246
2022-01-16 01:00:00+00:00,0.0,-0.2633606791496277
2022-01-16 02:00:00+00:00,0.0,0.016564607620239258
2022-01-16 03:00:00+00:00,1.0,0.4527031481266022
2022-01-16 04:00:00+00:00,2.0,3.2368290424346924
2022-01-16 05:00:00+00:00,2.0,3.7482619285583496
2022-01-16 06:00:00+00:00,7.0,3.869460105895996
2022-01-16 07:00:00+00:00,5.0,13.45807933807373
2022-01-16 08:00:00+00:00,15.0,10.996113777160645
2022-01-16 09:00:00+00:00,20.0,24.219032287597656
2022-01-16 10:00:00+00:00,29.0,24.107261657714844
2022-01-16 11:00:00+00:00,33.0,34.37568664550781
2022-01-16 12:00:00+00:00,43.0,36.491878509521484
2022-01-16 13:00:00+00:00,42.0,39.10516357421875
2022-01-16 14:00:00+00:00,37.0,39.59132766723633
2022-01-16 15:00:00+00:00,37.0,39.664268493652344
2022-01-16 16:00:00+00:00,28.0,39.611812591552734
2022-01-16 17:00:00+00:00,19.0,28.24188804626465
2022-01-16 18:00:00+00:00,12.0,17.6132755279541
2022-01-16 19:00:00+00:00,7.0,7.85074520111084
2022-01-16 20:00:00+00:00,4.0,3.969792127609253
2022-01-16 21:00:00+00:00,2.0,1.7729129791259766
2022-01-16 22:00:00+00:00,0.0,0.7480080723762512
2022-01-16 23:00:00+00:00,0.0,0.523766279220581
2022-01-17 00:00:00+00:00,0.0,-0.5477554202079773
2022-01-17 01:00:00+00:00,1.0,-0.5944787859916687
2022-01-17 02:00:00+00:00,0.0,2.048306465148926
2022-01-17 03:00:00+00:00,12.0,1.7876803874969482
2022-01-17 04:00:00+00:00,46.0,52.91598129272461
2022-01-17 05:00:00+00:00,45.0,56.64321517944336
2022-01-17 06:00:00+00:00,35.0,56.29216384887695
2022-01-17 07:00:00+00:00,40.0,32.521400451660156
2022-01-17 08:00:00+00:00,24.0,32.88993835449219
2022-01-17 09:00:00+00:00,29.0,26.0202693939209
2022-01-17 10:00:00+00:00,26.0,27.89653205871582
2022-01-17 11:00:00+00:00,42.0,25.52248191833496
2022-01-17 12:00:00+00:00,43.0,41.06713104248047
2022-01-17 13:00:00+00:00,40.0,49.103965759277344
2022-01-17 14:00:00+00:00,37.0,32.47709274291992
2022-01-17 15:00:00+00:00,25.0,28.503448486328125
2022-01-17 16:00:00+00:00,19.0,20.660797119140625
2022-01-17 17:00:00+00:00,15.0,15.636346817016602
2022-01-17 18:00:00+00:00,7.0,12.468351364135742
2022-01-17 19:00:00+00:00,5.0,5.266018867492676
2022-01-17 20:00:00+00:00,5.0,3.7724363803863525
2022-01-17 21:00:00+00:00,3.0,4.6331682205200195
2022-01-17 22:00:00+00:00,1.0,1.2502293586730957
2022-01-17 23:00:00+00:00,2.0,0.6551251411437988
2022-01-18 00:00:00+00:00,0.0,1.7879105806350708
2022-01-18 01:00:00+00:00,2.0,-0.7817270159721375
2022-01-18 02:00:00+00:00,0.0,3.91727614402771
2022-01-18 03:00:00+00:00,8.0,0.5493682622909546
2022-01-18 04:00:00+00:00,39.0,39.267887115478516
2022-01-18 05:00:00+00:00,31.0,55.66407012939453
2022-01-18 06:00:00+00:00,17.0,34.259822845458984
2022-01-18 07:00:00+00:00,26.0,13.5262451171875
2022-01-18 08:00:00+00:00,22.0,27.68345069885254
2022-01-18 09:00:00+00:00,45.0,23.08138656616211
2022-01-18 10:00:00+00:00,28.0,43.482696533203125
2022-01-18 11:00:00+00:00,28.0,27.842355728149414
2022-01-18 12:00:00+00:00,40.0,32.6768684387207
2022-01-18 13:00:00+00:00,40.0,46.10306930541992
2022-01-18 14:00:00+00:00,27.0,33.57905960083008
2022-01-18 15:00:00+00:00,24.0,21.35579490661621
2022-01-18 16:00:00+00:00,10.0,19.646944046020508
2022-01-18 17:00:00+00:00,11.0,9.942605972290039
2022-01-18 18:00:00+00:00,4.0,9.266316413879395
2022-01-18 19:00:00+00:00,4.0,1.86128830909729
2022-01-18 20:00:00+00:00,4.0,2.6769983768463135
2022-01-18 21:00:00+00:00,2.5,3.2664237022399902
2022-01-18 22:00:00+00:00,1.0,0.8741734027862549
2022-01-18 23:00:00+00:00,0.0,0.7869453430175781
2022-01-19 00:00:00+00:00,0.0,-0.6283382773399353
2022-01-19 01:00:00+00:00,1.0,-0.8392258286476135
2022-01-19 02:00:00+00:00,1.0,2.0060083866119385
2022-01-19 03:00:00+00:00,9.0,5.858211040496826
2022-01-19 04:00:00+00:00,37.0,41.32890319824219
2022-01-19 05:00:00+00:00,30.0,52.824012756347656
2022-01-19 06:00:00+00:00,19.0,33.13288116455078
2022-01-19 07:00:00+00:00,18.0,15.500956535339355
2022-01-19 08:00:00+00:00,32.0,17.05630874633789
2022-01-19 09:00:00+00:00,31.0,32.896522521972656
2022-01-19 10:00:00+00:00,25.0,27.803512573242188
2022-01-19 11:00:00+00:00,31.0,26.477144241333008
2022-01-19 12:00:00+00:00,43.0,37.15755081176758
2022-01-19 13:00:00+00:00,58.0,53.54486083984375
2022-01-19 14:00:00+00:00,27.0,38.83145523071289
2022-01-19 15:00:00+00:00,31.0,21.08314323425293
2022-01-19 16:00:00+00:00,21.0,25.8817081451416
2022-01-19 17:00:00+00:00,11.0,17.103296279907227
2022-01-19 18:00:00+00:00,9.0,10.232547760009766
2022-01-19 19:00:00+00:00,7.0,7.675065517425537
2022-01-19 20:00:00+00:00,5.0,5.288248062133789
2022-01-19 21:00:00+00:00,2.5,4.008332252502441
2022-01-19 22:00:00+00:00,0.0,0.8688044548034668
2022-01-19 23:00:00+00:00,2.0,-0.10585170984268188
2022-01-20 00:00:00+00:00,1.0,2.271374225616455
2022-01-20 01:00:00+00:00,3.0,0.28756463527679443
2022-01-20 02:00:00+00:00,0.0,6.111085891723633
2022-01-20 03:00:00+00:00,6.0,1.7873737812042236
2022-01-20 04:00:00+00:00,39.0,31.805227279663086
2022-01-20 05:00:00+00:00,28.0,55.81438446044922
2022-01-20 06:00:00+00:00,25.0,29.718595504760742
2022-01-20 07:00:00+00:00,23.0,21.781238555908203
2022-01-20 08:00:00+00:00,32.0,24.021678924560547
2022-01-20 09:00:00+00:00,33.0,34.30948257446289
2022-01-20 10:00:00+00:00,36.0,30.348793029785156
2022-01-20 11:00:00+00:00,33.0,33.92984390258789
2022-01-20 12:00:00+00:00,34.0,38.296119689941406
2022-01-20 13:00:00+00:00,48.0,43.69606399536133
2022-01-20 14:00:00+00:00,36.0,41.569705963134766
2022-01-20 15:00:00+00:00,27.0,30.15462303161621
2022-01-20 16:00:00+00:00,20.0,20.856306076049805
2022-01-20 17:00:00+00:00,9.0,16.129945755004883
2022-01-20 18:00:00+00:00,11.0,7.8396100997924805
2022-01-20 19:00:00+00:00,5.0,9.375710487365723
2022-01-20 20:00:00+00:00,2.0,3.6076786518096924
2022-01-20 21:00:00+00:00,1.5,0.7406012415885925
2022-01-20 22:00:00+00:00,1.0,0.22469747066497803
2022-01-20 23:00:00+00:00,1.0,0.9150077104568481
2022-01-21 00:00:00+00:00,2.0,1.0095103979110718
2022-01-21 01:00:00+00:00,2.0,1.7556941509246826
2022-01-21 02:00:00+00:00,2.0,3.840510606765747
2022-01-21 03:00:00+00:00,7.0,9.488296508789062
2022-01-21 04:00:00+00:00,29.0,32.64423370361328
2022-01-21 05:00:00+00:00,27.0,42.773963928222656
2022-01-21 06:00:00+00:00,26.0,30.195669174194336
2022-01-21 07:00:00+00:00,35.0,27.882556915283203
2022-01-21 08:00:00+00:00,32.0,37.010826110839844
2022-01-21 09:00:00+00:00,28.0,35.16080856323242
2022-01-21 10:00:00+00:00,36.0,28.17063331604004
2022-01-21 11:00:00+00:00,36.0,34.70963668823242
2022-01-21 12:00:00+00:00,43.0,38.65913391113281
2022-01-21 13:00:00+00:00,49.0,41.1989631652832
2022-01-21 14:00:00+00:00,45.0,42.413169860839844
2022-01-21 15:00:00+00:00,37.0,41.57786178588867
2022-01-21 16:00:00+00:00,19.0,29.22764778137207
2022-01-21 17:00:00+00:00,16.0,14.69607925415039
2022-01-21 18:00:00+00:00,9.0,12.423715591430664
2022-01-21 19:00:00+00:00,4.0,6.612318515777588
2022-01-21 20:00:00+00:00,8.0,2.855405569076538
2022-01-21 21:00:00+00:00,7.0,7.486059665679932
2022-01-21 22:00:00+00:00,6.0,5.823273181915283
2022-01-21 23:00:00+00:00,3.0,4.956416130065918
2022-01-22 00:00:00+00:00,0.0,4.689155101776123
2022-01-22 01:00:00+00:00,2.0,-0.7511730790138245
2022-01-22 02:00:00+00:00,1.0,1.2786985635757446
2022-01-22 03:00:00+00:00,2.0,0.9835399389266968
2022-01-22 04:00:00+00:00,4.0,6.604557991027832
2022-01-22 05:00:00+00:00,8.0,6.367600440979004
2022-01-22 06:00:00+00:00,21.0,18.104585647583008
2022-01-22 07:00:00+00:00,21.0,42.27568435668945
2022-01-22 08:00:00+00:00,27.0,37.512413024902344
2022-01-22 09:00:00+00:00,25.0,40.43731689453125
2022-01-22 10:00:00+00:00,38.0,32.330081939697266
2022-01-22 11:00:00+00:00,28.0,37.07968521118164
2022-01-22 12:00:00+00:00,19.0,27.554967880249023
2022-01-22 13:00:00+00:00,16.0,17.26405143737793
2022-01-22 14:00:00+00:00,17.0,16.976970672607422
2022-01-22 15:00:00+00:00,23.0,17.54393768310547
2022-01-22 16:00:00+00:00,15.0,20.35515594482422
2022-01-22 17:00:00+00:00,9.0,12.000436782836914
2022-01-22 18:00:00+00:00,6.0,5.739626884460449
2022-01-22 19:00:00+00:00,7.0,3.3620805740356445
2022-01-22 20:00:00+00:00,7.0,6.3158979415893555
2022-01-22 21:00:00+00:00,4.0,6.427464008331299
2022-01-22 22:00:00+00:00,1.0,3.7499992847442627
2022-01-22 23:00:00+00:00,0.0,0.28437137603759766
2022-01-23 00:00:00+00:00,0.0,1.5848097801208496
2022-01-23 01:00:00+00:00,1.0,-0.29016536474227905
2022-01-23 02:00:00+00:00,0.0,1.53472900390625
2022-01-23 03:00:00+00:00,1.0,0.7186965346336365
2022-01-23 04:00:00+00:00,3.0,3.179273843765259
2022-01-23 05:00:00+00:00,0.0,6.380996227264404
2022-01-23 06:00:00+00:00,10.0,0.17289716005325317
2022-01-23 07:00:00+00:00,10.0,18.608198165893555
2022-01-23 08:00:00+00:00,21.0,24.260540008544922
2022-01-23 09:00:00+00:00,20.0,32.16975402832031
2022-01-23 10:00:00+00:00,32.0,24.142953872680664
2022-01-23 11:00:00+00:00,29.0,37.17152404785156
2022-01-23 12:00:00+00:00,49.0,33.15542221069336
2022-01-23 13:00:00+00:00,37.0,51.600341796875
2022-01-23 14:00:00+00:00,41.0,38.60062789916992
2022-01-23 15:00:00+00:00,39.0,40.06265640258789
2022-01-23 16:00:00+00:00,38.0,37.856727600097656
2022-01-23 17:00:00+00:00,24.0,35.72925567626953
2022-01-23 18:00:00+00:00,11.0,23.35054588317871
2022-01-23 19:00:00+00:00,6.0,7.366223335266113
2022-01-23 20:00:00+00:00,6.0,3.4862220287323
2022-01-23 21:00:00+00:00,3.5,3.1937124729156494
2022-01-23 22:00:00+00:00,1.0,1.402794361114502
2022-01-23 23:00:00+00:00,0.0,1.4912164211273193
2022-01-24 00:00:00+00:00,0.0,-0.7076684832572937
2022-01-24 01:00:00+00:00,3.0,-0.5353567004203796
2022-01-24 02:00:00+00:00,1.0,5.965137004852295
2022-01-24 03:00:00+00:00,12.0,5.381971836090088
2022-01-24 04:00:00+00:00,39.0,51.8068962097168
2022-01-24 05:00:00+00:00,41.0,51.490413665771484
2022-01-24 06:00:00+00:00,22.0,51.85106658935547
2022-01-24 07:00:00+00:00,28.0,18.46864891052246
2022-01-24 08:00:00+00:00,27.0,27.31819725036621
2022-01-24 09:00:00+00:00,34.0,30.272504806518555
2022-01-24 10:00:00+00:00,35.0,30.029155731201172
2022-01-24 11:00:00+00:00,32.0,32.04488754272461
2022-01-24 12:00:00+00:00,34.0,37.15663528442383
2022-01-24 13:00:00+00:00,34.0,44.64414978027344
2022-01-24 14:00:00+00:00,37.0,27.017309188842773
2022-01-24 15:00:00+00:00,26.0,28.65149688720703
2022-01-24 16:00:00+00:00,16.0,21.639223098754883
2022-01-24 17:00:00+00:00,7.0,13.88320541381836
2022-01-24 18:00:00+00:00,8.0,6.173883438110352
2022-01-24 19:00:00+00:00,3.0,6.606480121612549
2022-01-24 20:00:00+00:00,3.0,2.162503480911255
2022-01-24 21:00:00+00:00,2.0,2.8960704803466797
2022-01-24 22:00:00+00:00,1.0,0.6068423986434937
2022-01-24 23:00:00+00:00,0.0,0.670304000377655
2022-01-25 00:00:00+00:00,0.0,-0.6239053606987
2022-01-25 01:00:00+00:00,1.0,-0.7293751835823059
2022-01-25 02:00:00+00:00,1.0,2.1647448539733887
2022-01-25 03:00:00+00:00,8.0,4.230921268463135
2022-01-25 04:00:00+00:00,40.0,38.80689239501953
2022-01-25 05:00:00+00:00,25.0,52.7209358215332
2022-01-25 06:00:00+00:00,23.0,25.385929107666016
2022-01-25 07:00:00+00:00,30.0,19.24818992614746
2022-01-25 08:00:00+00:00,19.0,30.173152923583984
2022-01-25 09:00:00+00:00,30.0,18.54764175415039
2022-01-25 10:00:00+00:00,24.0,27.676010131835938
2022-01-25 11:00:00+00:00,33.0,25.928316116333008
2022-01-25 12:00:00+00:00,38.0,38.19707107543945
2022-01-25 13:00:00+00:00,30.0,45.73259353637695
2022-01-25 14:00:00+00:00,29.0,21.431129455566406
2022-01-25 15:00:00+00:00,24.0,22.69947624206543
2022-01-25 16:00:00+00:00,19.0,20.319005966186523
2022-01-25 17:00:00+00:00,12.0,16.08509635925293
2022-01-25 18:00:00+00:00,9.0,10.065986633300781
2022-01-25 19:00:00+00:00,4.0,7.677260875701904
2022-01-25 20:00:00+00:00,8.0,2.80387544631958
2022-01-25 21:00:00+00:00,4.0,5.977760314941406
2022-01-25 22:00:00+00:00,0.0,1.8675655126571655
2022-01-25 23:00:00+00:00,0.0,-0.17321735620498657
2022-01-26 00:00:00+00:00,0.0,-0.46426719427108765
2022-01-26 01:00:00+00:00,0.0,-0.8366231322288513
2022-01-26 02:00:00+00:00,4.0,-0.37137967348098755
2022-01-26 03:00:00+00:00,8.0,12.391219139099121
2022-01-26 04:00:00+00:00,43.0,37.948219299316406
2022-01-26 05:00:00+00:00,27.0,55.48790740966797
2022-01-26 06:00:00+00:00,20.0,29.988069534301758
2022-01-26 07:00:00+00:00,28.0,15.984273910522461
2022-01-26 08:00:00+00:00,29.0,28.18580436706543
2022-01-26 09:00:00+00:00,35.0,31.288476943969727
2022-01-26 10:00:00+00:00,27.0,32.879547119140625
2022-01-26 11:00:00+00:00,22.0,27.604028701782227
2022-01-26 12:00:00+00:00,46.0,24.829179763793945
2022-01-26 13:00:00+00:00,42.0,59.9904670715332
2022-01-26 14:00:00+00:00,25.0,35.91460037231445
2022-01-26 15:00:00+00:00,23.0,19.34709358215332
2022-01-26 16:00:00+00:00,14.0,18.79777717590332
2022-01-26 17:00:00+00:00,9.0,12.145974159240723
2022-01-26 18:00:00+00:00,11.0,7.910689353942871
2022-01-26 19:00:00+00:00,4.0,9.454745292663574
2022-01-26 20:00:00+00:00,0.0,2.75956130027771
2022-01-26 21:00:00+00:00,0.5,-0.3923354744911194
2022-01-26 22:00:00+00:00,1.0,-0.2980648875236511
2022-01-26 23:00:00+00:00,0.0,0.9339416027069092
2022-01-27 00:00:00+00:00,1.0,-0.3487078547477722
2022-01-27 01:00:00+00:00,2.0,0.28891056776046753
2022-01-27 02:00:00+00:00,0.0,3.7875990867614746
2022-01-27 03:00:00+00:00,5.0,0.4485938549041748
2022-01-27 04:00:00+00:00,39.0,29.688983917236328
2022-01-27 05:00:00+00:00,32.0,52.29296875
2022-01-27 06:00:00+00:00,25.0,43.56993865966797
2022-01-27 07:00:00+00:00,28.0,23.087289810180664
2022-01-27 08:00:00+00:00,22.0,28.912052154541016
2022-01-27 09:00:00+00:00,34.0,25.891836166381836
2022-01-27 10:00:00+00:00,38.0,31.277359008789062
2022-01-27 11:00:00+00:00,36.0,35.85137176513672
2022-01-27 12:00:00+00:00,32.0,37.68259811401367
2022-01-27 13:00:00+00:00,61.0,42.4180793762207
2022-01-27 14:00:00+00:00,34.0,45.88406753540039
2022-01-27 15:00:00+00:00,30.0,28.12830352783203
2022-01-27 16:00:00+00:00,25.0,22.7666015625
2022-01-27 17:00:00+00:00,19.0,17.439537048339844
2022-01-27 18:00:00+00:00,10.0,14.471256256103516
2022-01-27 19:00:00+00:00,9.0,8.424537658691406
2022-01-27 20:00:00+00:00,2.0,6.550052642822266
2022-01-27 21:00:00+00:00,2.5,1.0934475660324097
2022-01-27 22:00:00+00:00,3.0,0.6965298056602478
2022-01-27 23:00:00+00:00,0.0,2.80776309967041
2022-01-28 00:00:00+00:00,1.0,-0.3000052571296692
2022-01-28 01:00:00+00:00,2.0,0.31128156185150146
2022-01-28 02:00:00+00:00,2.0,3.402193307876587
2022-01-28 03:00:00+00:00,7.0,8.699357986450195
2022-01-28 04:00:00+00:00,25.0,33.018550872802734
2022-01-28 05:00:00+00:00,33.0,34.680442810058594
2022-01-28 06:00:00+00:00,31.0,46.439632415771484
2022-01-28 07:00:00+00:00,32.0,31.868988037109375
2022-01-28 08:00:00+00:00,33.0,35.697635650634766
2022-01-28 09:00:00+00:00,40.0,33.966068267822266
2022-01-28 10:00:00+00:00,50.0,38.33537673950195
2022-01-28 11:00:00+00:00,31.0,56.41575622558594
2022-01-28 12:00:00+00:00,45.0,36.6900634765625
2022-01-28 13:00:00+00:00,67.0,43.95869445800781
2022-01-28 14:00:00+00:00,42.0,61.03376770019531
2022-01-28 15:00:00+00:00,23.0,38.7033576965332
2022-01-28 16:00:00+00:00,25.0,19.02423095703125
2022-01-28 17:00:00+00:00,14.0,19.21234893798828
2022-01-28 18:00:00+00:00,8.0,10.816069602966309
2022-01-28 19:00:00+00:00,5.0,6.133822917938232
2022-01-28 20:00:00+00:00,2.0,3.808744192123413
2022-01-28 21:00:00+00:00,1.5,1.8409454822540283
2022-01-28 22:00:00+00:00,1.0,0.5863619446754456
2022-01-28 23:00:00+00:00,1.0,0.48327553272247314
2022-01-29 00:00:00+00:00,1.0,1.943162441253662
2022-01-29 01:00:00+00:00,1.0,0.2342258095741272
2022-01-29 02:00:00+00:00,0.0,0.3677801489830017
2022-01-29 03:00:00+00:00,2.0,-0.024973154067993164
2022-01-29 04:00:00+00:00,6.0,5.614411354064941
2022-01-29 05:00:00+00:00,8.0,10.901261329650879
2022-01-29 06:00:00+00:00,16.0,17.896926879882812
2022-01-29 07:00:00+00:00,14.0,36.17709732055664
2022-01-29 08:00:00+00:00,22.0,25.54891586303711
2022-01-29 09:00:00+00:00,21.0,34.10227966308594
2022-01-29 10:00:00+00:00,26.0,25.67813491821289
2022-01-29 11:00:00+00:00,16.0,29.444740295410156
2022-01-29 12:00:00+00:00,27.0,16.19944190979004
2022-01-29 13:00:00+00:00,14.0,26.508689880371094
2022-01-29 14:00:00+00:00,11.0,16.063671112060547
2022-01-29 15:00:00+00:00,11.0,13.321676254272461
2022-01-29 16:00:00+00:00,5.0,10.324384689331055
2022-01-29 17:00:00+00:00,9.0,3.2914936542510986
2022-01-29 18:00:00+00:00,6.0,6.128144264221191
2022-01-29 19:00:00+00:00,2.0,3.243467330932617
2022-01-29 20:00:00+00:00,1.0,1.2712352275848389
2022-01-29 21:00:00+00:00,0.5,0.06268817186355591
2022-01-29 22:00:00+00:00,0.0,-0.48571985960006714
2022-01-29 23:00:00+00:00,1.0,-0.2736368775367737
2022-01-30 00:00:00+00:00,0.0,1.8896796703338623
2022-01-30 01:00:00+00:00,0.0,-0.6345431208610535
2022-01-30 02:00:00+00:00,0.0,0.35458868741989136
2022-01-30 03:00:00+00:00,1.0,0.7527021765708923
2022-01-30 04:00:00+00:00,2.0,3.1880950927734375
2022-01-30 05:00:00+00:00,4.0,4.40926456451416
2022-01-30 06:00:00+00:00,3.0,7.787468910217285
2022-01-30 07:00:00+00:00,7.0,5.566526889801025
2022-01-30 08:00:00+00:00,21.0,18.683393478393555
2022-01-30 09:00:00+00:00,35.0,29.473297119140625
2022-01-30 10:00:00+00:00,32.0,44.39053726196289
2022-01-30 11:00:00+00:00,51.0,37.35016632080078
2022-01-30 12:00:00+00:00,39.0,58.882015228271484
2022-01-30 13:00:00+00:00,45.0,37.78123474121094
2022-01-30 14:00:00+00:00,37.0,39.423927307128906
2022-01-30 15:00:00+00:00,47.0,38.74956512451172
2022-01-30 16:00:00+00:00,27.0,42.11677551269531
2022-01-30 17:00:00+00:00,25.0,28.38582420349121
2022-01-30 18:00:00+00:00,9.0,24.773805618286133
2022-01-30 19:00:00+00:00,3.0,7.730950355529785
2022-01-30 20:00:00+00:00,2.0,1.230536937713623
2022-01-30 21:00:00+00:00,1.5,0.19429492950439453
2022-01-30 22:00:00+00:00,1.0,0.30345964431762695
2022-01-30 23:00:00+00:00,0.0,1.5382719039916992
2022-01-31 00:00:00+00:00,0.0,-0.5872049927711487
2022-01-31 01:00:00+00:00,4.0,-0.5710844397544861
2022-01-31 02:00:00+00:00,1.0,6.8906731605529785
2022-01-31 03:00:00+00:00,9.0,5.19360876083374
2022-01-31 04:00:00+00:00,49.0,37.28496551513672
2022-01-31 05:00:00+00:00,43.0,58.52422332763672
2022-01-31 06:00:00+00:00,30.0,53.924476623535156
2022-01-31 07:00:00+00:00,34.0,28.502349853515625
2022-01-31 08:00:00+00:00,26.0,32.055355072021484
2022-01-31 09:00:00+00:00,36.0,26.86797523498535
2022-01-31 10:00:00+00:00,25.0,32.40955352783203
2022-01-31 11:00:00+00:00,30.0,25.513376235961914
2022-01-31 12:00:00+00:00,26.0,33.64963912963867
2022-01-31 13:00:00+00:00,36.0,31.962379455566406
2022-01-31 14:00:00+00:00,29.0,29.661407470703125
2022-01-31 15:00:00+00:00,26.0,21.936315536499023
2022-01-31 16:00:00+00:00,18.0,21.556066513061523
2022-01-31 17:00:00+00:00,6.0,15.239668846130371
2022-01-31 18:00:00+00:00,9.0,5.299992561340332
2022-01-31 19:00:00+00:00,8.0,8.011334419250488
2022-01-31 20:00:00+00:00,1.0,5.941110610961914
2022-01-31 21:00:00+00:00,1.0,0.9011972546577454
2022-01-31 22:00:00+00:00,1.0,0.10266447067260742
2022-01-31 23:00:00+00:00,2.0,0.6123182773590088
2022-02-01 00:00:00+00:00,0.0,1.5337430238723755
2022-02-01 01:00:00+00:00,1.0,-0.6565297245979309
2022-02-01 02:00:00+00:00,1.0,2.139277219772339
2022-02-01 03:00:00+00:00,6.0,6.613448143005371
2022-02-01 04:00:00+00:00,49.0,33.11708068847656
2022-02-01 05:00:00+00:00,26.0,70.1155014038086
2022-02-01 06:00:00+00:00,27.0,27.05265235900879
2022-02-01 07:00:00+00:00,19.0,25.12700080871582
2022-02-01 08:00:00+00:00,26.0,19.718414306640625
2022-02-01 09:00:00+00:00,29.0,31.402353286743164
2022-02-01 10:00:00+00:00,29.0,29.837108612060547
2022-02-01 11:00:00+00:00,18.0,30.82853889465332
2022-02-01 12:00:00+00:00,30.0,20.142948150634766
2022-02-01 13:00:00+00:00,36.0,39.71349334716797
2022-02-01 14:00:00+00:00,24.0,30.874263763427734
2022-02-01 15:00:00+00:00,28.0,18.021453857421875
2022-02-01 16:00:00+00:00,11.0,23.15534210205078
2022-02-01 17:00:00+00:00,14.0,10.33503246307373
2022-02-01 18:00:00+00:00,4.0,11.103689193725586
2022-02-01 19:00:00+00:00,5.0,1.8954198360443115
2022-02-01 20:00:00+00:00,1.0,3.0380008220672607
2022-02-01 21:00:00+00:00,1.0,0.597754955291748
2022-02-01 22:00:00+00:00,1.0,-0.02433377504348755
2022-02-01 23:00:00+00:00,1.0,0.7938826680183411
2022-02-02 00:00:00+00:00,1.0,0.503928005695343
2022-02-02 01:00:00+00:00,1.0,0.6965491771697998
2022-02-02 02:00:00+00:00,3.0,2.12929105758667
2022-02-02 03:00:00+00:00,10.0,12.939544677734375
2022-02-02 04:00:00+00:00,36.0,41.81220626831055
2022-02-02 05:00:00+00:00,33.0,56.30276107788086
2022-02-02 06:00:00+00:00,27.0,40.32880783081055
2022-02-02 07:00:00+00:00,32.0,24.73822593688965
2022-02-02 08:00:00+00:00,45.0,34.128868103027344
2022-02-02 09:00:00+00:00,30.0,44.68586349487305
2022-02-02 10:00:00+00:00,30.0,27.15874481201172
2022-02-02 11:00:00+00:00,21.0,31.209346771240234
2022-02-02 12:00:00+00:00,36.0,24.432130813598633
2022-02-02 13:00:00+00:00,44.0,45.22612380981445
2022-02-02 14:00:00+00:00,21.0,37.753273010253906
2022-02-02 15:00:00+00:00,27.0,15.861327171325684
2022-02-02 16:00:00+00:00,19.0,22.223722457885742
2022-02-02 17:00:00+00:00,18.0,15.035051345825195
2022-02-02 18:00:00+00:00,4.0,13.564825057983398
2022-02-02 19:00:00+00:00,2.0,1.3457177877426147
2022-02-02 20:00:00+00:00,5.0,0.1476408839225769
2022-02-02 21:00:00+00:00,2.5,3.4217967987060547
2022-02-02 22:00:00+00:00,0.0,0.7193831205368042
2022-02-02 23:00:00+00:00,2.0,-0.18984049558639526
2022-02-03 00:00:00+00:00,0.0,1.944037914276123
2022-02-03 01:00:00+00:00,2.0,-0.6052469611167908
2022-02-03 02:00:00+00:00,2.0,4.474930763244629
2022-02-03 03:00:00+00:00,9.0,10.396825790405273
2022-02-03 04:00:00+00:00,37.0,39.45987319946289
2022-02-03 05:00:00+00:00,32.0,56.16410827636719
2022-02-03 06:00:00+00:00,25.0,38.08588409423828
2022-02-03 07:00:00+00:00,28.0,21.943981170654297
2022-02-03 08:00:00+00:00,34.0,28.71697235107422
2022-02-03 09:00:00+00:00,34.0,36.18733596801758
2022-02-03 10:00:00+00:00,37.0,30.75156593322754
2022-02-03 11:00:00+00:00,25.0,36.02548599243164
2022-02-03 12:00:00+00:00,38.0,29.895404815673828
2022-02-03 13:00:00+00:00,43.0,43.89995193481445
2022-02-03 14:00:00+00:00,31.0,37.94070816040039
2022-02-03 15:00:00+00:00,12.0,25.158960342407227
2022-02-03 16:00:00+00:00,17.0,10.39598274230957
2022-02-03 17:00:00+00:00,12.0,12.945051193237305
2022-02-03 18:00:00+00:00,8.0,9.957228660583496
2022-02-03 19:00:00+00:00,5.0,6.515018939971924
2022-02-03 20:00:00+00:00,4.0,3.2702291011810303
2022-02-03 21:00:00+00:00,2.0,2.2624387741088867
2022-02-03 22:00:00+00:00,0.0,0.5041950941085815
2022-02-03 23:00:00+00:00,2.0,0.10998928546905518
2022-02-04 00:00:00+00:00,0.0,2.3875763416290283
2022-02-04 01:00:00+00:00,1.0,-0.6759021878242493
2022-02-04 02:00:00+00:00,1.0,2.0846774578094482
2022-02-04 03:00:00+00:00,10.0,7.222439289093018
2022-02-04 04:00:00+00:00,33.0,40.103790283203125
2022-02-04 05:00:00+00:00,33.0,48.2125244140625
2022-02-04 06:00:00+00:00,28.0,45.69517517089844
2022-02-04 07:00:00+00:00,21.0,28.76142692565918
2022-02-04 08:00:00+00:00,30.0,24.987518310546875
2022-02-04 09:00:00+00:00,20.0,32.89767837524414
2022-02-04 10:00:00+00:00,31.0,22.00482177734375
2022-02-04 11:00:00+00:00,36.0,32.138648986816406
2022-02-04 12:00:00+00:00,47.0,39.33804702758789
2022-02-04 13:00:00+00:00,65.0,49.71965026855469
2022-02-04 14:00:00+00:00,50.0,56.98577117919922
2022-02-04 15:00:00+00:00,29.0,40.0963020324707
2022-02-04 16:00:00+00:00,25.0,22.493453979492188
2022-02-04 17:00:00+00:00,9.0,18.13197898864746
2022-02-04 18:00:00+00:00,10.0,7.058820724487305
2022-02-04 19:00:00+00:00,7.0,7.4679365158081055
2022-02-04 20:00:00+00:00,6.0,5.137718200683594
2022-02-04 21:00:00+00:00,3.5,5.679926872253418
2022-02-04 22:00:00+00:00,1.0,2.581376791000366
2022-02-04 23:00:00+00:00,0.0,0.11354011297225952
2022-02-05 00:00:00+00:00,0.0,0.02569568157196045
2022-02-05 01:00:00+00:00,3.0,-0.679278552532196
2022-02-05 02:00:00+00:00,0.0,2.5494232177734375
2022-02-05 03:00:00+00:00,5.0,-0.833346426486969
2022-02-05 04:00:00+00:00,8.0,13.770038604736328
2022-02-05 05:00:00+00:00,10.0,15.544339179992676
2022-02-05 06:00:00+00:00,16.0,22.564796447753906
2022-02-05 07:00:00+00:00,23.0,39.66860580444336
2022-02-05 08:00:00+00:00,30.0,40.30733871459961
2022-02-05 09:00:00+00:00,34.0,44.0089111328125
2022-02-05 10:00:00+00:00,27.0,37.77497482299805
2022-02-05 11:00:00+00:00,29.0,29.064207077026367
2022-02-05 12:00:00+00:00,22.0,28.88047981262207
2022-02-05 13:00:00+00:00,22.0,19.718671798706055
2022-02-05 14:00:00+00:00,26.0,20.60520362854004
2022-02-05 15:00:00+00:00,15.0,24.402013778686523
2022-02-05 16:00:00+00:00,12.0,13.587440490722656
2022-02-05 17:00:00+00:00,4.0,8.263545989990234
2022-02-05 18:00:00+00:00,3.0,2.044767141342163
2022-02-05 19:00:00+00:00,3.0,0.8406794667243958
2022-02-05 20:00:00+00:00,7.0,2.643050193786621
2022-02-05 21:00:00+00:00,4.0,6.160333633422852
2022-02-05 22:00:00+00:00,1.0,3.5157370567321777
2022-02-05 23:00:00+00:00,3.0,0.4483223855495453
2022-02-06 00:00:00+00:00,0.0,3.866344928741455
2022-02-06 01:00:00+00:00,0.0,-0.24329513311386108
2022-02-06 02:00:00+00:00,0.0,-0.8098141551017761
2022-02-06 03:00:00+00:00,1.0,0.268075168132782
2022-02-06 04:00:00+00:00,3.0,2.935645341873169
2022-02-06 05:00:00+00:00,4.0,7.0554070472717285
2022-02-06 06:00:00+00:00,4.0,6.929842948913574
2022-02-06 07:00:00+00:00,9.0,8.575387954711914
2022-02-06 08:00:00+00:00,15.0,22.809818267822266
2022-02-06 09:00:00+00:00,27.0,23.439899444580078
2022-02-06 10:00:00+00:00,37.0,35.63957214355469
2022-02-06 11:00:00+00:00,41.0,40.559478759765625
2022-02-06 12:00:00+00:00,40.0,38.92524337768555
2022-02-06 13:00:00+00:00,41.0,37.752742767333984
2022-02-06 14:00:00+00:00,33.0,39.173744201660156
2022-02-06 15:00:00+00:00,36.0,34.990074157714844
2022-02-06 16:00:00+00:00,32.0,34.898685455322266
2022-02-06 17:00:00+00:00,24.0,30.523456573486328
2022-02-06 18:00:00+00:00,7.0,23.267309188842773
2022-02-06 19:00:00+00:00,7.0,4.964116096496582
2022-02-06 20:00:00+00:00,3.0,3.9977333545684814
2022-02-06 21:00:00+00:00,3.5,0.7845873236656189
2022-02-06 22:00:00+00:00,4.0,1.3556418418884277
2022-02-06 23:00:00+00:00,0.0,4.001417636871338
2022-02-07 00:00:00+00:00,1.0,-0.7810576558113098
2022-02-07 01:00:00+00:00,1.0,1.4486420154571533
2022-02-07 02:00:00+00:00,1.0,2.741131544113159
2022-02-07 03:00:00+00:00,13.0,6.530116081237793
2022-02-07 04:00:00+00:00,53.0,55.46221923828125
2022-02-07 05:00:00+00:00,41.0,64.1237564086914
2022-02-07 06:00:00+00:00,34.0,52.19721221923828
2022-02-07 07:00:00+00:00,25.0,30.87491798400879
2022-02-07 08:00:00+00:00,20.0,24.270605087280273
2022-02-07 09:00:00+00:00,30.0,20.45162010192871
2022-02-07 10:00:00+00:00,20.0,28.936710357666016
2022-02-07 11:00:00+00:00,30.0,18.622737884521484
2022-02-07 12:00:00+00:00,27.0,34.13770294189453
2022-02-07 13:00:00+00:00,43.0,32.874794006347656
2022-02-07 14:00:00+00:00,27.0,36.00486755371094
2022-02-07 15:00:00+00:00,25.0,20.694543838500977
2022-02-07 16:00:00+00:00,21.0,20.349075317382812
2022-02-07 17:00:00+00:00,13.0,16.29033088684082
2022-02-07 18:00:00+00:00,9.0,10.682988166809082
2022-02-07 19:00:00+00:00,2.0,6.537990570068359
2022-02-07 20:00:00+00:00,1.0,1.1107890605926514
2022-02-07 21:00:00+00:00,0.5,0.7370380759239197
2022-02-07 22:00:00+00:00,0.0,-0.1850462555885315
2022-02-07 23:00:00+00:00,1.0,-0.1642398238182068
2022-02-08 00:00:00+00:00,2.0,0.40430784225463867
2022-02-08 01:00:00+00:00,0.0,2.7035467624664307
2022-02-08 02:00:00+00:00,0.0,0.2149391770362854
2022-02-08 03:00:00+00:00,7.0,1.6603772640228271
2022-02-08 04:00:00+00:00,48.0,34.67648696899414
2022-02-08 05:00:00+00:00,31.0,62.708866119384766
2022-02-08 06:00:00+00:00,29.0,34.62238311767578
2022-02-08 07:00:00+00:00,29.0,28.104543685913086
2022-02-08 08:00:00+00:00,15.0,29.693838119506836
2022-02-08 09:00:00+00:00,25.0,14.085243225097656
2022-02-08 10:00:00+00:00,33.0,25.889240264892578
2022-02-08 11:00:00+00:00,34.0,31.86382293701172
2022-02-08 12:00:00+00:00,36.0,39.61088180541992
2022-02-08 13:00:00+00:00,43.0,45.16032028198242
2022-02-08 14:00:00+00:00,29.0,36.50822067260742
2022-02-08 15:00:00+00:00,30.0,22.256608963012695
2022-02-08 16:00:00+00:00,19.0,24.514434814453125
2022-02-08 17:00:00+00:00,11.0,14.655518531799316
2022-02-08 18:00:00+00:00,9.0,9.185508728027344
2022-02-08 19:00:00+00:00,4.0,7.027240753173828
2022-02-08 20:00:00+00:00,1.0,2.4686501026153564
2022-02-08 21:00:00+00:00,0.5,0.36481207609176636
2022-02-08 22:00:00+00:00,0.0,-0.3610796332359314
2022-02-08 23:00:00+00:00,1.0,-0.009992420673370361
2022-02-09 00:00:00+00:00,1.0,0.6398628950119019
2022-02-09 01:00:00+00:00,1.0,0.788407027721405
2022-02-09 02:00:00+00:00,0.0,1.942549467086792
2022-02-09 03:00:00+00:00,13.0,1.819712519645691
2022-02-09 04:00:00+00:00,44.0,54.688446044921875
2022-02-09 05:00:00+00:00,38.0,63.268516540527344
2022-02-09 06:00:00+00:00,31.0,52.37648010253906
2022-02-09 07:00:00+00:00,26.0,29.42534065246582
2022-02-09 08:00:00+00:00,22.0,27.172338485717773
2022-02-09 09:00:00+00:00,33.0,24.788990020751953
2022-02-09 10:00:00+00:00,27.0,29.45560073852539
2022-02-09 11:00:00+00:00,31.0,29.65155601501465
2022-02-09 12:00:00+00:00,31.0,37.337467193603516
2022-02-09 13:00:00+00:00,48.0,42.491783142089844
2022-02-09 14:00:00+00:00,25.0,38.30781173706055
2022-02-09 15:00:00+00:00,22.0,19.269268035888672
2022-02-09 16:00:00+00:00,21.0,19.103940963745117
2022-02-09 17:00:00+00:00,11.0,16.412195205688477
2022-02-09 18:00:00+00:00,9.0,9.22431755065918
2022-02-09 19:00:00+00:00,5.0,7.195451736450195
2022-02-09 20:00:00+00:00,2.0,3.0572402477264404
2022-02-09 21:00:00+00:00,1.0,0.96323162317276
2022-02-09 22:00:00+00:00,0.0,-0.13215726613998413
2022-02-09 23:00:00+00:00,1.0,0.01589113473892212
2022-02-10 00:00:00+00:00,1.0,0.5754780769348145
2022-02-10 01:00:00+00:00,0.0,0.5983819365501404
2022-02-10 02:00:00+00:00,2.0,0.2957240343093872
2022-02-10 03:00:00+00:00,6.0,8.92802906036377
2022-02-10 04:00:00+00:00,44.0,33.029197692871094
2022-02-10 05:00:00+00:00,36.0,60.58512496948242
2022-02-10 06:00:00+00:00,28.0,47.868228912353516
2022-02-10 07:00:00+00:00,24.0,27.104398727416992
2022-02-10 08:00:00+00:00,25.0,26.492643356323242
2022-02-10 09:00:00+00:00,22.0,29.624643325805664
2022-02-10 10:00:00+00:00,28.0,22.99068260192871
2022-02-10 11:00:00+00:00,27.0,29.625865936279297
2022-02-10 12:00:00+00:00,37.0,32.980499267578125
2022-02-10 13:00:00+00:00,50.0,43.813690185546875
2022-02-10 14:00:00+00:00,26.0,42.860260009765625
2022-02-10 15:00:00+00:00,25.0,21.238080978393555
2022-02-10 16:00:00+00:00,15.0,18.666072845458984
2022-02-10 17:00:00+00:00,18.0,11.9985990524292
2022-02-10 18:00:00+00:00,10.0,13.410074234008789
2022-02-10 19:00:00+00:00,4.0,8.133728981018066
2022-02-10 20:00:00+00:00,4.0,2.1331191062927246
2022-02-10 21:00:00+00:00,2.0,2.636338949203491
2022-02-10 22:00:00+00:00,0.0,0.4328455328941345
2022-02-10 23:00:00+00:00,0.0,-0.0668870210647583
2022-02-11 00:00:00+00:00,1.0,-0.4417741894721985
2022-02-11 01:00:00+00:00,1.0,0.8205419778823853
2022-02-11 02:00:00+00:00,1.0,2.247802257537842
2022-02-11 03:00:00+00:00,4.0,7.01731014251709
2022-02-11 04:00:00+00:00,43.0,22.312835693359375
2022-02-11 05:00:00+00:00,33.0,59.527244567871094
2022-02-11 06:00:00+00:00,27.0,44.85777282714844
2022-02-11 07:00:00+00:00,22.0,28.4571590423584
2022-02-11 08:00:00+00:00,30.0,27.34168243408203
2022-02-11 09:00:00+00:00,43.0,34.74401092529297
2022-02-11 10:00:00+00:00,30.0,43.50211715698242
2022-02-11 11:00:00+00:00,35.0,31.18327522277832
2022-02-11 12:00:00+00:00,49.0,36.94571304321289
2022-02-11 13:00:00+00:00,61.0,51.058719635009766
2022-02-11 14:00:00+00:00,35.0,50.33357620239258
2022-02-11 15:00:00+00:00,26.0,31.273271560668945
2022-02-11 16:00:00+00:00,31.0,19.954219818115234
2022-02-11 17:00:00+00:00,13.0,21.651206970214844
2022-02-11 18:00:00+00:00,10.0,9.398402214050293
2022-02-11 19:00:00+00:00,7.0,7.4544878005981445
2022-02-11 20:00:00+00:00,2.0,4.904056072235107
2022-02-11 21:00:00+00:00,3.0,1.9002258777618408
2022-02-11 22:00:00+00:00,4.0,2.0207276344299316
2022-02-11 23:00:00+00:00,0.0,3.399540662765503
2022-02-12 00:00:00+00:00,1.0,-0.05109637975692749
2022-02-12 01:00:00+00:00,3.0,0.20470976829528809
2022-02-12 02:00:00+00:00,0.0,2.9262406826019287
2022-02-12 03:00:00+00:00,5.0,-0.6853769421577454
2022-02-12 04:00:00+00:00,7.0,13.8103609085083
2022-02-12 05:00:00+00:00,9.0,13.614601135253906
2022-02-12 06:00:00+00:00,9.0,20.212663650512695
2022-02-12 07:00:00+00:00,19.0,24.099401473999023
2022-02-12 08:00:00+00:00,21.0,31.925172805786133
2022-02-12 09:00:00+00:00,25.0,28.80829429626465
2022-02-12 10:00:00+00:00,41.0,27.822391510009766
2022-02-12 11:00:00+00:00,17.0,41.156009674072266
2022-02-12 12:00:00+00:00,21.0,14.795319557189941
2022-02-12 13:00:00+00:00,19.0,17.25946044921875
2022-02-12 14:00:00+00:00,15.0,17.230628967285156
2022-02-12 15:00:00+00:00,14.0,15.410593032836914
2022-02-12 16:00:00+00:00,8.0,12.738107681274414
2022-02-12 17:00:00+00:00,11.0,5.775908470153809
2022-02-12 18:00:00+00:00,5.0,7.071044445037842
2022-02-12 19:00:00+00:00,10.0,2.4670815467834473
2022-02-12 20:00:00+00:00,1.0,8.506119728088379
2022-02-12 21:00:00+00:00,1.0,0.182542085647583
2022-02-12 22:00:00+00:00,1.0,0.05867457389831543
2022-02-12 23:00:00+00:00,0.0,0.6186816096305847
2022-02-13 00:00:00+00:00,1.0,1.0164716243743896
2022-02-13 01:00:00+00:00,0.0,1.1880983114242554
2022-02-13 02:00:00+00:00,0.0,-0.846939742565155
2022-02-13 03:00:00+00:00,2.0,-0.25422221422195435
2022-02-13 04:00:00+00:00,4.0,4.98087215423584
2022-02-13 05:00:00+00:00,2.0,9.685690879821777
2022-02-13 06:00:00+00:00,7.0,3.895313024520874
2022-02-13 07:00:00+00:00,10.0,15.045591354370117
2022-02-13 08:00:00+00:00,28.0,24.15520668029785
2022-02-13 09:00:00+00:00,18.0,42.58594512939453
2022-02-13 10:00:00+00:00,34.0,21.82926368713379
2022-02-13 11:00:00+00:00,27.0,37.34884262084961
2022-02-13 12:00:00+00:00,33.0,33.15747833251953
2022-02-13 13:00:00+00:00,43.0,36.945552825927734
2022-02-13 14:00:00+00:00,45.0,39.040287017822266
2022-02-13 15:00:00+00:00,49.0,41.723480224609375
2022-02-13 16:00:00+00:00,54.0,42.76607894897461
2022-02-13 17:00:00+00:00,28.0,44.57386779785156
2022-02-13 18:00:00+00:00,14.0,24.24799919128418
2022-02-13 19:00:00+00:00,5.0,10.565540313720703
2022-02-13 20:00:00+00:00,1.0,2.6275439262390137
2022-02-13 21:00:00+00:00,0.5,-0.6374885439872742
2022-02-13 22:00:00+00:00,0.0,-0.23322254419326782
2022-02-13 23:00:00+00:00,1.0,0.5199968218803406
2022-02-14 00:00:00+00:00,1.0,0.6305140256881714
2022-02-14 01:00:00+00:00,1.0,1.3954163789749146
2022-02-14 02:00:00+00:00,2.0,2.8849074840545654
2022-02-14 03:00:00+00:00,13.0,8.880656242370605
2022-02-14 04:00:00+00:00,48.0,53.18064880371094
2022-02-14 05:00:00+00:00,45.0,61.466888427734375
2022-02-14 06:00:00+00:00,30.0,53.979515075683594
2022-02-14 07:00:00+00:00,37.0,29.005680084228516
2022-02-14 08:00:00+00:00,24.0,33.827335357666016
2022-02-14 09:00:00+00:00,25.0,24.752099990844727
2022-02-14 10:00:00+00:00,23.0,24.92552947998047
2022-02-14 11:00:00+00:00,36.0,22.91434669494629
2022-02-14 12:00:00+00:00,30.0,39.540733337402344
2022-02-14 13:00:00+00:00,40.0,39.04359436035156
2022-02-14 14:00:00+00:00,29.0,31.647775650024414
2022-02-14 15:00:00+00:00,26.0,21.382890701293945
2022-02-14 16:00:00+00:00,10.0,20.46921157836914
2022-02-14 17:00:00+00:00,10.0,9.699943542480469
2022-02-14 18:00:00+00:00,9.0,8.741514205932617
2022-02-14 19:00:00+00:00,3.0,7.805107116699219
2022-02-14 20:00:00+00:00,1.0,1.8710066080093384
2022-02-14 21:00:00+00:00,0.5,0.5887438654899597
2022-02-14 22:00:00+00:00,0.0,-0.15708094835281372
2022-02-14 23:00:00+00:00,0.0,-0.28319400548934937
2022-02-15 00:00:00+00:00,0.0,-0.6950865387916565
2022-02-15 01:00:00+00:00,0.0,-0.6764069199562073
2022-02-15 02:00:00+00:00,1.0,-0.2510499358177185
2022-02-15 03:00:00+00:00,5.0,5.653057098388672
2022-02-15 04:00:00+00:00,38.0,30.05805206298828
2022-02-15 05:00:00+00:00,33.0,54.58746337890625
2022-02-15 06:00:00+00:00,25.0,37.92534637451172
2022-02-15 07:00:00+00:00,22.0,22.15084457397461
2022-02-15 08:00:00+00:00,27.0,23.409170150756836
2022-02-15 09:00:00+00:00,33.0,28.317668914794922
2022-02-15 10:00:00+00:00,35.0,28.917179107666016
2022-02-15 11:00:00+00:00,25.0,32.78957748413086
2022-02-15 12:00:00+00:00,38.0,28.626890182495117
2022-02-15 13:00:00+00:00,46.0,46.1063346862793
2022-02-15 14:00:00+00:00,23.0,37.20541000366211
2022-02-15 15:00:00+00:00,25.0,16.65846824645996
2022-02-15 16:00:00+00:00,18.0,20.411962509155273
2022-02-15 17:00:00+00:00,10.0,14.1924467086792
2022-02-15 18:00:00+00:00,9.0,8.713197708129883
2022-02-15 19:00:00+00:00,7.0,7.941003799438477
2022-02-15 20:00:00+00:00,0.0,4.790592670440674
2022-02-15 21:00:00+00:00,0.0,-0.16103464365005493
2022-02-15 22:00:00+00:00,0.0,-0.5211625695228577
2022-02-15 23:00:00+00:00,0.0,-0.09618538618087769
2022-02-16 00:00:00+00:00,1.0,-0.6236770749092102
2022-02-16 01:00:00+00:00,2.0,0.5662524700164795
2022-02-16 02:00:00+00:00,0.0,4.874528884887695
2022-02-16 03:00:00+00:00,8.0,3.551513671875
2022-02-16 04:00:00+00:00,38.0,36.18733215332031
2022-02-16 05:00:00+00:00,48.0,53.9124870300293
2022-02-16 06:00:00+00:00,45.0,59.22453308105469
2022-02-16 07:00:00+00:00,34.0,50.960086822509766
2022-02-16 08:00:00+00:00,28.0,33.69209289550781
2022-02-16 09:00:00+00:00,48.0,29.656055450439453
2022-02-16 10:00:00+00:00,31.0,47.72278594970703
2022-02-16 11:00:00+00:00,21.0,31.774477005004883
2022-02-16 12:00:00+00:00,32.0,24.40305519104004
2022-02-16 13:00:00+00:00,32.0,44.74493408203125
2022-02-16 14:00:00+00:00,20.0,24.29178810119629
2022-02-16 15:00:00+00:00,33.0,15.303803443908691
2022-02-16 16:00:00+00:00,14.0,26.891361236572266
2022-02-16 17:00:00+00:00,12.0,12.035961151123047
2022-02-16 18:00:00+00:00,5.0,9.87457275390625
2022-02-16 19:00:00+00:00,4.0,2.7042200565338135
2022-02-16 20:00:00+00:00,2.0,2.3629677295684814
2022-02-16 21:00:00+00:00,1.0,0.8605361580848694
2022-02-16 22:00:00+00:00,0.0,-0.1790652871131897
2022-02-16 23:00:00+00:00,0.0,-0.13064438104629517
2022-02-17 00:00:00+00:00,0.0,-0.6377338767051697
2022-02-17 01:00:00+00:00,1.0,-0.6413355469703674
2022-02-17 02:00:00+00:00,1.0,1.846238374710083
2022-02-17 03:00:00+00:00,6.0,6.274599552154541
2022-02-17 04:00:00+00:00,36.0,30.831880569458008
2022-02-17 05:00:00+00:00,35.0,51.46489334106445
2022-02-17 06:00:00+00:00,26.0,48.63462829589844
2022-02-17 07:00:00+00:00,30.0,24.242225646972656
2022-02-17 08:00:00+00:00,22.0,30.035995483398438
2022-02-17 09:00:00+00:00,34.0,25.649551391601562
2022-02-17 10:00:00+00:00,21.0,30.262056350708008
2022-02-17 11:00:00+00:00,39.0,21.579814910888672
2022-02-17 12:00:00+00:00,45.0,39.9371452331543
2022-02-17 13:00:00+00:00,51.0,55.505741119384766
2022-02-17 14:00:00+00:00,32.0,40.65043258666992
2022-02-17 15:00:00+00:00,25.0,26.960786819458008
2022-02-17 16:00:00+00:00,22.0,18.942035675048828
2022-02-17 17:00:00+00:00,8.0,15.773130416870117
2022-02-17 18:00:00+00:00,9.0,6.438031196594238
2022-02-17 19:00:00+00:00,9.0,7.663931369781494
2022-02-17 20:00:00+00:00,3.0,5.89164924621582
2022-02-17 21:00:00+00:00,1.5,1.425009846687317
2022-02-17 22:00:00+00:00,0.0,0.31992506980895996
2022-02-17 23:00:00+00:00,0.0,-0.11222749948501587
2022-02-18 00:00:00+00:00,1.0,-0.4275180697441101
2022-02-18 01:00:00+00:00,1.0,0.6829966902732849
2022-02-18 02:00:00+00:00,2.0,1.4848976135253906
2022-02-18 03:00:00+00:00,13.0,10.753265380859375
2022-02-18 04:00:00+00:00,30.0,49.445556640625
2022-02-18 05:00:00+00:00,26.0,46.2092170715332
2022-02-18 06:00:00+00:00,34.0,28.54897117614746
2022-02-18 07:00:00+00:00,30.0,38.64923095703125
2022-02-18 08:00:00+00:00,19.0,33.02234649658203
2022-02-18 09:00:00+00:00,27.0,22.235031127929688
2022-02-18 10:00:00+00:00,28.0,26.226627349853516
2022-02-18 11:00:00+00:00,29.0,29.682592391967773
2022-02-18 12:00:00+00:00,52.0,33.546566009521484
2022-02-18 13:00:00+00:00,61.0,53.32563018798828
2022-02-18 14:00:00+00:00,46.0,49.04085159301758
2022-02-18 15:00:00+00:00,30.0,42.80473327636719
2022-02-18 16:00:00+00:00,20.0,23.587724685668945
2022-02-18 17:00:00+00:00,14.0,13.478887557983398
2022-02-18 18:00:00+00:00,15.0,10.084190368652344
2022-02-18 19:00:00+00:00,8.0,11.17277717590332
2022-02-18 20:00:00+00:00,2.0,5.330738544464111
2022-02-18 21:00:00+00:00,2.5,1.6156415939331055
2022-02-18 22:00:00+00:00,3.0,1.6316468715667725
2022-02-18 23:00:00+00:00,1.0,1.992457628250122
2022-02-19 00:00:00+00:00,2.0,1.3038028478622437
2022-02-19 01:00:00+00:00,1.0,1.9776430130004883
2022-02-19 02:00:00+00:00,0.0,-0.41870802640914917
2022-02-19 03:00:00+00:00,1.0,-0.9344401955604553
2022-02-19 04:00:00+00:00,6.0,3.9959208965301514
2022-02-19 05:00:00+00:00,13.0,12.281843185424805
2022-02-19 06:00:00+00:00,14.0,26.02412986755371
2022-02-19 07:00:00+00:00,25.0,32.79470443725586
2022-02-19 08:00:00+00:00,26.0,40.91697692871094
2022-02-19 09:00:00+00:00,34.0,37.82077407836914
2022-02-19 10:00:00+00:00,31.0,34.55957794189453
2022-02-19 11:00:00+00:00,21.0,30.250259399414062
2022-02-19 12:00:00+00:00,17.0,18.671987533569336
2022-02-19 13:00:00+00:00,20.0,16.057897567749023
2022-02-19 14:00:00+00:00,25.0,18.516498565673828
2022-02-19 15:00:00+00:00,15.0,22.378721237182617
2022-02-19 16:00:00+00:00,11.0,14.590047836303711
2022-02-19 17:00:00+00:00,8.0,8.380573272705078
2022-02-19 18:00:00+00:00,9.0,5.148509979248047
2022-02-19 19:00:00+00:00,8.0,5.937836647033691
2022-02-19 20:00:00+00:00,6.0,7.165339469909668
2022-02-19 21:00:00+00:00,3.5,5.3152995109558105
2022-02-19 22:00:00+00:00,1.0,3.0647225379943848
2022-02-19 23:00:00+00:00,2.0,0.3572040796279907
2022-02-20 00:00:00+00:00,1.0,2.888443946838379
2022-02-20 01:00:00+00:00,0.0,1.464411735534668
2022-02-20 02:00:00+00:00,0.0,-0.9301286339759827
2022-02-20 03:00:00+00:00,2.0,-0.4778788685798645
2022-02-20 04:00:00+00:00,6.0,4.171389579772949
2022-02-20 05:00:00+00:00,2.0,12.54360580444336
2022-02-20 06:00:00+00:00,7.0,2.809866189956665
2022-02-20 07:00:00+00:00,13.0,15.982598304748535
2022-02-20 08:00:00+00:00,26.0,24.98424530029297
2022-02-20 09:00:00+00:00,23.0,37.62109375
2022-02-20 10:00:00+00:00,38.0,27.58688735961914
2022-02-20 11:00:00+00:00,35.0,38.05267333984375
2022-02-20 12:00:00+00:00,38.0,37.29521179199219
2022-02-20 13:00:00+00:00,26.0,38.522186279296875
2022-02-20 14:00:00+00:00,39.0,29.55200958251953
2022-02-20 15:00:00+00:00,34.0,38.782962799072266
2022-02-20 16:00:00+00:00,32.0,32.35806655883789
2022-02-20 17:00:00+00:00,17.0,29.837875366210938
2022-02-20 18:00:00+00:00,4.0,15.75564956665039
2022-02-20 19:00:00+00:00,8.0,2.3792314529418945
2022-02-20 20:00:00+00:00,8.0,4.874320030212402
2022-02-20 21:00:00+00:00,4.0,4.392611503601074
2022-02-20 22:00:00+00:00,0.0,1.676698923110962
2022-02-20 23:00:00+00:00,1.0,0.4568612277507782
2022-02-21 00:00:00+00:00,0.0,0.2810078263282776
2022-02-21 01:00:00+00:00,3.0,-0.26649242639541626
2022-02-21 02:00:00+00:00,0.0,6.60929012298584
2022-02-21 03:00:00+00:00,14.0,3.1532094478607178
2022-02-21 04:00:00+00:00,50.0,56.869598388671875
2022-02-21 05:00:00+00:00,41.0,60.926239013671875
2022-02-21 06:00:00+00:00,30.0,51.51646041870117
2022-02-21 07:00:00+00:00,26.0,28.730144500732422
2022-02-21 08:00:00+00:00,21.0,25.57048988342285
2022-02-21 09:00:00+00:00,25.0,22.69581413269043
2022-02-21 10:00:00+00:00,26.0,23.604276657104492
2022-02-21 11:00:00+00:00,26.0,27.16089630126953
2022-02-21 12:00:00+00:00,43.0,29.738853454589844
2022-02-21 13:00:00+00:00,35.0,49.200347900390625
2022-02-21 14:00:00+00:00,20.0,28.22492790222168
2022-02-21 15:00:00+00:00,29.0,14.695008277893066
2022-02-21 16:00:00+00:00,19.0,23.7313232421875
2022-02-21 17:00:00+00:00,13.0,14.677611351013184
2022-02-21 18:00:00+00:00,14.0,11.297950744628906
2022-02-21 19:00:00+00:00,6.0,12.414323806762695
2022-02-21 20:00:00+00:00,3.0,4.019634246826172
2022-02-21 21:00:00+00:00,2.0,2.6920883655548096
2022-02-21 22:00:00+00:00,1.0,0.5316758155822754
2022-02-21 23:00:00+00:00,0.0,0.7336403131484985
2022-02-22 00:00:00+00:00,0.0,-0.8173957467079163
2022-02-22 01:00:00+00:00,1.0,-0.6503178477287292
2022-02-22 02:00:00+00:00,0.0,1.856879472732544
2022-02-22 03:00:00+00:00,9.0,2.598792791366577
2022-02-22 04:00:00+00:00,49.0,38.59052658081055
2022-02-22 05:00:00+00:00,52.0,60.82586669921875
2022-02-22 06:00:00+00:00,36.0,62.77672576904297
2022-02-22 07:00:00+00:00,41.0,37.6751594543457
2022-02-22 08:00:00+00:00,34.0,34.17893600463867
2022-02-22 09:00:00+00:00,27.0,33.08456802368164
2022-02-22 10:00:00+00:00,30.0,24.574127197265625
2022-02-22 11:00:00+00:00,26.0,30.056148529052734
2022-02-22 12:00:00+00:00,30.0,30.654315948486328
2022-02-22 13:00:00+00:00,34.0,39.763858795166016
2022-02-22 14:00:00+00:00,19.0,28.093936920166016
2022-02-22 15:00:00+00:00,27.0,15.014640808105469
2022-02-22 16:00:00+00:00,17.0,22.67227554321289
2022-02-22 17:00:00+00:00,11.0,13.499691009521484
2022-02-22 18:00:00+00:00,11.0,9.75804615020752
2022-02-22 19:00:00+00:00,8.0,8.995537757873535
2022-02-22 20:00:00+00:00,2.0,5.356042385101318
2022-02-22 21:00:00+00:00,1.5,1.3462209701538086
2022-02-22 22:00:00+00:00,1.0,0.21056783199310303
2022-02-22 23:00:00+00:00,0.0,0.6731840372085571
2022-02-23 00:00:00+00:00,0.0,-0.8217132687568665
2022-02-23 01:00:00+00:00,1.0,-0.7127676606178284
2022-02-23 02:00:00+00:00,1.0,1.821176528930664
2022-02-23 03:00:00+00:00,10.0,6.693401336669922
2022-02-23 04:00:00+00:00,34.0,43.42646789550781
2022-02-23 05:00:00+00:00,37.0,48.892669677734375
2022-02-23 06:00:00+00:00,29.0,48.74174499511719
2022-02-23 07:00:00+00:00,27.0,28.35235023498535
2022-02-23 08:00:00+00:00,26.0,28.055721282958984
2022-02-23 09:00:00+00:00,23.0,28.340198516845703
2022-02-23 10:00:00+00:00,25.0,23.158447265625
2022-02-23 11:00:00+00:00,26.0,26.6138916015625
2022-02-23 12:00:00+00:00,32.0,31.258201599121094
2022-02-23 13:00:00+00:00,52.0,44.40190124511719
2022-02-23 14:00:00+00:00,26.0,35.05860900878906
2022-02-23 15:00:00+00:00,25.0,20.570823669433594
2022-02-23 16:00:00+00:00,23.0,21.546916961669922
2022-02-23 17:00:00+00:00,8.0,17.615209579467773
2022-02-23 18:00:00+00:00,9.0,6.884614944458008
2022-02-23 19:00:00+00:00,5.0,7.523072242736816
2022-02-23 20:00:00+00:00,5.0,2.8932571411132812
2022-02-23 21:00:00+00:00,2.5,3.835582971572876
2022-02-23 22:00:00+00:00,0.0,0.6345875263214111
2022-02-23 23:00:00+00:00,0.0,-0.19340795278549194
2022-02-24 00:00:00+00:00,0.0,-0.29771631956100464
2022-02-24 01:00:00+00:00,1.0,-0.5141211152076721
2022-02-24 02:00:00+00:00,2.0,2.19431471824646
2022-02-24 03:00:00+00:00,6.0,9.577229499816895
2022-02-24 04:00:00+00:00,35.0,31.92983055114746
2022-02-24 05:00:00+00:00,32.0,49.86224365234375
2022-02-24 06:00:00+00:00,26.0,39.099552154541016
2022-02-24 07:00:00+00:00,31.0,23.57084083557129
2022-02-24 08:00:00+00:00,19.0,33.84445571899414
2022-02-24 09:00:00+00:00,32.0,19.66444969177246
2022-02-24 10:00:00+00:00,19.0,28.211227416992188
2022-02-24 11:00:00+00:00,35.0,19.327131271362305
2022-02-24 12:00:00+00:00,38.0,37.65141296386719
2022-02-24 13:00:00+00:00,49.0,44.58719253540039
2022-02-24 14:00:00+00:00,44.0,41.49690628051758
2022-02-24 15:00:00+00:00,19.0,37.1388053894043
2022-02-24 16:00:00+00:00,23.0,15.095402717590332
2022-02-24 17:00:00+00:00,11.0,17.09510040283203
2022-02-24 18:00:00+00:00,9.0,8.54470443725586
2022-02-24 19:00:00+00:00,4.0,7.795073986053467
2022-02-24 20:00:00+00:00,5.0,1.9706079959869385
2022-02-24 21:00:00+00:00,-1.0,3.0278940200805664
2022-02-24 22:00:00+00:00,-1.0,-1.0424168109893799
2022-02-24 23:00:00+00:00,-1.0,-0.8433565497398376
2022-02-25 00:00:00+00:00,-1.0,-1.0458102226257324
2022-02-25 01:00:00+00:00,-1.0,-1.0063245296478271
2022-02-25 02:00:00+00:00,-1.0,-0.9924337267875671
2022-02-25 03:00:00+00:00,-1.0,-0.8498309254646301
2022-02-25 04:00:00+00:00,-1.0,-0.8399674296379089
2022-02-25 05:00:00+00:00,-1.0,-0.9434852004051208
2022-02-25 06:00:00+00:00,-1.0,-0.8403746485710144
2022-02-25 07:00:00+00:00,-1.0,-1.0169463157653809
2022-02-25 08:00:00+00:00,-1.0,-1.133180856704712
2022-02-25 09:00:00+00:00,-1.0,-1.0635430812835693
2022-02-25 10:00:00+00:00,-1.0,-1.0508015155792236
2022-02-25 11:00:00+00:00,-1.0,-1.0579209327697754
2022-02-25 12:00:00+00:00,-1.0,-1.085453987121582
2022-02-25 13:00:00+00:00,-1.0,-1.1276261806488037
2022-02-25 14:00:00+00:00,-1.0,-1.067983865737915
2022-02-25 15:00:00+00:00,-1.0,-1.0139598846435547
2022-02-25 16:00:00+00:00,-1.0,-1.053579568862915
2022-02-25 17:00:00+00:00,-1.0,-1.024015188217163
2022-02-25 18:00:00+00:00,-1.0,-1.0703907012939453
2022-02-25 19:00:00+00:00,-1.0,-1.0198419094085693
2022-02-25 20:00:00+00:00,-1.0,-0.9921393990516663
2022-02-25 21:00:00+00:00,-1.0,-1.003575086593628
2022-02-25 22:00:00+00:00,2.0,-1.0495121479034424
2022-02-25 23:00:00+00:00,1.0,1.3435397148132324
2022-02-26 00:00:00+00:00,4.0,1.2565513849258423
2022-02-26 01:00:00+00:00,1.0,4.832767486572266
2022-02-26 02:00:00+00:00,0.0,-0.4680255055427551
2022-02-26 03:00:00+00:00,3.0,-0.8964475989341736
2022-02-26 04:00:00+00:00,6.0,9.854984283447266
2022-02-26 05:00:00+00:00,11.0,11.785202980041504
2022-02-26 06:00:00+00:00,13.0,23.042938232421875
2022-02-26 07:00:00+00:00,25.0,31.911582946777344
2022-02-26 08:00:00+00:00,38.0,40.83095932006836
2022-02-26 09:00:00+00:00,37.0,47.64109802246094
2022-02-26 10:00:00+00:00,34.0,37.34728240966797
2022-02-26 11:00:00+00:00,28.0,32.042301177978516
2022-02-26 12:00:00+00:00,23.0,27.871234893798828
2022-02-26 13:00:00+00:00,21.0,20.568771362304688
2022-02-26 14:00:00+00:00,47.0,20.948762893676758
2022-02-26 15:00:00+00:00,21.0,42.415462493896484
2022-02-26 16:00:00+00:00,16.0,20.212522506713867
2022-02-26 17:00:00+00:00,11.0,12.263387680053711
2022-02-26 18:00:00+00:00,4.0,7.43079948425293
2022-02-26 19:00:00+00:00,6.0,1.8166191577911377
2022-02-26 20:00:00+00:00,3.0,5.835973262786865
2022-02-26 21:00:00+00:00,1.5,2.597327709197998
2022-02-26 22:00:00+00:00,0.0,0.5721001625061035
2022-02-26 23:00:00+00:00,1.0,-0.5619627833366394
2022-02-27 00:00:00+00:00,0.0,2.1869289875030518
2022-02-27 01:00:00+00:00,0.0,0.06806129217147827
2022-02-27 02:00:00+00:00,0.0,-0.9976534247398376
2022-02-27 03:00:00+00:00,1.0,-0.6367526650428772
2022-02-27 04:00:00+00:00,1.0,3.0750961303710938
2022-02-27 05:00:00+00:00,11.0,2.505488872528076
2022-02-27 06:00:00+00:00,9.0,19.59400749206543
2022-02-27 07:00:00+00:00,18.0,19.585702896118164
2022-02-27 08:00:00+00:00,29.0,29.77866554260254
2022-02-27 09:00:00+00:00,37.0,39.70459747314453
2022-02-27 10:00:00+00:00,40.0,44.876834869384766
2022-02-27 11:00:00+00:00,22.0,44.45889663696289
2022-02-27 12:00:00+00:00,39.0,26.210716247558594
2022-02-27 13:00:00+00:00,46.0,37.45890808105469
2022-02-27 14:00:00+00:00,31.0,39.88862609863281
2022-02-27 15:00:00+00:00,46.0,33.350860595703125
2022-02-27 16:00:00+00:00,43.0,42.323909759521484
2022-02-27 17:00:00+00:00,16.0,38.983699798583984
2022-02-27 18:00:00+00:00,15.0,16.503257751464844
2022-02-27 19:00:00+00:00,7.0,11.980144500732422
2022-02-27 20:00:00+00:00,3.0,3.8396313190460205
2022-02-27 21:00:00+00:00,1.5,1.1359087228775024
2022-02-27 22:00:00+00:00,0.0,0.16904163360595703
2022-02-27 23:00:00+00:00,0.0,0.47870227694511414
2022-02-28 00:00:00+00:00,0.0,-0.7230356335639954
2022-02-28 01:00:00+00:00,2.0,-0.4552047848701477
2022-02-28 02:00:00+00:00,1.0,5.0297040939331055
2022-02-28 03:00:00+00:00,12.0,6.296566009521484
2022-02-28 04:00:00+00:00,43.0,50.981048583984375
2022-02-28 05:00:00+00:00,25.0,61.76880645751953
2022-02-28 06:00:00+00:00,20.0,25.464183807373047
2022-02-28 07:00:00+00:00,34.0,17.486663818359375
2022-02-28 08:00:00+00:00,32.0,32.160743713378906
2022-02-28 09:00:00+00:00,32.0,29.48421287536621
2022-02-28 10:00:00+00:00,37.0,27.06075096130371
2022-02-28 11:00:00+00:00,28.0,31.748300552368164
2022-02-28 12:00:00+00:00,45.0,30.532480239868164
2022-02-28 13:00:00+00:00,52.0,48.496585845947266
2022-02-28 14:00:00+00:00,40.0,36.46797180175781
2022-02-28 15:00:00+00:00,33.0,32.11395263671875
2022-02-28 16:00:00+00:00,13.0,26.013235092163086
2022-02-28 17:00:00+00:00,10.0,11.767973899841309
2022-02-28 18:00:00+00:00,13.0,9.128515243530273
2022-02-28 19:00:00+00:00,8.0,11.08573055267334
2022-02-28 20:00:00+00:00,2.0,5.639524936676025
2022-02-28 21:00:00+00:00,1.0,1.592106580734253
2022-02-28 22:00:00+00:00,0.0,0.027542531490325928
2022-02-28 23:00:00+00:00,1.0,-0.2687012553215027
2022-03-01 00:00:00+00:00,0.0,0.2966427206993103
2022-03-01 01:00:00+00:00,2.0,-0.21045953035354614
2022-03-01 02:00:00+00:00,0.0,4.630041122436523
2022-03-01 03:00:00+00:00,8.0,2.8406567573547363
2022-03-01 04:00:00+00:00,32.0,36.471046447753906
2022-03-01 05:00:00+00:00,33.0,50.15492630004883
2022-03-01 06:00:00+00:00,19.0,41.52336883544922
2022-03-01 07:00:00+00:00,28.0,18.674312591552734
2022-03-01 08:00:00+00:00,33.0,30.80457305908203
2022-03-01 09:00:00+00:00,30.0,31.53824234008789
2022-03-01 10:00:00+00:00,32.0,26.687740325927734
2022-03-01 11:00:00+00:00,27.0,31.166406631469727
2022-03-01 12:00:00+00:00,36.0,30.500234603881836
2022-03-01 13:00:00+00:00,51.0,43.83048629760742
2022-03-01 14:00:00+00:00,53.0,40.8611946105957
2022-03-01 15:00:00+00:00,34.0,38.21083068847656
2022-03-01 16:00:00+00:00,24.0,26.674009323120117
2022-03-01 17:00:00+00:00,17.0,17.221155166625977
2022-03-01 18:00:00+00:00,12.0,13.152219772338867
2022-03-01 19:00:00+00:00,4.0,9.614556312561035
2022-03-01 20:00:00+00:00,3.0,2.535477876663208
2022-03-01 21:00:00+00:00,1.5,2.1734869480133057
2022-03-01 22:00:00+00:00,0.0,0.17387300729751587
2022-03-01 23:00:00+00:00,1.0,-0.12000113725662231
2022-03-02 00:00:00+00:00,0.0,0.13111114501953125
2022-03-02 01:00:00+00:00,1.0,-0.29245203733444214
2022-03-02 02:00:00+00:00,1.0,1.9787681102752686
2022-03-02 03:00:00+00:00,12.0,5.498539924621582
2022-03-02 04:00:00+00:00,32.0,46.709678649902344
2022-03-02 05:00:00+00:00,27.0,45.638946533203125
2022-03-02 06:00:00+00:00,32.0,28.690570831298828
2022-03-02 07:00:00+00:00,33.0,29.645999908447266
2022-03-02 08:00:00+00:00,46.0,36.127777099609375
2022-03-02 09:00:00+00:00,49.0,45.97832107543945
2022-03-02 10:00:00+00:00,38.0,48.72877883911133
2022-03-02 11:00:00+00:00,39.0,34.95121765136719
2022-03-02 12:00:00+00:00,44.0,39.3459358215332
2022-03-02 13:00:00+00:00,51.0,46.59847640991211
2022-03-02 14:00:00+00:00,33.0,41.96509552001953
2022-03-02 15:00:00+00:00,59.0,27.976110458374023
2022-03-02 16:00:00+00:00,33.0,44.865684509277344
2022-03-02 17:00:00+00:00,21.0,23.139087677001953
2022-03-02 18:00:00+00:00,16.0,14.714691162109375
2022-03-02 19:00:00+00:00,6.0,12.945258140563965
2022-03-02 20:00:00+00:00,5.0,4.027873516082764
2022-03-02 21:00:00+00:00,3.5,3.489185094833374
2022-03-02 22:00:00+00:00,2.0,1.2075469493865967
2022-03-02 23:00:00+00:00,0.0,1.742872953414917
2022-03-03 00:00:00+00:00,0.0,-0.8226822018623352
2022-03-03 01:00:00+00:00,2.0,-0.34886234998703003
2022-03-03 02:00:00+00:00,0.0,5.512490272521973
2022-03-03 03:00:00+00:00,5.0,2.7975854873657227
2022-03-03 04:00:00+00:00,41.0,27.921619415283203
2022-03-03 05:00:00+00:00,29.0,54.890159606933594
2022-03-03 06:00:00+00:00,29.0,30.91925811767578
2022-03-03 07:00:00+00:00,37.0,28.8325252532959
2022-03-03 08:00:00+00:00,39.0,33.50138854980469
2022-03-03 09:00:00+00:00,42.0,36.08979034423828
2022-03-03 10:00:00+00:00,24.0,38.54718780517578
2022-03-03 11:00:00+00:00,40.0,25.268970489501953
2022-03-03 12:00:00+00:00,37.0,40.441959381103516
2022-03-03 13:00:00+00:00,55.0,43.00408935546875
2022-03-03 14:00:00+00:00,44.0,46.05809783935547
2022-03-03 15:00:00+00:00,29.0,37.7860221862793
2022-03-03 16:00:00+00:00,33.0,22.12126350402832
2022-03-03 17:00:00+00:00,15.0,23.465965270996094
2022-03-03 18:00:00+00:00,19.0,10.278995513916016
2022-03-03 19:00:00+00:00,9.0,14.128396034240723
2022-03-03 20:00:00+00:00,5.0,5.983870029449463
2022-03-03 21:00:00+00:00,2.5,3.0095603466033936
2022-03-03 22:00:00+00:00,0.0,0.8304795026779175
2022-03-03 23:00:00+00:00,1.0,-0.061028480529785156
2022-03-04 00:00:00+00:00,1.0,0.3459959626197815
2022-03-04 01:00:00+00:00,1.0,0.997844934463501
2022-03-04 02:00:00+00:00,0.0,2.251178503036499
2022-03-04 03:00:00+00:00,7.0,3.0035886764526367
2022-03-04 04:00:00+00:00,26.0,32.39466094970703
2022-03-04 05:00:00+00:00,41.0,39.99159240722656
2022-03-04 06:00:00+00:00,33.0,54.96299743652344
2022-03-04 07:00:00+00:00,37.0,34.0703125
2022-03-04 08:00:00+00:00,41.0,36.584075927734375
2022-03-04 09:00:00+00:00,35.0,40.694007873535156
2022-03-04 10:00:00+00:00,46.0,34.390357971191406
2022-03-04 11:00:00+00:00,40.0,45.568153381347656
2022-03-04 12:00:00+00:00,39.0,40.5191764831543
2022-03-04 13:00:00+00:00,47.0,45.28647232055664
2022-03-04 14:00:00+00:00,40.0,43.362979888916016
2022-03-04 15:00:00+00:00,44.0,36.76094055175781
2022-03-04 16:00:00+00:00,16.0,35.57929992675781
2022-03-04 17:00:00+00:00,19.0,10.925607681274414
2022-03-04 18:00:00+00:00,8.0,13.465431213378906
2022-03-04 19:00:00+00:00,6.0,6.331193447113037
2022-03-04 20:00:00+00:00,4.0,3.7153944969177246
2022-03-04 21:00:00+00:00,3.5,3.354348659515381
2022-03-04 22:00:00+00:00,3.0,2.3592185974121094
2022-03-04 23:00:00+00:00,2.0,2.349337339401245
2022-03-05 00:00:00+00:00,1.0,2.3320391178131104
2022-03-05 01:00:00+00:00,0.0,-0.04355335235595703
2022-03-05 02:00:00+00:00,2.0,-0.9366336464881897
2022-03-05 03:00:00+00:00,1.0,5.091989994049072
2022-03-05 04:00:00+00:00,8.0,5.170306205749512
2022-03-05 05:00:00+00:00,6.0,15.76810359954834
2022-03-05 06:00:00+00:00,13.0,12.034449577331543
2022-03-05 07:00:00+00:00,23.0,34.58760070800781
2022-03-05 08:00:00+00:00,39.0,39.43436813354492
2022-03-05 09:00:00+00:00,39.0,50.58443832397461
2022-03-05 10:00:00+00:00,26.0,43.35540008544922
2022-03-05 11:00:00+00:00,37.0,28.86365509033203
2022-03-05 12:00:00+00:00,33.0,31.582782745361328
2022-03-05 13:00:00+00:00,19.0,30.53064727783203
2022-03-05 14:00:00+00:00,21.0,18.297483444213867
2022-03-05 15:00:00+00:00,17.0,19.440656661987305
2022-03-05 16:00:00+00:00,15.0,15.004619598388672
2022-03-05 17:00:00+00:00,5.0,11.115581512451172
2022-03-05 18:00:00+00:00,7.0,3.5759708881378174
2022-03-05 19:00:00+00:00,12.0,4.374904155731201
2022-03-05 20:00:00+00:00,5.0,9.864110946655273
2022-03-05 21:00:00+00:00,3.5,4.141337871551514
2022-03-05 22:00:00+00:00,2.0,2.8318262100219727
2022-03-05 23:00:00+00:00,4.0,1.4523200988769531
2022-03-06 00:00:00+00:00,2.0,4.429840564727783
2022-03-06 01:00:00+00:00,1.0,2.128095865249634
2022-03-06 02:00:00+00:00,3.0,-0.3272179961204529
2022-03-06 03:00:00+00:00,0.0,4.612940311431885
2022-03-06 04:00:00+00:00,2.0,1.5827713012695312
2022-03-06 05:00:00+00:00,7.0,4.939201831817627
2022-03-06 06:00:00+00:00,11.0,12.6965970993042
2022-03-06 07:00:00+00:00,25.0,22.656288146972656
2022-03-06 08:00:00+00:00,35.0,43.96372604370117
2022-03-06 09:00:00+00:00,48.0,53.18501663208008
2022-03-06 10:00:00+00:00,51.0,68.14410400390625
2022-03-06 11:00:00+00:00,63.0,60.00862121582031
2022-03-06 12:00:00+00:00,70.0,71.22532653808594
2022-03-06 13:00:00+00:00,64.0,75.1287841796875
2022-03-06 14:00:00+00:00,70.0,61.46599578857422
2022-03-06 15:00:00+00:00,48.0,65.01416015625
2022-03-06 16:00:00+00:00,28.0,41.07333755493164
2022-03-06 17:00:00+00:00,26.0,25.622285842895508
2022-03-06 18:00:00+00:00,11.0,21.755800247192383
2022-03-06 19:00:00+00:00,6.0,7.053893566131592
2022-03-06 20:00:00+00:00,3.0,2.965817928314209
2022-03-06 21:00:00+00:00,2.0,0.9967631101608276
2022-03-06 22:00:00+00:00,1.0,0.44249844551086426
2022-03-06 23:00:00+00:00,2.0,1.657459020614624
2022-03-07 00:00:00+00:00,0.0,2.521605968475342
2022-03-07 01:00:00+00:00,2.0,0.20390015840530396
2022-03-07 02:00:00+00:00,1.0,4.595832347869873
2022-03-07 03:00:00+00:00,18.0,7.576837539672852
2022-03-07 04:00:00+00:00,47.0,71.4053955078125
2022-03-07 05:00:00+00:00,32.0,53.60322189331055
2022-03-07 06:00:00+00:00,27.0,32.307716369628906
2022-03-07 07:00:00+00:00,32.0,25.885976791381836
2022-03-07 08:00:00+00:00,36.0,30.400705337524414
2022-03-07 09:00:00+00:00,32.0,33.314762115478516
2022-03-07 10:00:00+00:00,25.0,27.887588500976562
2022-03-07 11:00:00+00:00,39.0,26.573556900024414
2022-03-07 12:00:00+00:00,22.0,40.54370880126953
2022-03-07 13:00:00+00:00,42.0,25.64633560180664
2022-03-07 14:00:00+00:00,34.0,33.84415817260742
2022-03-07 15:00:00+00:00,21.0,27.221708297729492
2022-03-07 16:00:00+00:00,22.0,15.595830917358398
2022-03-07 17:00:00+00:00,16.0,15.853361129760742
2022-03-07 18:00:00+00:00,7.0,12.28248119354248
2022-03-07 19:00:00+00:00,6.0,4.910129547119141
2022-03-07 20:00:00+00:00,5.0,4.079684734344482
2022-03-07 21:00:00+00:00,2.5,3.917768716812134
2022-03-07 22:00:00+00:00,0.0,0.7134416699409485
2022-03-07 23:00:00+00:00,0.0,0.04859113693237305
2022-03-08 00:00:00+00:00,0.0,-0.6972320675849915
2022-03-08 01:00:00+00:00,1.0,-0.078590989112854
2022-03-08 02:00:00+00:00,1.0,1.8926806449890137
2022-03-08 03:00:00+00:00,10.0,6.7014360427856445
2022-03-08 04:00:00+00:00,28.0,41.25511932373047
2022-03-08 05:00:00+00:00,34.0,39.112911224365234
2022-03-08 06:00:00+00:00,26.0,38.413204193115234
2022-03-08 07:00:00+00:00,21.0,24.481552124023438
2022-03-08 08:00:00+00:00,34.0,21.418498992919922
2022-03-08 09:00:00+00:00,34.0,30.63397979736328
2022-03-08 10:00:00+00:00,27.0,30.113849639892578
2022-03-08 11:00:00+00:00,35.0,28.126771926879883
2022-03-08 12:00:00+00:00,29.0,39.7122917175293
2022-03-08 13:00:00+00:00,40.0,37.821041107177734
2022-03-08 14:00:00+00:00,51.0,31.654556274414062
2022-03-08 15:00:00+00:00,31.0,35.592281341552734
2022-03-08 16:00:00+00:00,18.0,24.29001808166504
2022-03-08 17:00:00+00:00,9.0,13.800570487976074
2022-03-08 18:00:00+00:00,8.0,7.1852521896362305
2022-03-08 19:00:00+00:00,6.0,5.731309413909912
2022-03-08 20:00:00+00:00,2.0,3.355710744857788
2022-03-08 21:00:00+00:00,1.5,1.0165486335754395
2022-03-08 22:00:00+00:00,1.0,0.1536092758178711
2022-03-08 23:00:00+00:00,0.0,1.035171627998352
2022-03-09 00:00:00+00:00,0.0,-0.7288878560066223
2022-03-09 01:00:00+00:00,1.0,-0.16198569536209106
2022-03-09 02:00:00+00:00,2.0,2.115652322769165
2022-03-09 03:00:00+00:00,9.0,10.708097457885742
2022-03-09 04:00:00+00:00,39.0,39.09884262084961
2022-03-09 05:00:00+00:00,40.0,54.86589813232422
2022-03-09 06:00:00+00:00,21.0,42.37425994873047
2022-03-09 07:00:00+00:00,35.0,17.10181999206543
2022-03-09 08:00:00+00:00,27.0,30.822412490844727
2022-03-09 09:00:00+00:00,33.0,26.248823165893555
2022-03-09 10:00:00+00:00,33.0,28.551616668701172
2022-03-09 11:00:00+00:00,27.0,32.024757385253906
2022-03-09 12:00:00+00:00,28.0,30.23525047302246
2022-03-09 13:00:00+00:00,44.0,35.87580108642578
2022-03-09 14:00:00+00:00,32.0,34.64445114135742
2022-03-09 15:00:00+00:00,26.0,23.57773780822754
2022-03-09 16:00:00+00:00,17.0,19.133460998535156
2022-03-09 17:00:00+00:00,23.0,12.379020690917969
2022-03-09 18:00:00+00:00,12.0,15.911032676696777
2022-03-09 19:00:00+00:00,4.0,8.606077194213867
2022-03-09 20:00:00+00:00,5.0,1.757829189300537
2022-03-09 21:00:00+00:00,3.0,2.982464075088501
2022-03-09 22:00:00+00:00,1.0,0.8763277530670166
2022-03-09 23:00:00+00:00,0.0,1.1587861776351929
2022-03-10 00:00:00+00:00,0.0,-0.8360827565193176
2022-03-10 01:00:00+00:00,1.0,-0.16548627614974976
2022-03-10 02:00:00+00:00,0.0,1.8761773109436035
2022-03-10 03:00:00+00:00,9.0,2.118314027786255
2022-03-10 04:00:00+00:00,32.0,37.7105712890625
2022-03-10 05:00:00+00:00,46.0,49.202606201171875
2022-03-10 06:00:00+00:00,34.0,58.53947830200195
2022-03-10 07:00:00+00:00,25.0,35.06690216064453
2022-03-10 08:00:00+00:00,25.0,25.47273063659668
2022-03-10 09:00:00+00:00,31.0,25.067686080932617
2022-03-10 10:00:00+00:00,25.0,27.74279022216797
2022-03-10 11:00:00+00:00,24.0,26.53040313720703
2022-03-10 12:00:00+00:00,29.0,28.49500846862793
2022-03-10 13:00:00+00:00,54.0,35.804569244384766
2022-03-10 14:00:00+00:00,27.0,44.02846908569336
2022-03-10 15:00:00+00:00,26.0,21.731834411621094
2022-03-10 16:00:00+00:00,24.0,19.85910415649414
2022-03-10 17:00:00+00:00,12.0,17.778104782104492
2022-03-10 18:00:00+00:00,8.0,9.44814395904541
2022-03-10 19:00:00+00:00,6.0,5.5666704177856445
2022-03-10 20:00:00+00:00,2.0,3.068213701248169
2022-03-10 21:00:00+00:00,1.0,0.25594669580459595
2022-03-10 22:00:00+00:00,0.0,-0.4913657307624817
2022-03-10 23:00:00+00:00,0.0,0.021982252597808838
2022-03-11 00:00:00+00:00,2.0,-0.7155594229698181
2022-03-11 01:00:00+00:00,0.0,3.0078749656677246
2022-03-11 02:00:00+00:00,0.0,0.5174230337142944
2022-03-11 03:00:00+00:00,13.0,3.113889694213867
2022-03-11 04:00:00+00:00,26.0,49.29280471801758
2022-03-11 05:00:00+00:00,41.0,38.85062026977539
2022-03-11 06:00:00+00:00,32.0,57.39141845703125
2022-03-11 07:00:00+00:00,31.0,32.11843490600586
2022-03-11 08:00:00+00:00,32.0,31.68830680847168
2022-03-11 09:00:00+00:00,47.0,31.44940948486328
2022-03-11 10:00:00+00:00,36.0,53.62168502807617
2022-03-11 11:00:00+00:00,38.0,37.095088958740234
2022-03-11 12:00:00+00:00,40.0,40.560386657714844
2022-03-11 13:00:00+00:00,52.0,55.28013610839844
2022-03-11 14:00:00+00:00,59.0,37.9007453918457
2022-03-11 15:00:00+00:00,20.0,43.1230583190918
2022-03-11 16:00:00+00:00,26.0,15.597991943359375
2022-03-11 17:00:00+00:00,9.0,17.80562400817871
2022-03-11 18:00:00+00:00,9.0,5.724535942077637
2022-03-11 19:00:00+00:00,8.0,6.88853645324707
2022-03-11 20:00:00+00:00,4.0,5.030972957611084
2022-03-11 21:00:00+00:00,2.0,3.417675733566284
2022-03-11 22:00:00+00:00,0.0,0.9695600867271423
2022-03-11 23:00:00+00:00,1.0,-0.6502642035484314
2022-03-12 00:00:00+00:00,2.0,0.8205274939537048
2022-03-12 01:00:00+00:00,0.0,1.785520076751709
2022-03-12 02:00:00+00:00,1.0,-1.0672252178192139
2022-03-12 03:00:00+00:00,2.0,2.314260721206665
2022-03-12 04:00:00+00:00,4.0,7.388784408569336
2022-03-12 05:00:00+00:00,9.0,7.870361328125
2022-03-12 06:00:00+00:00,22.0,22.22538948059082
2022-03-12 07:00:00+00:00,27.0,44.29033279418945
2022-03-12 08:00:00+00:00,44.0,42.07644271850586
2022-03-12 09:00:00+00:00,39.0,50.93080139160156
2022-03-12 10:00:00+00:00,39.0,39.5794677734375
2022-03-12 11:00:00+00:00,39.0,37.575801849365234
2022-03-12 12:00:00+00:00,30.0,34.02146530151367
2022-03-12 13:00:00+00:00,27.0,27.216386795043945
2022-03-12 14:00:00+00:00,33.0,24.079591751098633
2022-03-12 15:00:00+00:00,23.0,28.440380096435547
2022-03-12 16:00:00+00:00,22.0,18.634435653686523
2022-03-12 17:00:00+00:00,11.0,14.750931739807129
2022-03-12 18:00:00+00:00,8.0,6.844855308532715
2022-03-12 19:00:00+00:00,6.0,4.958855152130127
2022-03-12 20:00:00+00:00,6.0,5.612675189971924
2022-03-12 21:00:00+00:00,3.5,5.161824703216553
2022-03-12 22:00:00+00:00,1.0,2.9802205562591553
2022-03-12 23:00:00+00:00,0.0,-0.0056664347648620605
2022-03-13 00:00:00+00:00,0.0,0.4030298590660095
2022-03-13 01:00:00+00:00,0.0,-0.22016102075576782
2022-03-13 02:00:00+00:00,1.0,-0.966170608997345
2022-03-13 03:00:00+00:00,1.0,1.0849615335464478
2022-03-13 04:00:00+00:00,3.0,3.410090446472168
2022-03-13 05:00:00+00:00,2.0,7.281367301940918
2022-03-13 06:00:00+00:00,9.0,3.578650712966919
2022-03-13 07:00:00+00:00,17.0,19.785789489746094
2022-03-13 08:00:00+00:00,47.0,28.662782669067383
2022-03-13 09:00:00+00:00,34.0,72.09957122802734
2022-03-13 10:00:00+00:00,38.0,39.57286834716797
2022-03-13 11:00:00+00:00,46.0,37.011688232421875
2022-03-13 12:00:00+00:00,43.0,48.45457458496094
2022-03-13 13:00:00+00:00,51.0,37.61728286743164
2022-03-13 14:00:00+00:00,58.0,50.45199966430664
2022-03-13 15:00:00+00:00,48.0,52.77273941040039
2022-03-13 16:00:00+00:00,38.0,41.767601013183594
2022-03-13 17:00:00+00:00,30.0,30.571828842163086
2022-03-13 18:00:00+00:00,18.0,23.41127586364746
2022-03-13 19:00:00+00:00,8.0,11.800914764404297
2022-03-13 20:00:00+00:00,7.0,4.207226276397705
2022-03-13 21:00:00+00:00,3.5,3.8541157245635986
2022-03-13 22:00:00+00:00,0.0,1.2905585765838623
2022-03-13 23:00:00+00:00,1.0,0.5897678732872009
2022-03-14 00:00:00+00:00,0.0,0.7592528462409973
2022-03-14 01:00:00+00:00,1.0,0.24802619218826294
2022-03-14 02:00:00+00:00,4.0,2.1119325160980225
2022-03-14 03:00:00+00:00,14.0,14.034811019897461
2022-03-14 04:00:00+00:00,52.0,58.66035079956055
2022-03-14 05:00:00+00:00,39.0,66.3791732788086
2022-03-14 06:00:00+00:00,33.0,43.780662536621094
2022-03-14 07:00:00+00:00,34.0,31.74361228942871
2022-03-14 08:00:00+00:00,26.0,31.4649658203125
2022-03-14 09:00:00+00:00,35.0,25.792272567749023
2022-03-14 10:00:00+00:00,34.0,30.160112380981445
2022-03-14 11:00:00+00:00,28.0,32.76356506347656
2022-03-14 12:00:00+00:00,38.0,33.913536071777344
2022-03-14 13:00:00+00:00,35.0,45.20362091064453
2022-03-14 14:00:00+00:00,29.0,26.601640701293945
2022-03-14 15:00:00+00:00,16.0,22.03111457824707
2022-03-14 16:00:00+00:00,24.0,13.558104515075684
2022-03-14 17:00:00+00:00,17.0,17.039648056030273
2022-03-14 18:00:00+00:00,7.0,12.953207015991211
2022-03-14 19:00:00+00:00,5.0,3.5952961444854736
2022-03-14 20:00:00+00:00,2.0,2.564676523208618
2022-03-14 21:00:00+00:00,2.0,1.7139785289764404
2022-03-14 22:00:00+00:00,2.0,0.5585078597068787
2022-03-14 23:00:00+00:00,0.0,2.0490143299102783
2022-03-15 00:00:00+00:00,0.0,-0.6562209725379944
2022-03-15 01:00:00+00:00,2.0,-0.1884334683418274
2022-03-15 02:00:00+00:00,0.0,4.528750419616699
2022-03-15 03:00:00+00:00,5.0,2.5234899520874023
2022-03-15 04:00:00+00:00,45.0,28.087221145629883
2022-03-15 05:00:00+00:00,35.0,62.32659149169922
2022-03-15 06:00:00+00:00,31.0,34.7824592590332
2022-03-15 07:00:00+00:00,24.0,29.468568801879883
2022-03-15 08:00:00+00:00,31.0,23.7897891998291
2022-03-15 09:00:00+00:00,28.0,27.590280532836914
2022-03-15 10:00:00+00:00,30.0,25.412572860717773
2022-03-15 11:00:00+00:00,23.0,31.442602157592773
2022-03-15 12:00:00+00:00,22.0,27.005510330200195
2022-03-15 13:00:00+00:00,47.0,24.527772903442383
2022-03-15 14:00:00+00:00,34.0,37.011993408203125
2022-03-15 15:00:00+00:00,32.0,27.941083908081055
2022-03-15 16:00:00+00:00,20.0,25.675790786743164
2022-03-15 17:00:00+00:00,11.0,14.457432746887207
2022-03-15 18:00:00+00:00,7.0,8.555044174194336
2022-03-15 19:00:00+00:00,8.0,4.165619373321533
2022-03-15 20:00:00+00:00,10.0,4.861274719238281
2022-03-15 21:00:00+00:00,6.0,6.920902252197266
2022-03-15 22:00:00+00:00,2.0,2.9350292682647705
2022-03-15 23:00:00+00:00,1.0,1.9869563579559326
2022-03-16 00:00:00+00:00,1.0,0.1847333312034607
2022-03-16 01:00:00+00:00,2.0,1.4453215599060059
2022-03-16 02:00:00+00:00,3.0,4.498325347900391
2022-03-16 03:00:00+00:00,9.0,13.082001686096191
2022-03-16 04:00:00+00:00,45.0,38.626277923583984
2022-03-16 05:00:00+00:00,45.0,62.683311462402344
2022-03-16 06:00:00+00:00,29.0,52.54194259643555
2022-03-16 07:00:00+00:00,38.0,28.6436767578125
2022-03-16 08:00:00+00:00,29.0,33.4647102355957
2022-03-16 09:00:00+00:00,33.0,28.669214248657227
2022-03-16 10:00:00+00:00,29.0,28.75654411315918
2022-03-16 11:00:00+00:00,26.0,31.463008880615234
2022-03-16 12:00:00+00:00,45.0,31.61600685119629
2022-03-16 13:00:00+00:00,53.0,54.01488494873047
2022-03-16 14:00:00+00:00,34.0,41.11530303955078
2022-03-16 15:00:00+00:00,24.0,28.419580459594727
2022-03-16 16:00:00+00:00,20.0,17.487503051757812
2022-03-16 17:00:00+00:00,21.0,14.626947402954102
2022-03-16 18:00:00+00:00,11.0,15.489747047424316
2022-03-16 19:00:00+00:00,18.0,8.261678695678711
2022-03-16 20:00:00+00:00,7.0,11.179003715515137
2022-03-16 21:00:00+00:00,3.5,4.927209854125977
2022-03-16 22:00:00+00:00,0.0,1.1878222227096558
2022-03-16 23:00:00+00:00,1.0,0.10546773672103882
2022-03-17 00:00:00+00:00,1.0,0.7418081760406494
2022-03-17 01:00:00+00:00,3.0,1.2519397735595703
2022-03-17 02:00:00+00:00,3.0,7.386926174163818
2022-03-17 03:00:00+00:00,8.0,13.273653984069824
2022-03-17 04:00:00+00:00,37.0,35.70047378540039
2022-03-17 05:00:00+00:00,39.0,56.70256042480469
2022-03-17 06:00:00+00:00,22.0,47.43003463745117
2022-03-17 07:00:00+00:00,30.0,18.684595108032227
2022-03-17 08:00:00+00:00,23.0,28.77079963684082
2022-03-17 09:00:00+00:00,31.0,24.61981201171875
2022-03-17 10:00:00+00:00,30.0,27.925151824951172
2022-03-17 11:00:00+00:00,34.0,31.713274002075195
2022-03-17 12:00:00+00:00,41.0,41.20933151245117
2022-03-17 13:00:00+00:00,54.0,43.64549255371094
2022-03-17 14:00:00+00:00,41.0,44.59762191772461
2022-03-17 15:00:00+00:00,32.0,36.54509353637695
2022-03-17 16:00:00+00:00,8.0,25.66221046447754
2022-03-17 17:00:00+00:00,8.0,8.245368003845215
2022-03-17 18:00:00+00:00,7.0,6.591804027557373
2022-03-17 19:00:00+00:00,5.0,5.029332637786865
2022-03-17 20:00:00+00:00,6.0,2.28611421585083
2022-03-17 21:00:00+00:00,4.0,3.731550455093384
2022-03-17 22:00:00+00:00,2.0,1.6754145622253418
2022-03-17 23:00:00+00:00,2.0,1.5456044673919678
2022-03-18 00:00:00+00:00,4.0,2.071455717086792
2022-03-18 01:00:00+00:00,1.0,5.375659942626953
2022-03-18 02:00:00+00:00,0.0,3.480628728866577
2022-03-18 03:00:00+00:00,4.0,3.467454671859741
2022-03-18 04:00:00+00:00,37.0,21.07794952392578
2022-03-18 05:00:00+00:00,22.0,55.16828918457031
2022-03-18 06:00:00+00:00,41.0,27.438467025756836
2022-03-18 07:00:00+00:00,31.0,46.3604621887207
2022-03-18 08:00:00+00:00,34.0,32.009822845458984
2022-03-18 09:00:00+00:00,41.0,33.62240219116211
2022-03-18 10:00:00+00:00,46.0,40.79805374145508
2022-03-18 11:00:00+00:00,48.0,47.573001861572266
2022-03-18 12:00:00+00:00,52.0,51.324745178222656
2022-03-18 13:00:00+00:00,69.0,50.251495361328125
2022-03-18 14:00:00+00:00,57.0,63.048439025878906
2022-03-18 15:00:00+00:00,45.0,43.32478713989258
2022-03-18 16:00:00+00:00,17.0,37.870849609375
2022-03-18 17:00:00+00:00,18.0,12.662044525146484
2022-03-18 18:00:00+00:00,9.0,12.170108795166016
2022-03-18 19:00:00+00:00,8.0,7.028733730316162
2022-03-18 20:00:00+00:00,4.0,5.342534065246582
2022-03-18 21:00:00+00:00,2.5,2.8156180381774902
2022-03-18 22:00:00+00:00,1.0,1.3108035326004028
2022-03-18 23:00:00+00:00,0.0,-0.22425609827041626
2022-03-19 00:00:00+00:00,0.0,-0.3886449933052063
2022-03-19 01:00:00+00:00,2.0,-0.6429432034492493
2022-03-19 02:00:00+00:00,1.0,1.0480475425720215
2022-03-19 03:00:00+00:00,3.0,1.9154112339019775
2022-03-19 04:00:00+00:00,10.0,10.294713020324707
2022-03-19 05:00:00+00:00,17.0,18.84644889831543
2022-03-19 06:00:00+00:00,18.0,37.40624237060547
2022-03-19 07:00:00+00:00,32.0,39.12029266357422
2022-03-19 08:00:00+00:00,38.0,44.38400650024414
2022-03-19 09:00:00+00:00,27.0,44.66154479980469
2022-03-19 10:00:00+00:00,35.0,29.065555572509766
2022-03-19 11:00:00+00:00,25.0,31.751657485961914
2022-03-19 12:00:00+00:00,26.0,24.10654640197754
2022-03-19 13:00:00+00:00,27.0,23.683427810668945
2022-03-19 14:00:00+00:00,31.0,23.82431983947754
2022-03-19 15:00:00+00:00,16.0,26.129316329956055
2022-03-19 16:00:00+00:00,19.0,12.706570625305176
2022-03-19 17:00:00+00:00,8.0,12.659229278564453
2022-03-19 18:00:00+00:00,6.0,4.891596794128418
2022-03-19 19:00:00+00:00,7.0,4.139617443084717
2022-03-19 20:00:00+00:00,2.0,5.891451835632324
2022-03-19 21:00:00+00:00,1.5,1.3140937089920044
2022-03-19 22:00:00+00:00,1.0,0.5042784214019775
2022-03-19 23:00:00+00:00,0.0,-0.062274038791656494
2022-03-20 00:00:00+00:00,1.0,0.4567764699459076
2022-03-20 01:00:00+00:00,0.0,1.2353403568267822
2022-03-20 02:00:00+00:00,0.0,-1.0188813209533691
2022-03-20 03:00:00+00:00,1.0,-0.008745372295379639
2022-03-20 04:00:00+00:00,4.0,3.8313567638397217
2022-03-20 05:00:00+00:00,9.0,10.683334350585938
2022-03-20 06:00:00+00:00,8.0,17.170963287353516
2022-03-20 07:00:00+00:00,23.0,20.07251739501953
2022-03-20 08:00:00+00:00,21.0,36.947792053222656
2022-03-20 09:00:00+00:00,30.0,30.422544479370117
2022-03-20 10:00:00+00:00,39.0,37.37211608886719
2022-03-20 11:00:00+00:00,44.0,41.5836296081543
2022-03-20 12:00:00+00:00,58.0,47.38819122314453
2022-03-20 13:00:00+00:00,43.0,60.3803596496582
2022-03-20 14:00:00+00:00,73.0,40.46369552612305
2022-03-20 15:00:00+00:00,71.0,69.04432678222656
2022-03-20 16:00:00+00:00,47.0,63.75461959838867
2022-03-20 17:00:00+00:00,28.0,39.15407180786133
2022-03-20 18:00:00+00:00,17.0,21.63154411315918
2022-03-20 19:00:00+00:00,6.0,11.808521270751953
2022-03-20 20:00:00+00:00,4.0,2.985466957092285
2022-03-20 21:00:00+00:00,2.5,1.5925712585449219
2022-03-20 22:00:00+00:00,1.0,0.5743653178215027
2022-03-20 23:00:00+00:00,0.0,1.6425341367721558
2022-03-21 00:00:00+00:00,0.0,-0.5790812373161316
2022-03-21 01:00:00+00:00,0.0,0.4243185818195343
2022-03-21 02:00:00+00:00,5.0,0.4068957269191742
2022-03-21 03:00:00+00:00,21.0,15.60004711151123
2022-03-21 04:00:00+00:00,49.0,79.24092102050781
2022-03-21 05:00:00+00:00,41.0,57.79545974731445
2022-03-21 06:00:00+00:00,28.0,45.00585174560547
2022-03-21 07:00:00+00:00,29.0,27.278392791748047
2022-03-21 08:00:00+00:00,37.0,26.190635681152344
2022-03-21 09:00:00+00:00,36.0,34.612548828125
2022-03-21 10:00:00+00:00,34.0,30.871004104614258
2022-03-21 11:00:00+00:00,36.0,34.413917541503906
2022-03-21 12:00:00+00:00,33.0,41.666316986083984
2022-03-21 13:00:00+00:00,40.0,44.957542419433594
2022-03-21 14:00:00+00:00,34.0,34.1876106262207
2022-03-21 15:00:00+00:00,24.0,28.67310905456543
2022-03-21 16:00:00+00:00,19.0,18.131147384643555
2022-03-21 17:00:00+00:00,17.0,13.912447929382324
2022-03-21 18:00:00+00:00,16.0,13.356250762939453
2022-03-21 19:00:00+00:00,4.0,11.73359203338623
2022-03-21 20:00:00+00:00,0.0,2.40836763381958
2022-03-21 21:00:00+00:00,1.0,-0.640066921710968
2022-03-21 22:00:00+00:00,2.0,0.0655791163444519
2022-03-21 23:00:00+00:00,1.0,1.9253978729248047
2022-03-22 00:00:00+00:00,0.0,0.4262714087963104
2022-03-22 01:00:00+00:00,1.0,-0.24391478300094604
2022-03-22 02:00:00+00:00,1.0,1.9724643230438232
2022-03-22 03:00:00+00:00,16.0,6.029848098754883
2022-03-22 04:00:00+00:00,44.0,64.77848815917969
2022-03-22 05:00:00+00:00,28.0,52.47524642944336
2022-03-22 06:00:00+00:00,27.0,27.955556869506836
2022-03-22 07:00:00+00:00,30.0,25.609888076782227
2022-03-22 08:00:00+00:00,32.0,27.160158157348633
2022-03-22 09:00:00+00:00,26.0,29.377689361572266
2022-03-22 10:00:00+00:00,31.0,24.18644905090332
2022-03-22 11:00:00+00:00,27.0,32.178123474121094
2022-03-22 12:00:00+00:00,34.0,33.525455474853516
2022-03-22 13:00:00+00:00,48.0,46.467159271240234
2022-03-22 14:00:00+00:00,39.0,37.51785659790039
2022-03-22 15:00:00+00:00,28.0,32.77409744262695
2022-03-22 16:00:00+00:00,25.0,21.313968658447266
2022-03-22 17:00:00+00:00,14.0,18.65034294128418
2022-03-22 18:00:00+00:00,6.0,11.162382125854492
2022-03-22 19:00:00+00:00,7.0,2.6659913063049316
2022-03-22 20:00:00+00:00,4.0,3.8814609050750732
2022-03-22 21:00:00+00:00,2.0,2.701488971710205
2022-03-22 22:00:00+00:00,0.0,0.3950464725494385
2022-03-22 23:00:00+00:00,0.0,-0.04989081621170044
2022-03-23 00:00:00+00:00,0.0,-0.7690814137458801
2022-03-23 01:00:00+00:00,0.0,-0.2410314679145813
2022-03-23 02:00:00+00:00,3.0,-0.09244900941848755
2022-03-23 03:00:00+00:00,11.0,12.565825462341309
2022-03-23 04:00:00+00:00,39.0,43.16499328613281
2022-03-23 05:00:00+00:00,33.0,54.941688537597656
2022-03-23 06:00:00+00:00,21.0,32.09130859375
2022-03-23 07:00:00+00:00,34.0,16.788522720336914
2022-03-23 08:00:00+00:00,31.0,30.915565490722656
2022-03-23 09:00:00+00:00,35.0,28.953702926635742
2022-03-23 10:00:00+00:00,36.0,31.702871322631836
2022-03-23 11:00:00+00:00,33.0,37.07725524902344
2022-03-23 12:00:00+00:00,47.0,39.83883285522461
2022-03-23 13:00:00+00:00,47.0,58.07270050048828
2022-03-23 14:00:00+00:00,41.0,37.23377990722656
2022-03-23 15:00:00+00:00,30.0,34.598270416259766
2022-03-23 16:00:00+00:00,24.0,23.01424217224121
2022-03-23 17:00:00+00:00,20.0,17.363786697387695
2022-03-23 18:00:00+00:00,12.0,13.957396507263184
2022-03-23 19:00:00+00:00,4.0,8.676152229309082
2022-03-23 20:00:00+00:00,2.0,1.7532657384872437
2022-03-23 21:00:00+00:00,1.0,0.37445515394210815
2022-03-23 22:00:00+00:00,0.0,-0.03882259130477905
2022-03-23 23:00:00+00:00,0.0,0.02447277307510376
2022-03-24 00:00:00+00:00,1.0,-0.41292768716812134
2022-03-24 01:00:00+00:00,0.0,1.569350242614746
2022-03-24 02:00:00+00:00,1.0,0.5025311708450317
2022-03-24 03:00:00+00:00,12.0,4.68073034286499
2022-03-24 04:00:00+00:00,28.0,49.50632858276367
2022-03-24 05:00:00+00:00,43.0,40.38435745239258
2022-03-24 06:00:00+00:00,31.0,53.623470306396484
2022-03-24 07:00:00+00:00,28.0,30.329790115356445
2022-03-24 08:00:00+00:00,35.0,26.168046951293945
2022-03-24 09:00:00+00:00,28.0,32.907169342041016
2022-03-24 10:00:00+00:00,29.0,27.021297454833984
2022-03-24 11:00:00+00:00,31.0,32.33964157104492
2022-03-24 12:00:00+00:00,39.0,38.80331802368164
2022-03-24 13:00:00+00:00,48.0,44.20658874511719
2022-03-24 14:00:00+00:00,42.0,38.18735885620117
2022-03-24 15:00:00+00:00,39.0,37.6241455078125
2022-03-24 16:00:00+00:00,17.0,33.332603454589844
2022-03-24 17:00:00+00:00,16.0,13.821648597717285
2022-03-24 18:00:00+00:00,7.0,12.833553314208984
2022-03-24 19:00:00+00:00,3.0,4.549325942993164
2022-03-24 20:00:00+00:00,5.0,0.9608436226844788
2022-03-24 21:00:00+00:00,2.5,2.5924291610717773
2022-03-24 22:00:00+00:00,0.0,0.7496031522750854
2022-03-24 23:00:00+00:00,0.0,-0.08286130428314209
2022-03-25 00:00:00+00:00,0.0,-0.7714393734931946
2022-03-25 01:00:00+00:00,1.0,-0.018687665462493896
2022-03-25 02:00:00+00:00,2.0,2.683009386062622
2022-03-25 03:00:00+00:00,7.0,11.364160537719727
2022-03-25 04:00:00+00:00,33.0,32.44232177734375
2022-03-25 05:00:00+00:00,25.0,51.34416961669922
2022-03-25 06:00:00+00:00,29.0,29.872182846069336
2022-03-25 07:00:00+00:00,38.0,29.06092071533203
2022-03-25 08:00:00+00:00,30.0,36.18073654174805
2022-03-25 09:00:00+00:00,34.0,30.14592933654785
2022-03-25 10:00:00+00:00,36.0,32.379974365234375
2022-03-25 11:00:00+00:00,36.0,36.35099411010742
2022-03-25 12:00:00+00:00,60.0,40.72377014160156
2022-03-25 13:00:00+00:00,82.0,65.17711639404297
2022-03-25 14:00:00+00:00,63.0,91.02597045898438
2022-03-25 15:00:00+00:00,38.0,48.916465759277344
2022-03-25 16:00:00+00:00,20.0,33.04311752319336
2022-03-25 17:00:00+00:00,18.0,14.10218620300293
2022-03-25 18:00:00+00:00,9.0,12.761202812194824
2022-03-25 19:00:00+00:00,11.0,7.091214179992676
2022-03-25 20:00:00+00:00,2.0,6.621866226196289
2022-03-25 21:00:00+00:00,3.0,0.9458819627761841
2022-03-25 22:00:00+00:00,4.0,2.106517791748047
2022-03-25 23:00:00+00:00,2.0,2.515997886657715
2022-03-26 00:00:00+00:00,0.0,2.1328701972961426
2022-03-26 01:00:00+00:00,1.0,-0.5466801524162292
2022-03-26 02:00:00+00:00,0.0,0.12248951196670532
2022-03-26 03:00:00+00:00,4.0,-0.12797218561172485
2022-03-26 04:00:00+00:00,9.0,11.887606620788574
2022-03-26 05:00:00+00:00,10.0,18.296005249023438
2022-03-26 06:00:00+00:00,25.0,24.936159133911133
2022-03-26 07:00:00+00:00,37.0,42.49489974975586
2022-03-26 08:00:00+00:00,30.0,51.870948791503906
2022-03-26 09:00:00+00:00,42.0,34.240509033203125
2022-03-26 10:00:00+00:00,41.0,45.11753845214844
2022-03-26 11:00:00+00:00,11.0,40.456947326660156
2022-03-26 12:00:00+00:00,32.0,12.321099281311035
2022-03-26 13:00:00+00:00,24.0,30.398725509643555
2022-03-26 14:00:00+00:00,12.0,21.765113830566406
2022-03-26 15:00:00+00:00,30.0,11.984845161437988
2022-03-26 16:00:00+00:00,15.0,24.787519454956055
2022-03-26 17:00:00+00:00,16.0,10.090057373046875
2022-03-26 18:00:00+00:00,18.0,10.125204086303711
2022-03-26 19:00:00+00:00,4.0,12.0813570022583
2022-03-26 20:00:00+00:00,2.0,3.197577714920044
2022-03-26 21:00:00+00:00,1.5,1.699671983718872
2022-03-26 22:00:00+00:00,1.0,0.9748709797859192
2022-03-26 23:00:00+00:00,2.0,0.10686671733856201
2022-03-27 00:00:00+00:00,3.0,3.009244441986084
2022-03-27 01:00:00+00:00,3.0,3.743495464324951
2022-03-27 02:00:00+00:00,3.0,3.182036876678467
2022-03-27 03:00:00+00:00,3.0,5.510196685791016
2022-03-27 04:00:00+00:00,0.0,6.103224277496338
2022-03-27 05:00:00+00:00,8.0,-0.8854544758796692
2022-03-27 06:00:00+00:00,14.0,14.297952651977539
2022-03-27 07:00:00+00:00,22.0,26.665517807006836
2022-03-27 08:00:00+00:00,27.0,34.61339569091797
2022-03-27 09:00:00+00:00,43.0,35.051597595214844
2022-03-27 10:00:00+00:00,41.0,55.97112274169922
2022-03-27 11:00:00+00:00,41.0,46.818973541259766
2022-03-27 12:00:00+00:00,47.0,43.542022705078125
2022-03-27 13:00:00+00:00,58.0,49.26683807373047
2022-03-27 14:00:00+00:00,40.0,55.85845184326172
2022-03-27 15:00:00+00:00,40.0,39.16922378540039
2022-03-27 16:00:00+00:00,24.0,36.79258728027344
2022-03-27 17:00:00+00:00,19.0,24.504249572753906
2022-03-27 18:00:00+00:00,10.0,16.592153549194336
2022-03-27 19:00:00+00:00,2.0,5.857651710510254
2022-03-27 20:00:00+00:00,3.0,0.1467522382736206
2022-03-27 21:00:00+00:00,2.0,1.3038599491119385
2022-03-27 22:00:00+00:00,1.0,1.5875036716461182
2022-03-27 23:00:00+00:00,0.0,1.4973068237304688
2022-03-28 00:00:00+00:00,0.0,-0.5144760012626648
2022-03-28 01:00:00+00:00,4.0,0.35769808292388916
2022-03-28 02:00:00+00:00,18.0,11.782222747802734
2022-03-28 03:00:00+00:00,49.0,66.86829376220703
2022-03-28 04:00:00+00:00,49.0,53.305110931396484
2022-03-28 05:00:00+00:00,27.0,55.929317474365234
2022-03-28 06:00:00+00:00,31.0,28.49557876586914
2022-03-28 07:00:00+00:00,21.0,27.409177780151367
2022-03-28 08:00:00+00:00,36.0,20.403770446777344
2022-03-28 09:00:00+00:00,29.0,32.48918533325195
2022-03-28 10:00:00+00:00,27.0,25.519386291503906
2022-03-28 11:00:00+00:00,43.0,28.769121170043945
2022-03-28 12:00:00+00:00,39.0,46.04754638671875
2022-03-28 13:00:00+00:00,37.0,31.519834518432617
2022-03-28 14:00:00+00:00,36.0,30.802278518676758
2022-03-28 15:00:00+00:00,19.0,29.088560104370117
2022-03-28 16:00:00+00:00,13.0,15.413007736206055
2022-03-28 17:00:00+00:00,18.0,11.49736499786377
2022-03-28 18:00:00+00:00,5.0,14.36500358581543
2022-03-28 19:00:00+00:00,2.0,2.5941388607025146
2022-03-28 20:00:00+00:00,1.0,1.699582576751709
2022-03-28 21:00:00+00:00,1.0,0.44883692264556885
2022-03-28 22:00:00+00:00,1.0,0.42883574962615967
2022-03-28 23:00:00+00:00,0.0,1.1144170761108398
2022-03-29 00:00:00+00:00,1.0,-0.6331875920295715
2022-03-29 01:00:00+00:00,1.0,1.6046173572540283
2022-03-29 02:00:00+00:00,8.0,3.192817449569702
2022-03-29 03:00:00+00:00,50.0,35.074127197265625
2022-03-29 04:00:00+00:00,28.0,53.81983184814453
2022-03-29 05:00:00+00:00,29.0,25.17584800720215
2022-03-29 06:00:00+00:00,29.0,31.726943969726562
2022-03-29 07:00:00+00:00,34.0,25.515317916870117
2022-03-29 08:00:00+00:00,36.0,31.579227447509766
2022-03-29 09:00:00+00:00,24.0,32.6051025390625
2022-03-29 10:00:00+00:00,24.0,23.384098052978516
2022-03-29 11:00:00+00:00,31.0,27.135658264160156
2022-03-29 12:00:00+00:00,58.0,41.183189392089844
2022-03-29 13:00:00+00:00,29.0,39.18403625488281
2022-03-29 14:00:00+00:00,28.0,22.66834259033203
2022-03-29 15:00:00+00:00,24.0,22.404224395751953
2022-03-29 16:00:00+00:00,15.0,18.87892723083496
2022-03-29 17:00:00+00:00,8.0,12.614279747009277
2022-03-29 18:00:00+00:00,8.0,7.222596168518066
2022-03-29 19:00:00+00:00,1.0,5.007904052734375
2022-03-29 20:00:00+00:00,0.0,0.30658549070358276
2022-03-29 21:00:00+00:00,0.0,-0.21302539110183716
2022-03-29 22:00:00+00:00,0.0,-0.3311559557914734
2022-03-29 23:00:00+00:00,1.0,0.16019707918167114
2022-03-30 00:00:00+00:00,1.0,0.43046462535858154
2022-03-30 01:00:00+00:00,3.0,1.2457960844039917
2022-03-30 02:00:00+00:00,5.0,9.471684455871582
2022-03-30 03:00:00+00:00,48.0,29.29412078857422
2022-03-30 04:00:00+00:00,40.0,54.05095672607422
2022-03-30 05:00:00+00:00,36.0,43.47910690307617
2022-03-30 06:00:00+00:00,28.0,37.741878509521484
2022-03-30 07:00:00+00:00,34.0,25.15862464904785
2022-03-30 08:00:00+00:00,28.0,31.233116149902344
2022-03-30 09:00:00+00:00,42.0,24.476118087768555
2022-03-30 10:00:00+00:00,46.0,39.10882568359375
2022-03-30 11:00:00+00:00,40.0,44.83881759643555
2022-03-30 12:00:00+00:00,63.0,44.217281341552734
2022-03-30 13:00:00+00:00,32.0,46.10626220703125
2022-03-30 14:00:00+00:00,26.0,26.118865966796875
2022-03-30 15:00:00+00:00,26.0,20.153532028198242
2022-03-30 16:00:00+00:00,17.0,20.046850204467773
2022-03-30 17:00:00+00:00,10.0,13.438177108764648
2022-03-30 18:00:00+00:00,5.0,8.09956169128418
2022-03-30 19:00:00+00:00,8.0,1.7292945384979248
2022-03-30 20:00:00+00:00,3.0,5.861873626708984
2022-03-30 21:00:00+00:00,1.5,1.8260753154754639
2022-03-30 22:00:00+00:00,0.0,0.7950509786605835
2022-03-30 23:00:00+00:00,0.0,0.27355653047561646
2022-03-31 00:00:00+00:00,0.0,-0.5318500399589539
2022-03-31 01:00:00+00:00,2.0,-0.2141532301902771
2022-03-31 02:00:00+00:00,9.0,5.614709854125977
2022-03-31 03:00:00+00:00,41.0,37.28983688354492
2022-03-31 04:00:00+00:00,30.0,46.04010009765625
2022-03-31 05:00:00+00:00,31.0,30.05590057373047
2022-03-31 06:00:00+00:00,42.0,31.26131248474121
2022-03-31 07:00:00+00:00,26.0,38.3705940246582
2022-03-31 08:00:00+00:00,45.0,25.067716598510742
2022-03-31 09:00:00+00:00,32.0,46.63334274291992
2022-03-31 10:00:00+00:00,34.0,29.594127655029297
2022-03-31 11:00:00+00:00,38.0,33.15420913696289
2022-03-31 12:00:00+00:00,62.0,39.345802307128906
2022-03-31 13:00:00+00:00,31.0,52.525089263916016
2022-03-31 14:00:00+00:00,24.0,26.97047996520996
2022-03-31 15:00:00+00:00,20.0,18.741920471191406
2022-03-31 16:00:00+00:00,20.0,14.358880043029785
2022-03-31 17:00:00+00:00,11.0,14.18491268157959
2022-03-31 18:00:00+00:00,8.0,9.400569915771484
2022-03-31 19:00:00+00:00,3.0,5.8174052238464355
2022-03-31 20:00:00+00:00,4.0,1.7989425659179688
2022-03-31 21:00:00+00:00,2.0,2.5181660652160645
2022-03-31 22:00:00+00:00,0.0,0.9555612802505493
2022-03-31 23:00:00+00:00,0.0,0.43022826313972473
2022-04-01 00:00:00+00:00,1.0,-0.6813635230064392
2022-04-01 01:00:00+00:00,0.0,1.578779697418213
2022-04-01 02:00:00+00:00,13.0,2.5385489463806152
2022-04-01 03:00:00+00:00,28.0,49.6069450378418
2022-04-01 04:00:00+00:00,42.0,35.91064453125
2022-04-01 05:00:00+00:00,22.0,58.91152572631836
2022-04-01 06:00:00+00:00,29.0,21.60179901123047
2022-04-01 07:00:00+00:00,35.0,29.827255249023438
2022-04-01 08:00:00+00:00,36.0,34.92433166503906
2022-04-01 09:00:00+00:00,28.0,33.92525100708008
2022-04-01 10:00:00+00:00,43.0,28.312679290771484
2022-04-01 11:00:00+00:00,55.0,44.1576042175293
2022-04-01 12:00:00+00:00,78.0,60.97968292236328
2022-04-01 13:00:00+00:00,49.0,79.98992156982422
2022-04-01 14:00:00+00:00,54.0,48.33481216430664
2022-04-01 15:00:00+00:00,27.0,42.68807601928711
2022-04-01 16:00:00+00:00,11.0,20.502927780151367
2022-04-01 17:00:00+00:00,13.0,8.633420944213867
2022-04-01 18:00:00+00:00,8.0,10.318854331970215
2022-04-01 19:00:00+00:00,6.0,5.314453125
2022-04-01 20:00:00+00:00,7.0,4.023627281188965
2022-04-01 21:00:00+00:00,4.0,5.436395168304443
2022-04-01 22:00:00+00:00,1.0,2.6922528743743896
2022-04-01 23:00:00+00:00,0.0,0.6769930720329285
2022-04-02 00:00:00+00:00,0.0,-0.3174275755882263
2022-04-02 01:00:00+00:00,1.0,-0.8336333632469177
2022-04-02 02:00:00+00:00,1.0,1.0107746124267578
2022-04-02 03:00:00+00:00,8.0,4.247129440307617
2022-04-02 04:00:00+00:00,4.0,15.445585250854492
2022-04-02 05:00:00+00:00,23.0,8.379264831542969
2022-04-02 06:00:00+00:00,43.0,43.850067138671875
2022-04-02 07:00:00+00:00,41.0,61.97128677368164
2022-04-02 08:00:00+00:00,41.0,48.5709342956543
2022-04-02 09:00:00+00:00,41.0,46.461822509765625
2022-04-02 10:00:00+00:00,26.0,43.7986946105957
2022-04-02 11:00:00+00:00,28.0,27.131864547729492
2022-04-02 12:00:00+00:00,28.0,27.704355239868164
2022-04-02 13:00:00+00:00,22.0,25.509069442749023
2022-04-02 14:00:00+00:00,24.0,19.974462509155273
2022-04-02 15:00:00+00:00,16.0,20.984575271606445
2022-04-02 16:00:00+00:00,17.0,11.807064056396484
2022-04-02 17:00:00+00:00,12.0,12.37817668914795
2022-04-02 18:00:00+00:00,7.0,7.943718910217285
2022-04-02 19:00:00+00:00,3.0,4.184393405914307
2022-04-02 20:00:00+00:00,11.0,2.261294364929199
2022-04-02 21:00:00+00:00,6.5,8.711649894714355
2022-04-02 22:00:00+00:00,2.0,5.362271308898926
2022-04-02 23:00:00+00:00,0.0,1.6215670108795166
2022-04-03 00:00:00+00:00,2.0,0.5052983164787292
2022-04-03 01:00:00+00:00,1.0,1.2635401487350464
2022-04-03 02:00:00+00:00,2.0,0.9672642946243286
2022-04-03 03:00:00+00:00,6.0,5.166075706481934
2022-04-03 04:00:00+00:00,15.0,11.861778259277344
2022-04-03 05:00:00+00:00,26.0,22.938922882080078
2022-04-03 06:00:00+00:00,8.0,42.7447509765625
2022-04-03 07:00:00+00:00,28.0,20.317983627319336
2022-04-03 08:00:00+00:00,53.0,40.36100387573242
2022-04-03 09:00:00+00:00,53.0,75.90097045898438
2022-04-03 10:00:00+00:00,53.0,69.80020141601562
2022-04-03 11:00:00+00:00,47.0,62.825721740722656
2022-04-03 12:00:00+00:00,45.0,50.04400634765625
2022-04-03 13:00:00+00:00,54.0,41.20899200439453
2022-04-03 14:00:00+00:00,42.0,52.96582794189453
2022-04-03 15:00:00+00:00,46.0,39.577720642089844
2022-04-03 16:00:00+00:00,32.0,41.36064910888672
2022-04-03 17:00:00+00:00,19.0,27.989662170410156
2022-04-03 18:00:00+00:00,14.0,14.98678207397461
2022-04-03 19:00:00+00:00,5.0,8.066991806030273
2022-04-03 20:00:00+00:00,1.0,2.712191343307495
2022-04-03 21:00:00+00:00,0.5,-0.40172892808914185
2022-04-03 22:00:00+00:00,0.0,0.28740471601486206
2022-04-03 23:00:00+00:00,0.0,0.2966795563697815
2022-04-04 00:00:00+00:00,0.0,-0.14411872625350952
2022-04-04 01:00:00+00:00,7.0,0.9045512676239014
2022-04-04 02:00:00+00:00,12.0,18.135540008544922
2022-04-04 03:00:00+00:00,47.0,46.07393264770508
2022-04-04 04:00:00+00:00,36.0,49.64491653442383
2022-04-04 05:00:00+00:00,27.0,31.834802627563477
2022-04-04 06:00:00+00:00,32.0,28.12039566040039
2022-04-04 07:00:00+00:00,28.0,28.961925506591797
2022-04-04 08:00:00+00:00,27.0,25.3720703125
2022-04-04 09:00:00+00:00,25.0,24.884000778198242
2022-04-04 10:00:00+00:00,31.0,25.01313591003418
2022-04-04 11:00:00+00:00,29.0,33.30910873413086
2022-04-04 12:00:00+00:00,43.0,38.904884338378906
2022-04-04 13:00:00+00:00,30.0,34.94681930541992
2022-04-04 14:00:00+00:00,20.0,22.941425323486328
2022-04-04 15:00:00+00:00,22.0,16.13321876525879
2022-04-04 16:00:00+00:00,10.0,16.767311096191406
2022-04-04 17:00:00+00:00,14.0,8.981285095214844
2022-04-04 18:00:00+00:00,9.0,10.86220932006836
2022-04-04 19:00:00+00:00,3.0,5.488959312438965
2022-04-04 20:00:00+00:00,2.0,2.560331344604492
2022-04-04 21:00:00+00:00,2.0,1.2541077136993408
2022-04-04 22:00:00+00:00,2.0,1.0732522010803223
2022-04-04 23:00:00+00:00,2.0,2.3254048824310303
2022-04-05 00:00:00+00:00,0.0,2.377782106399536
2022-04-05 01:00:00+00:00,3.0,0.2419450879096985
2022-04-05 02:00:00+00:00,9.0,9.869322776794434
2022-04-05 03:00:00+00:00,41.0,37.269439697265625
2022-04-05 04:00:00+00:00,37.0,47.555198669433594
2022-04-05 05:00:00+00:00,32.0,44.580406188964844
2022-04-05 06:00:00+00:00,30.0,35.19994354248047
2022-04-05 07:00:00+00:00,22.0,28.509065628051758
2022-04-05 08:00:00+00:00,28.0,25.1783504486084
2022-04-05 09:00:00+00:00,31.0,24.505443572998047
2022-04-05 10:00:00+00:00,27.0,27.788738250732422
2022-04-05 11:00:00+00:00,38.0,31.406110763549805
2022-04-05 12:00:00+00:00,44.0,44.496360778808594
2022-04-05 13:00:00+00:00,30.0,36.8846435546875
2022-04-05 14:00:00+00:00,33.0,23.238920211791992
2022-04-05 15:00:00+00:00,18.0,25.914546966552734
2022-04-05 16:00:00+00:00,15.0,13.649621963500977
2022-04-05 17:00:00+00:00,25.0,12.444329261779785
2022-04-05 18:00:00+00:00,7.0,17.970317840576172
2022-04-05 19:00:00+00:00,4.0,3.9045040607452393
2022-04-05 20:00:00+00:00,2.0,3.129237413406372
2022-04-05 21:00:00+00:00,1.0,1.297806739807129
2022-04-05 22:00:00+00:00,0.0,0.3898487091064453
2022-04-05 23:00:00+00:00,0.0,0.18831253051757812
2022-04-06 00:00:00+00:00,0.0,-0.6835451722145081
2022-04-06 01:00:00+00:00,6.0,0.29771071672439575
2022-04-06 02:00:00+00:00,6.0,15.946259498596191
2022-04-06 03:00:00+00:00,47.0,29.11060333251953
2022-04-06 04:00:00+00:00,51.0,52.3507080078125
2022-04-06 05:00:00+00:00,31.0,58.951454162597656
2022-04-06 06:00:00+00:00,43.0,29.979848861694336
2022-04-06 07:00:00+00:00,29.0,40.80636978149414
2022-04-06 08:00:00+00:00,28.0,27.989673614501953
2022-04-06 09:00:00+00:00,30.0,23.798606872558594
2022-04-06 10:00:00+00:00,43.0,27.784440994262695
2022-04-06 11:00:00+00:00,44.0,43.300804138183594
2022-04-06 12:00:00+00:00,52.0,53.53695297241211
2022-04-06 13:00:00+00:00,45.0,40.58925247192383
2022-04-06 14:00:00+00:00,29.0,38.86087417602539
2022-04-06 15:00:00+00:00,25.0,22.636327743530273
2022-04-06 16:00:00+00:00,17.0,18.61917495727539
2022-04-06 17:00:00+00:00,14.0,13.290180206298828
2022-04-06 18:00:00+00:00,7.0,10.780494689941406
2022-04-06 19:00:00+00:00,5.0,3.5544583797454834
2022-04-06 20:00:00+00:00,3.0,3.6077210903167725
2022-04-06 21:00:00+00:00,2.0,2.1246755123138428
2022-04-06 22:00:00+00:00,1.0,0.977239727973938
2022-04-06 23:00:00+00:00,1.0,1.3887629508972168
2022-04-07 00:00:00+00:00,1.0,0.7164821028709412
2022-04-07 01:00:00+00:00,2.0,1.6775386333465576
2022-04-07 02:00:00+00:00,8.0,7.183345317840576
2022-04-07 03:00:00+00:00,44.0,31.124237060546875
2022-04-07 04:00:00+00:00,43.0,50.90303039550781
2022-04-07 05:00:00+00:00,33.0,52.26580047607422
2022-04-07 06:00:00+00:00,33.0,36.67266845703125
2022-04-07 07:00:00+00:00,34.0,28.48891830444336
2022-04-07 08:00:00+00:00,42.0,31.15921974182129
2022-04-07 09:00:00+00:00,34.0,40.11637878417969
2022-04-07 10:00:00+00:00,36.0,31.298250198364258
2022-04-07 11:00:00+00:00,37.0,36.61546325683594
2022-04-07 12:00:00+00:00,65.0,41.859798431396484
2022-04-07 13:00:00+00:00,29.0,53.010414123535156
2022-04-07 14:00:00+00:00,28.0,25.158960342407227
2022-04-07 15:00:00+00:00,18.0,22.22133445739746
2022-04-07 16:00:00+00:00,17.0,13.383451461791992
2022-04-07 17:00:00+00:00,14.0,12.6276216506958
2022-04-07 18:00:00+00:00,9.0,10.85551643371582
2022-04-07 19:00:00+00:00,6.0,5.750044822692871
2022-04-07 20:00:00+00:00,2.0,4.146676063537598
2022-04-07 21:00:00+00:00,1.5,0.7622131705284119
2022-04-07 22:00:00+00:00,1.0,0.5651679039001465
2022-04-07 23:00:00+00:00,0.0,1.48387610912323
2022-04-08 00:00:00+00:00,1.0,-0.6237613558769226
2022-04-08 01:00:00+00:00,0.0,1.7686119079589844
2022-04-08 02:00:00+00:00,7.0,2.69403338432312
2022-04-08 03:00:00+00:00,37.0,31.626190185546875
2022-04-08 04:00:00+00:00,31.0,47.83871078491211
2022-04-08 05:00:00+00:00,25.0,34.854862213134766
2022-04-08 06:00:00+00:00,39.0,27.435016632080078
2022-04-08 07:00:00+00:00,47.0,38.47126770019531
2022-04-08 08:00:00+00:00,47.0,54.10292053222656
2022-04-08 09:00:00+00:00,46.0,54.21949768066406
2022-04-08 10:00:00+00:00,42.0,49.45646667480469
2022-04-08 11:00:00+00:00,66.0,39.26546859741211
2022-04-08 12:00:00+00:00,101.0,77.73780059814453
2022-04-08 13:00:00+00:00,93.0,117.62657165527344
2022-04-08 14:00:00+00:00,49.0,105.1024398803711
2022-04-08 15:00:00+00:00,43.0,40.8258171081543
2022-04-08 16:00:00+00:00,32.0,34.389251708984375
2022-04-08 17:00:00+00:00,14.0,23.474119186401367
2022-04-08 18:00:00+00:00,8.0,10.02027416229248
2022-04-08 19:00:00+00:00,5.0,5.326422691345215
2022-04-08 20:00:00+00:00,5.0,3.468179702758789
2022-04-08 21:00:00+00:00,2.5,4.015678882598877
2022-04-08 22:00:00+00:00,0.0,1.510833978652954
2022-04-08 23:00:00+00:00,2.0,-0.18854421377182007
2022-04-09 00:00:00+00:00,2.0,2.6690332889556885
2022-04-09 01:00:00+00:00,1.0,1.3997762203216553
2022-04-09 02:00:00+00:00,8.0,0.6818046569824219
2022-04-09 03:00:00+00:00,11.0,16.329050064086914
2022-04-09 04:00:00+00:00,15.0,20.311630249023438
2022-04-09 05:00:00+00:00,21.0,34.30107116699219
2022-04-09 06:00:00+00:00,31.0,43.54671096801758
2022-04-09 07:00:00+00:00,40.0,43.8314094543457
2022-04-09 08:00:00+00:00,34.0,47.50138473510742
2022-04-09 09:00:00+00:00,48.0,34.74843978881836
2022-04-09 10:00:00+00:00,23.0,53.23029327392578
2022-04-09 11:00:00+00:00,24.0,23.17345428466797
2022-04-09 12:00:00+00:00,26.0,23.449312210083008
2022-04-09 13:00:00+00:00,29.0,25.73744010925293
2022-04-09 14:00:00+00:00,30.0,27.566823959350586
2022-04-09 15:00:00+00:00,23.0,28.186384201049805
2022-04-09 16:00:00+00:00,14.0,20.18482208251953
2022-04-09 17:00:00+00:00,13.0,10.582303047180176
2022-04-09 18:00:00+00:00,1.0,9.247640609741211
2022-04-09 19:00:00+00:00,8.0,-0.1989869475364685
2022-04-09 20:00:00+00:00,1.0,7.385294437408447
2022-04-09 21:00:00+00:00,1.5,0.15533697605133057
2022-04-09 22:00:00+00:00,2.0,0.5151963233947754
2022-04-09 23:00:00+00:00,2.0,1.7182238101959229
2022-04-10 00:00:00+00:00,2.0,2.2719409465789795
2022-04-10 01:00:00+00:00,1.0,1.5829893350601196
2022-04-10 02:00:00+00:00,3.0,0.9435579776763916
2022-04-10 03:00:00+00:00,7.0,5.893133640289307
2022-04-10 04:00:00+00:00,3.0,12.945266723632812
2022-04-10 05:00:00+00:00,3.0,4.67997407913208
2022-04-10 06:00:00+00:00,11.0,4.52416467666626
2022-04-10 07:00:00+00:00,22.0,25.545412063598633
2022-04-10 08:00:00+00:00,28.0,31.633180618286133
2022-04-10 09:00:00+00:00,37.0,35.259986877441406
2022-04-10 10:00:00+00:00,45.0,39.373291015625
2022-04-10 11:00:00+00:00,35.0,48.80026626586914
2022-04-10 12:00:00+00:00,51.0,38.367679595947266
2022-04-10 13:00:00+00:00,52.0,50.20425033569336
2022-04-10 14:00:00+00:00,38.0,44.1219596862793
2022-04-10 15:00:00+00:00,48.0,40.066349029541016
2022-04-10 16:00:00+00:00,31.0,41.939823150634766
2022-04-10 17:00:00+00:00,11.0,30.829755783081055
2022-04-10 18:00:00+00:00,13.0,8.597128868103027
2022-04-10 19:00:00+00:00,6.0,7.775012016296387
2022-04-10 20:00:00+00:00,1.0,3.3890912532806396
2022-04-10 21:00:00+00:00,1.0,-0.3278302550315857
2022-04-10 22:00:00+00:00,1.0,0.615287184715271
2022-04-10 23:00:00+00:00,0.0,1.6005570888519287
2022-04-11 00:00:00+00:00,0.0,-0.3565201163291931
2022-04-11 01:00:00+00:00,3.0,1.0381932258605957
2022-04-11 02:00:00+00:00,10.0,10.758217811584473
2022-04-11 03:00:00+00:00,39.0,43.72548294067383
2022-04-11 04:00:00+00:00,24.0,55.18967056274414
2022-04-11 05:00:00+00:00,47.0,25.380115509033203
2022-04-11 06:00:00+00:00,44.0,53.79505157470703
2022-04-11 07:00:00+00:00,56.0,43.98329544067383
2022-04-11 08:00:00+00:00,53.0,64.26404571533203
2022-04-11 09:00:00+00:00,37.0,55.75862121582031
2022-04-11 10:00:00+00:00,24.0,31.175355911254883
2022-04-11 11:00:00+00:00,39.0,25.656579971313477
2022-04-11 12:00:00+00:00,47.0,40.084896087646484
2022-04-11 13:00:00+00:00,33.0,35.5433235168457
2022-04-11 14:00:00+00:00,33.0,26.683879852294922
2022-04-11 15:00:00+00:00,28.0,26.21316146850586
2022-04-11 16:00:00+00:00,17.0,23.22454833984375
2022-04-11 17:00:00+00:00,18.0,14.785277366638184
2022-04-11 18:00:00+00:00,9.0,13.741447448730469
2022-04-11 19:00:00+00:00,4.0,5.65462589263916
2022-04-11 20:00:00+00:00,3.0,3.6906578540802
2022-04-11 21:00:00+00:00,1.5,2.2214064598083496
2022-04-11 22:00:00+00:00,0.0,0.4854406714439392
2022-04-11 23:00:00+00:00,0.0,0.03902280330657959
2022-04-12 00:00:00+00:00,1.0,-0.6009314656257629
2022-04-12 01:00:00+00:00,1.0,2.2410495281219482
2022-04-12 02:00:00+00:00,10.0,4.1801910400390625
2022-04-12 03:00:00+00:00,27.0,43.69718933105469
2022-04-12 04:00:00+00:00,23.0,41.189823150634766
2022-04-12 05:00:00+00:00,22.0,24.871522903442383
2022-04-12 06:00:00+00:00,34.0,25.393630981445312
2022-04-12 07:00:00+00:00,38.0,38.511192321777344
2022-04-12 08:00:00+00:00,45.0,33.67336654663086
2022-04-12 09:00:00+00:00,41.0,41.45859146118164
2022-04-12 10:00:00+00:00,50.0,35.280494689941406
2022-04-12 11:00:00+00:00,32.0,45.64814376831055
2022-04-12 12:00:00+00:00,60.0,33.77210235595703
2022-04-12 13:00:00+00:00,39.0,42.72156524658203
2022-04-12 14:00:00+00:00,38.0,33.17424392700195
2022-04-12 15:00:00+00:00,34.0,33.286705017089844
2022-04-12 16:00:00+00:00,16.0,27.645776748657227
2022-04-12 17:00:00+00:00,17.0,13.861650466918945
2022-04-12 18:00:00+00:00,11.0,13.49736499786377
2022-04-12 19:00:00+00:00,6.0,7.448484897613525
2022-04-12 20:00:00+00:00,2.0,4.92678165435791
2022-04-12 21:00:00+00:00,1.0,1.2831897735595703
2022-04-12 22:00:00+00:00,0.0,-0.22602885961532593
2022-04-12 23:00:00+00:00,0.0,-0.037497103214263916
2022-04-13 00:00:00+00:00,2.0,-0.7925288081169128
2022-04-13 01:00:00+00:00,2.0,4.389330863952637
2022-04-13 02:00:00+00:00,9.0,7.643650531768799
2022-04-13 03:00:00+00:00,24.0,38.29737091064453
2022-04-13 04:00:00+00:00,21.0,37.41630554199219
2022-04-13 05:00:00+00:00,24.0,26.71596336364746
2022-04-13 06:00:00+00:00,44.0,30.414186477661133
2022-04-13 07:00:00+00:00,58.0,56.694766998291016
2022-04-13 08:00:00+00:00,63.0,67.72653198242188
2022-04-13 09:00:00+00:00,64.0,70.01502990722656
2022-04-13 10:00:00+00:00,44.0,66.71711730957031
2022-04-13 11:00:00+00:00,49.0,40.15461730957031
2022-04-13 12:00:00+00:00,55.0,38.836456298828125
2022-04-13 13:00:00+00:00,40.0,41.22899627685547
2022-04-13 14:00:00+00:00,36.0,33.11014938354492
2022-04-13 15:00:00+00:00,31.0,29.171154022216797
2022-04-13 16:00:00+00:00,26.0,26.161367416381836
2022-04-13 17:00:00+00:00,13.0,21.414772033691406
2022-04-13 18:00:00+00:00,8.0,11.008992195129395
2022-04-13 19:00:00+00:00,3.0,5.625461578369141
2022-04-13 20:00:00+00:00,8.0,2.3495893478393555
2022-04-13 21:00:00+00:00,6.0,6.571361064910889
2022-04-13 22:00:00+00:00,4.0,3.1242446899414062
2022-04-13 23:00:00+00:00,0.0,3.441481351852417
2022-04-14 00:00:00+00:00,1.0,-0.569221556186676
2022-04-14 01:00:00+00:00,0.0,0.9549766778945923
2022-04-14 02:00:00+00:00,1.0,0.8210451006889343
2022-04-14 03:00:00+00:00,9.0,7.06771183013916
2022-04-14 04:00:00+00:00,4.0,18.126605987548828
2022-04-14 05:00:00+00:00,17.0,7.961939334869385
2022-04-14 06:00:00+00:00,20.0,33.95421600341797
2022-04-14 07:00:00+00:00,51.0,32.15773391723633
2022-04-14 08:00:00+00:00,55.0,63.683677673339844
2022-04-14 09:00:00+00:00,50.0,63.53778839111328
2022-04-14 10:00:00+00:00,29.0,49.50434112548828
2022-04-14 11:00:00+00:00,38.0,31.222951889038086
2022-04-14 12:00:00+00:00,26.0,36.569480895996094
2022-04-14 13:00:00+00:00,29.0,24.479598999023438
2022-04-14 14:00:00+00:00,40.0,24.433361053466797
2022-04-14 15:00:00+00:00,41.0,34.63796615600586
2022-04-14 16:00:00+00:00,20.0,36.19308090209961
2022-04-14 17:00:00+00:00,16.0,16.960216522216797
2022-04-14 18:00:00+00:00,7.0,12.77610969543457
2022-04-14 19:00:00+00:00,3.0,4.7566046714782715
2022-04-14 20:00:00+00:00,1.0,2.069817543029785
2022-04-14 21:00:00+00:00,0.5,0.016508877277374268
2022-04-14 22:00:00+00:00,0.0,-0.7265034317970276
2022-04-14 23:00:00+00:00,1.0,0.08783841133117676
2022-04-15 00:00:00+00:00,0.0,-0.0873916745185852
2022-04-15 01:00:00+00:00,0.0,-0.13408750295639038
2022-04-15 02:00:00+00:00,2.0,0.9021173715591431
2022-04-15 03:00:00+00:00,6.0,7.612275123596191
2022-04-15 04:00:00+00:00,12.0,11.196611404418945
2022-04-15 05:00:00+00:00,18.0,22.041330337524414
2022-04-15 06:00:00+00:00,25.0,33.54779815673828
2022-04-15 07:00:00+00:00,36.0,48.989559173583984
2022-04-15 08:00:00+00:00,63.0,54.48252487182617
2022-04-15 09:00:00+00:00,69.0,81.04765319824219
2022-04-15 10:00:00+00:00,41.0,77.74174499511719
2022-04-15 11:00:00+00:00,50.0,37.786720275878906
2022-04-15 12:00:00+00:00,39.0,45.117794036865234
2022-04-15 13:00:00+00:00,49.0,34.41866683959961
2022-04-15 14:00:00+00:00,53.0,40.84149932861328
2022-04-15 15:00:00+00:00,41.0,46.750186920166016
2022-04-15 16:00:00+00:00,33.0,33.82179260253906
2022-04-15 17:00:00+00:00,23.0,26.432992935180664
2022-04-15 18:00:00+00:00,14.0,17.629348754882812
2022-04-15 19:00:00+00:00,9.0,9.03511905670166
2022-04-15 20:00:00+00:00,5.0,6.7888407707214355
2022-04-15 21:00:00+00:00,3.5,3.575859546661377
2022-04-15 22:00:00+00:00,2.0,2.1529104709625244
2022-04-15 23:00:00+00:00,1.0,1.8234310150146484
2022-04-16 00:00:00+00:00,0.0,1.0790990591049194
2022-04-16 01:00:00+00:00,0.0,-0.8866042494773865
2022-04-16 02:00:00+00:00,3.0,0.6938331127166748
2022-04-16 03:00:00+00:00,2.0,7.898332595825195
2022-04-16 04:00:00+00:00,9.0,2.6234874725341797
2022-04-16 05:00:00+00:00,22.0,17.598804473876953
2022-04-16 06:00:00+00:00,43.0,41.760643005371094
2022-04-16 07:00:00+00:00,53.0,69.80668640136719
2022-04-16 08:00:00+00:00,66.0,74.43793487548828
2022-04-16 09:00:00+00:00,46.0,84.0086898803711
2022-04-16 10:00:00+00:00,36.0,50.14634323120117
2022-04-16 11:00:00+00:00,37.0,33.50862121582031
2022-04-16 12:00:00+00:00,29.0,35.02371597290039
2022-04-16 13:00:00+00:00,35.0,25.63202667236328
2022-04-16 14:00:00+00:00,30.0,31.635332107543945
2022-04-16 15:00:00+00:00,25.0,26.438434600830078
2022-04-16 16:00:00+00:00,22.0,21.176637649536133
2022-04-16 17:00:00+00:00,14.0,16.479700088500977
2022-04-16 18:00:00+00:00,11.0,9.479965209960938
2022-04-16 19:00:00+00:00,4.0,7.438061237335205
2022-04-16 20:00:00+00:00,1.0,4.21232271194458
2022-04-16 21:00:00+00:00,2.0,0.3649080991744995
2022-04-16 22:00:00+00:00,3.0,1.3301599025726318
2022-04-16 23:00:00+00:00,0.0,2.730034828186035
2022-04-17 00:00:00+00:00,0.0,0.6106864213943481
2022-04-17 01:00:00+00:00,0.0,-0.7220720648765564
2022-04-17 02:00:00+00:00,2.0,0.610652506351471
2022-04-17 03:00:00+00:00,4.0,5.060118198394775
2022-04-17 04:00:00+00:00,8.0,8.583497047424316
2022-04-17 05:00:00+00:00,15.0,13.847046852111816
2022-04-17 06:00:00+00:00,23.0,25.831953048706055
2022-04-17 07:00:00+00:00,52.0,44.542449951171875
2022-04-17 08:00:00+00:00,66.0,79.98799896240234
2022-04-17 09:00:00+00:00,76.0,86.2315902709961
2022-04-17 10:00:00+00:00,58.0,89.02407836914062
2022-04-17 11:00:00+00:00,85.0,65.3673095703125
2022-04-17 12:00:00+00:00,68.0,92.21485900878906
2022-04-17 13:00:00+00:00,72.0,70.1679916381836
2022-04-17 14:00:00+00:00,73.0,69.27848052978516
2022-04-17 15:00:00+00:00,70.0,67.64315795898438
2022-04-17 16:00:00+00:00,40.0,59.50021743774414
2022-04-17 17:00:00+00:00,23.0,33.53361511230469
2022-04-17 18:00:00+00:00,11.0,19.283187866210938
2022-04-17 19:00:00+00:00,5.0,6.1184821128845215
2022-04-17 20:00:00+00:00,1.0,1.7831640243530273
2022-04-17 21:00:00+00:00,1.5,-0.9343163371086121
2022-04-17 22:00:00+00:00,2.0,-0.41139549016952515
2022-04-17 23:00:00+00:00,0.0,1.8366436958312988
2022-04-18 00:00:00+00:00,1.0,-0.47233158349990845
2022-04-18 01:00:00+00:00,0.0,2.543790102005005
2022-04-18 02:00:00+00:00,2.0,0.6986061334609985
2022-04-18 03:00:00+00:00,7.0,8.956915855407715
2022-04-18 04:00:00+00:00,19.0,11.294357299804688
2022-04-18 05:00:00+00:00,26.0,33.16291809082031
2022-04-18 06:00:00+00:00,26.0,50.31446838378906
2022-04-18 07:00:00+00:00,55.0,48.182804107666016
2022-04-18 08:00:00+00:00,64.0,72.73637390136719
2022-04-18 09:00:00+00:00,67.0,77.35653686523438
2022-04-18 10:00:00+00:00,73.0,71.5235595703125
2022-04-18 11:00:00+00:00,65.0,75.56034851074219
2022-04-18 12:00:00+00:00,79.0,59.73104476928711
2022-04-18 13:00:00+00:00,79.0,79.05290985107422
2022-04-18 14:00:00+00:00,78.0,74.08442687988281
2022-04-18 15:00:00+00:00,45.0,67.40897369384766
2022-04-18 16:00:00+00:00,35.0,36.51103973388672
2022-04-18 17:00:00+00:00,18.0,27.03792953491211
2022-04-18 18:00:00+00:00,11.0,13.424276351928711
2022-04-18 19:00:00+00:00,4.0,7.733091354370117
2022-04-18 20:00:00+00:00,2.0,2.9214987754821777
2022-04-18 21:00:00+00:00,1.5,1.6115965843200684
2022-04-18 22:00:00+00:00,1.0,0.525145947933197
2022-04-18 23:00:00+00:00,0.0,1.1021870374679565
2022-04-19 00:00:00+00:00,1.0,-0.48758143186569214
2022-04-19 01:00:00+00:00,5.0,2.4151432514190674
2022-04-19 02:00:00+00:00,14.0,14.579073905944824
2022-04-19 03:00:00+00:00,46.0,55.25612258911133
2022-04-19 04:00:00+00:00,37.0,52.49139404296875
2022-04-19 05:00:00+00:00,35.0,34.12275314331055
2022-04-19 06:00:00+00:00,46.0,35.43899917602539
2022-04-19 07:00:00+00:00,33.0,47.6666259765625
2022-04-19 08:00:00+00:00,39.0,30.972681045532227
2022-04-19 09:00:00+00:00,31.0,34.94047546386719
2022-04-19 10:00:00+00:00,34.0,26.789592742919922
2022-04-19 11:00:00+00:00,37.0,32.096004486083984
2022-04-19 12:00:00+00:00,51.0,40.87485122680664
2022-04-19 13:00:00+00:00,47.0,37.6807746887207
2022-04-19 14:00:00+00:00,36.0,41.679443359375
2022-04-19 15:00:00+00:00,26.0,28.573698043823242
2022-04-19 16:00:00+00:00,18.0,18.607833862304688
2022-04-19 17:00:00+00:00,15.0,13.350751876831055
2022-04-19 18:00:00+00:00,9.0,11.644293785095215
2022-04-19 19:00:00+00:00,2.0,5.454261302947998
2022-04-19 20:00:00+00:00,2.0,1.2608364820480347
2022-04-19 21:00:00+00:00,1.0,1.2913358211517334
2022-04-19 22:00:00+00:00,0.0,0.21939164400100708
2022-04-19 23:00:00+00:00,0.0,0.1983342170715332
2022-04-20 00:00:00+00:00,1.0,-0.6572216153144836
2022-04-20 01:00:00+00:00,3.0,2.0320026874542236
2022-04-20 02:00:00+00:00,13.0,11.661280632019043
2022-04-20 03:00:00+00:00,48.0,50.9283332824707
2022-04-20 04:00:00+00:00,34.0,55.686668395996094
2022-04-20 05:00:00+00:00,37.0,29.466108322143555
2022-04-20 06:00:00+00:00,27.0,40.382957458496094
2022-04-20 07:00:00+00:00,33.0,24.327165603637695
2022-04-20 08:00:00+00:00,27.0,30.861604690551758
2022-04-20 09:00:00+00:00,31.0,23.079896926879883
2022-04-20 10:00:00+00:00,39.0,28.53966522216797
2022-04-20 11:00:00+00:00,36.0,37.75932693481445
2022-04-20 12:00:00+00:00,56.0,42.269771575927734
2022-04-20 13:00:00+00:00,24.0,40.89609146118164
2022-04-20 14:00:00+00:00,25.0,18.17682647705078
2022-04-20 15:00:00+00:00,21.0,18.87744903564453
2022-04-20 16:00:00+00:00,22.0,15.392959594726562
2022-04-20 17:00:00+00:00,14.0,15.40589427947998
2022-04-20 18:00:00+00:00,8.0,10.820755958557129
2022-04-20 19:00:00+00:00,2.0,4.167021751403809
2022-04-20 20:00:00+00:00,2.0,1.0166796445846558
2022-04-20 21:00:00+00:00,1.0,1.0306369066238403
2022-04-20 22:00:00+00:00,0.0,0.21635931730270386
2022-04-20 23:00:00+00:00,2.0,0.321477472782135
2022-04-21 00:00:00+00:00,1.0,2.4297375679016113
2022-04-21 01:00:00+00:00,3.0,1.6219024658203125
2022-04-21 02:00:00+00:00,10.0,10.62738037109375
2022-04-21 03:00:00+00:00,44.0,37.81149673461914
2022-04-21 04:00:00+00:00,31.0,49.92110061645508
2022-04-21 05:00:00+00:00,36.0,26.41361427307129
2022-04-21 06:00:00+00:00,39.0,36.699913024902344
2022-04-21 07:00:00+00:00,33.0,31.64759063720703
2022-04-21 08:00:00+00:00,42.0,30.710588455200195
2022-04-21 09:00:00+00:00,31.0,41.04618835449219
2022-04-21 10:00:00+00:00,42.0,29.037281036376953
2022-04-21 11:00:00+00:00,36.0,42.45089340209961
2022-04-21 12:00:00+00:00,63.0,42.77174758911133
2022-04-21 13:00:00+00:00,37.0,48.09929275512695
2022-04-21 14:00:00+00:00,31.0,34.560020446777344
2022-04-21 15:00:00+00:00,22.0,24.694116592407227
2022-04-21 16:00:00+00:00,16.0,15.998170852661133
2022-04-21 17:00:00+00:00,22.0,12.759575843811035
2022-04-21 18:00:00+00:00,10.0,15.731714248657227
2022-04-21 19:00:00+00:00,4.0,6.736988067626953
2022-04-21 20:00:00+00:00,1.0,2.4372477531433105
2022-04-21 21:00:00+00:00,0.5,0.12904232740402222
2022-04-21 22:00:00+00:00,0.0,-0.2791042923927307
2022-04-21 23:00:00+00:00,0.0,0.5106810331344604
2022-04-22 00:00:00+00:00,1.0,-0.4460070729255676
2022-04-22 01:00:00+00:00,2.0,1.6959235668182373
2022-04-22 02:00:00+00:00,9.0,8.979366302490234
2022-04-22 03:00:00+00:00,41.0,34.97804641723633
2022-04-22 04:00:00+00:00,23.0,50.77745819091797
2022-04-22 05:00:00+00:00,30.0,28.36504554748535
2022-04-22 06:00:00+00:00,30.0,31.426647186279297
2022-04-22 07:00:00+00:00,38.0,29.99526596069336
2022-04-22 08:00:00+00:00,38.0,37.921913146972656
2022-04-22 09:00:00+00:00,38.0,35.28832244873047
2022-04-22 10:00:00+00:00,45.0,35.567909240722656
2022-04-22 11:00:00+00:00,55.0,43.701332092285156
2022-04-22 12:00:00+00:00,74.0,61.127342224121094
2022-04-22 13:00:00+00:00,41.0,73.0813980102539
2022-04-22 14:00:00+00:00,25.0,38.384483337402344
2022-04-22 15:00:00+00:00,36.0,19.761075973510742
2022-04-22 16:00:00+00:00,19.0,27.324960708618164
2022-04-22 17:00:00+00:00,12.0,13.64438533782959
2022-04-22 18:00:00+00:00,13.0,9.337325096130371
2022-04-22 19:00:00+00:00,6.0,8.627223014831543
2022-04-22 20:00:00+00:00,4.0,3.518496513366699
2022-04-22 21:00:00+00:00,2.0,2.882794141769409
2022-04-22 22:00:00+00:00,0.0,0.8846035599708557
2022-04-22 23:00:00+00:00,0.0,-0.33196693658828735
2022-04-23 00:00:00+00:00,1.0,-0.4154972434043884
2022-04-23 01:00:00+00:00,1.0,-0.24940866231918335
2022-04-23 02:00:00+00:00,8.0,0.9100934267044067
2022-04-23 03:00:00+00:00,14.0,15.852555274963379
2022-04-23 04:00:00+00:00,9.0,25.53453254699707
2022-04-23 05:00:00+00:00,22.0,21.77898406982422
2022-04-23 06:00:00+00:00,37.0,42.27862548828125
2022-04-23 07:00:00+00:00,32.0,54.8109245300293
2022-04-23 08:00:00+00:00,32.0,38.210575103759766
2022-04-23 09:00:00+00:00,38.0,33.701725006103516
2022-04-23 10:00:00+00:00,14.0,37.57411575317383
2022-04-23 11:00:00+00:00,16.0,13.67417049407959
2022-04-23 12:00:00+00:00,21.0,13.49241828918457
2022-04-23 13:00:00+00:00,17.0,18.260751724243164
2022-04-23 14:00:00+00:00,38.0,16.410377502441406
2022-04-23 15:00:00+00:00,20.0,33.04459762573242
2022-04-23 16:00:00+00:00,12.0,14.634536743164062
2022-04-23 17:00:00+00:00,5.0,8.192174911499023
2022-04-23 18:00:00+00:00,6.0,3.3127641677856445
2022-04-23 19:00:00+00:00,8.0,3.462414026260376
2022-04-23 20:00:00+00:00,1.0,5.190764427185059
2022-04-23 21:00:00+00:00,2.5,0.743535578250885
2022-04-23 22:00:00+00:00,4.0,1.9419186115264893
2022-04-23 23:00:00+00:00,1.0,3.4808130264282227
2022-04-24 00:00:00+00:00,0.0,1.905919075012207
2022-04-24 01:00:00+00:00,0.0,-0.8019463419914246
2022-04-24 02:00:00+00:00,7.0,-0.23266202211380005
2022-04-24 03:00:00+00:00,9.0,9.86512565612793
2022-04-24 04:00:00+00:00,14.0,15.3012056350708
2022-04-24 05:00:00+00:00,48.0,22.265342712402344
2022-04-24 06:00:00+00:00,45.0,85.8158950805664
2022-04-24 07:00:00+00:00,33.0,81.83395385742188
2022-04-24 08:00:00+00:00,34.0,44.755714416503906
2022-04-24 09:00:00+00:00,39.0,39.34919357299805
2022-04-24 10:00:00+00:00,53.0,45.23981857299805
2022-04-24 11:00:00+00:00,45.0,64.76031494140625
2022-04-24 12:00:00+00:00,47.0,49.62678909301758
2022-04-24 13:00:00+00:00,49.0,48.19135284423828
2022-04-24 14:00:00+00:00,43.0,45.48752975463867
2022-04-24 15:00:00+00:00,57.0,40.887325286865234
2022-04-24 16:00:00+00:00,34.0,46.55763626098633
2022-04-24 17:00:00+00:00,22.0,27.206979751586914
2022-04-24 18:00:00+00:00,11.0,16.580623626708984
2022-04-24 19:00:00+00:00,1.0,5.066123962402344
2022-04-24 20:00:00+00:00,2.0,-0.35746926069259644
2022-04-24 21:00:00+00:00,1.0,0.42384713888168335
2022-04-24 22:00:00+00:00,0.0,0.8174960017204285
2022-04-24 23:00:00+00:00,0.0,0.4104573130607605
2022-04-25 00:00:00+00:00,1.0,-0.08985209465026855
2022-04-25 01:00:00+00:00,8.0,2.8641598224639893
2022-04-25 02:00:00+00:00,14.0,19.515750885009766
2022-04-25 03:00:00+00:00,49.0,54.35895919799805
2022-04-25 04:00:00+00:00,36.0,50.71492385864258
2022-04-25 05:00:00+00:00,35.0,26.075754165649414
2022-04-25 06:00:00+00:00,34.0,32.409263610839844
2022-04-25 07:00:00+00:00,20.0,28.111719131469727
2022-04-25 08:00:00+00:00,33.0,20.253353118896484
2022-04-25 09:00:00+00:00,41.0,28.575725555419922
2022-04-25 10:00:00+00:00,29.0,36.59215545654297
2022-04-25 11:00:00+00:00,33.0,31.422555923461914
2022-04-25 12:00:00+00:00,55.0,43.168785095214844
2022-04-25 13:00:00+00:00,34.0,38.670223236083984
2022-04-25 14:00:00+00:00,14.0,28.5035343170166
2022-04-25 15:00:00+00:00,31.0,11.654552459716797
2022-04-25 16:00:00+00:00,13.0,23.950685501098633
2022-04-25 17:00:00+00:00,13.0,10.59742546081543
2022-04-25 18:00:00+00:00,7.0,9.792878150939941
2022-04-25 19:00:00+00:00,6.0,3.964858293533325
2022-04-25 20:00:00+00:00,2.0,4.368007659912109
2022-04-25 21:00:00+00:00,2.5,1.2442655563354492
2022-04-25 22:00:00+00:00,3.0,1.3125205039978027
2022-04-25 23:00:00+00:00,0.0,3.306842088699341
2022-04-26 00:00:00+00:00,0.0,-0.5876502394676208
2022-04-26 01:00:00+00:00,2.0,-0.06341791152954102
2022-04-26 02:00:00+00:00,7.0,7.5234375
2022-04-26 03:00:00+00:00,44.0,30.63947105407715
2022-04-26 04:00:00+00:00,36.0,46.65950393676758
2022-04-26 05:00:00+00:00,26.0,33.9522590637207
2022-04-26 06:00:00+00:00,37.0,26.4801025390625
2022-04-26 07:00:00+00:00,32.0,34.00093460083008
2022-04-26 08:00:00+00:00,22.0,29.156902313232422
2022-04-26 09:00:00+00:00,28.0,21.103118896484375
2022-04-26 10:00:00+00:00,27.0,25.691076278686523
2022-04-26 11:00:00+00:00,40.0,32.71816635131836
2022-04-26 12:00:00+00:00,50.0,45.53244400024414
2022-04-26 13:00:00+00:00,33.0,37.62721633911133
2022-04-26 14:00:00+00:00,24.0,27.304065704345703
2022-04-26 15:00:00+00:00,22.0,18.38431167602539
2022-04-26 16:00:00+00:00,16.0,15.633345603942871
2022-04-26 17:00:00+00:00,10.0,12.034194946289062
2022-04-26 18:00:00+00:00,11.0,7.857996463775635
2022-04-26 19:00:00+00:00,8.0,6.279200553894043
2022-04-26 20:00:00+00:00,1.0,5.634727954864502
2022-04-26 21:00:00+00:00,0.5,0.36469101905822754
2022-04-26 22:00:00+00:00,0.0,-0.18971341848373413
2022-04-26 23:00:00+00:00,0.0,0.19921231269836426
2022-04-27 00:00:00+00:00,1.0,-0.7018224596977234
2022-04-27 01:00:00+00:00,2.0,1.8166412115097046
2022-04-27 02:00:00+00:00,8.0,7.279218673706055
2022-04-27 03:00:00+00:00,48.0,32.017330169677734
2022-04-27 04:00:00+00:00,39.0,53.66220474243164
2022-04-27 05:00:00+00:00,24.0,40.289024353027344
2022-04-27 06:00:00+00:00,32.0,23.31308364868164
2022-04-27 07:00:00+00:00,33.0,26.989892959594727
2022-04-27 08:00:00+00:00,32.0,29.939584732055664
2022-04-27 09:00:00+00:00,42.0,28.174501419067383
2022-04-27 10:00:00+00:00,50.0,40.36351776123047
2022-04-27 11:00:00+00:00,44.0,51.14370346069336
2022-04-27 12:00:00+00:00,50.0,49.26830291748047
2022-04-27 13:00:00+00:00,33.0,38.85093688964844
2022-04-27 14:00:00+00:00,35.0,27.635942459106445
2022-04-27 15:00:00+00:00,26.0,28.013837814331055
2022-04-27 16:00:00+00:00,17.0,19.760835647583008
2022-04-27 17:00:00+00:00,12.0,12.488853454589844
2022-04-27 18:00:00+00:00,12.0,9.250595092773438
2022-04-27 19:00:00+00:00,6.0,7.471774101257324
2022-04-27 20:00:00+00:00,3.0,4.092892169952393
2022-04-27 21:00:00+00:00,2.0,1.751908779144287
2022-04-27 22:00:00+00:00,1.0,0.7698651552200317
2022-04-27 23:00:00+00:00,0.0,1.3281084299087524
2022-04-28 00:00:00+00:00,2.0,-0.8223097920417786
2022-04-28 01:00:00+00:00,3.0,3.156954765319824
2022-04-28 02:00:00+00:00,11.0,10.715225219726562
2022-04-28 03:00:00+00:00,38.0,43.71230697631836
2022-04-28 04:00:00+00:00,34.0,42.66508102416992
2022-04-28 05:00:00+00:00,32.0,32.14128875732422
2022-04-28 06:00:00+00:00,30.0,32.02497482299805
2022-04-28 07:00:00+00:00,27.0,26.407222747802734
2022-04-28 08:00:00+00:00,35.0,25.435489654541016
2022-04-28 09:00:00+00:00,34.0,32.544551849365234
2022-04-28 10:00:00+00:00,34.0,32.04093933105469
2022-04-28 11:00:00+00:00,38.0,34.800724029541016
2022-04-28 12:00:00+00:00,56.0,40.72584915161133
2022-04-28 13:00:00+00:00,47.0,41.22075271606445
2022-04-28 14:00:00+00:00,28.0,45.91535949707031
2022-04-28 15:00:00+00:00,26.0,22.341550827026367
2022-04-28 16:00:00+00:00,23.0,19.210420608520508
2022-04-28 17:00:00+00:00,10.0,16.934274673461914
2022-04-28 18:00:00+00:00,17.0,7.731346607208252
2022-04-28 19:00:00+00:00,6.0,11.738180160522461
2022-04-28 20:00:00+00:00,0.0,4.0909342765808105
2022-04-28 21:00:00+00:00,0.0,-0.6782415509223938
2022-04-28 22:00:00+00:00,0.0,-0.7907703518867493
2022-04-28 23:00:00+00:00,1.0,0.36130326986312866
2022-04-29 00:00:00+00:00,0.0,0.3209831118583679
2022-04-29 01:00:00+00:00,4.0,-0.3904567360877991
2022-04-29 02:00:00+00:00,8.0,13.483181953430176
2022-04-29 03:00:00+00:00,38.0,33.64455032348633
2022-04-29 04:00:00+00:00,38.0,46.33246612548828
2022-04-29 05:00:00+00:00,34.0,50.56403732299805
2022-04-29 06:00:00+00:00,39.0,40.1595458984375
2022-04-29 07:00:00+00:00,36.0,38.57014083862305
2022-04-29 08:00:00+00:00,35.0,35.29349136352539
2022-04-29 09:00:00+00:00,42.0,32.367225646972656
2022-04-29 10:00:00+00:00,38.0,43.747901916503906
2022-04-29 11:00:00+00:00,59.0,38.63483428955078
2022-04-29 12:00:00+00:00,67.0,67.61937713623047
2022-04-29 13:00:00+00:00,47.0,56.770084381103516
2022-04-29 14:00:00+00:00,27.0,47.11859130859375
2022-04-29 15:00:00+00:00,26.0,23.881580352783203
2022-04-29 16:00:00+00:00,11.0,19.343774795532227
2022-04-29 17:00:00+00:00,16.0,8.637266159057617
2022-04-29 18:00:00+00:00,8.0,12.06369686126709
2022-04-29 19:00:00+00:00,4.0,5.476779937744141
2022-04-29 20:00:00+00:00,7.0,2.078845262527466
2022-04-29 21:00:00+00:00,4.0,5.635818958282471
2022-04-29 22:00:00+00:00,1.0,3.0427355766296387
2022-04-29 23:00:00+00:00,6.0,0.42851749062538147
2022-04-30 00:00:00+00:00,0.0,6.945685386657715
2022-04-30 01:00:00+00:00,2.0,-0.7585378289222717
2022-04-30 02:00:00+00:00,3.0,2.124102830886841
2022-04-30 03:00:00+00:00,8.0,9.18967342376709
2022-04-30 04:00:00+00:00,11.0,16.917057037353516
2022-04-30 05:00:00+00:00,39.0,24.730310440063477
2022-04-30 06:00:00+00:00,32.0,66.10260009765625
2022-04-30 07:00:00+00:00,41.0,46.530364990234375
2022-04-30 08:00:00+00:00,33.0,49.26407241821289
2022-04-30 09:00:00+00:00,33.0,34.537906646728516
2022-04-30 10:00:00+00:00,41.0,32.23362350463867
2022-04-30 11:00:00+00:00,34.0,40.131256103515625
2022-04-30 12:00:00+00:00,31.0,31.799518585205078
2022-04-30 13:00:00+00:00,41.0,29.925701141357422
2022-04-30 14:00:00+00:00,34.0,36.01179122924805
2022-04-30 15:00:00+00:00,27.0,28.960391998291016
2022-04-30 16:00:00+00:00,30.0,20.260982513427734
2022-04-30 17:00:00+00:00,16.0,21.683792114257812
2022-04-30 18:00:00+00:00,10.0,10.636506080627441
2022-04-30 19:00:00+00:00,9.0,6.321691989898682
2022-04-30 20:00:00+00:00,3.0,6.886537551879883
2022-04-30 21:00:00+00:00,2.0,2.5449016094207764
2022-04-30 22:00:00+00:00,1.0,1.464137077331543
2022-04-30 23:00:00+00:00,2.0,0.2058178186416626
2022-05-01 00:00:00+00:00,0.0,2.9626662731170654
2022-05-01 01:00:00+00:00,0.0,-0.5626258254051208
2022-05-01 02:00:00+00:00,1.0,-0.5852412581443787
2022-05-01 03:00:00+00:00,4.0,3.0972702503204346
2022-05-01 04:00:00+00:00,4.0,8.443802833557129
2022-05-01 05:00:00+00:00,11.0,6.978394985198975
2022-05-01 06:00:00+00:00,21.0,22.59540367126465
2022-05-01 07:00:00+00:00,34.0,36.71296310424805
2022-05-01 08:00:00+00:00,47.0,48.101932525634766
2022-05-01 09:00:00+00:00,57.0,64.63920593261719
2022-05-01 10:00:00+00:00,56.0,70.26116943359375
2022-05-01 11:00:00+00:00,44.0,66.24212646484375
2022-05-01 12:00:00+00:00,53.0,46.33407974243164
2022-05-01 13:00:00+00:00,75.0,55.66808319091797
2022-05-01 14:00:00+00:00,81.0,74.00640106201172
2022-05-01 15:00:00+00:00,61.0,77.01908874511719
2022-05-01 16:00:00+00:00,37.0,49.10538864135742
2022-05-01 17:00:00+00:00,13.0,28.309715270996094
2022-05-01 18:00:00+00:00,12.0,8.608319282531738
2022-05-01 19:00:00+00:00,5.0,5.460930824279785
2022-05-01 20:00:00+00:00,1.0,2.423733949661255
2022-05-01 21:00:00+00:00,0.5,-0.6053127646446228
2022-05-01 22:00:00+00:00,0.0,-0.012266874313354492
2022-05-01 23:00:00+00:00,1.0,0.4214385747909546
2022-05-02 00:00:00+00:00,1.0,1.4825313091278076
2022-05-02 01:00:00+00:00,1.0,3.7315120697021484
2022-05-02 02:00:00+00:00,18.0,5.707910060882568
2022-05-02 03:00:00+00:00,55.0,69.9862060546875
2022-05-02 04:00:00+00:00,47.0,62.46211624145508
2022-05-02 05:00:00+00:00,39.0,54.53769302368164
2022-05-02 06:00:00+00:00,35.0,43.20952224731445
2022-05-02 07:00:00+00:00,40.0,29.018169403076172
2022-05-02 08:00:00+00:00,39.0,37.479373931884766
2022-05-02 09:00:00+00:00,26.0,35.55080795288086
2022-05-02 10:00:00+00:00,28.0,25.767953872680664
2022-05-02 11:00:00+00:00,33.0,31.444307327270508
2022-05-02 12:00:00+00:00,39.0,45.270240783691406
2022-05-02 13:00:00+00:00,25.0,29.550874710083008
2022-05-02 14:00:00+00:00,25.0,18.520038604736328
2022-05-02 15:00:00+00:00,22.0,18.863035202026367
2022-05-02 16:00:00+00:00,17.0,15.651053428649902
2022-05-02 17:00:00+00:00,22.0,12.772577285766602
2022-05-02 18:00:00+00:00,5.0,14.281665802001953
2022-05-02 19:00:00+00:00,4.0,2.1892809867858887
2022-05-02 20:00:00+00:00,2.0,3.0577781200408936
2022-05-02 21:00:00+00:00,1.0,1.7584917545318604
2022-05-02 22:00:00+00:00,0.0,0.3252546191215515
2022-05-02 23:00:00+00:00,0.0,0.10794997215270996
2022-05-03 00:00:00+00:00,1.0,-0.1329013705253601
2022-05-03 01:00:00+00:00,0.0,3.3583383560180664
2022-05-03 02:00:00+00:00,10.0,2.2607779502868652
2022-05-03 03:00:00+00:00,43.0,38.353126525878906
2022-05-03 04:00:00+00:00,31.0,48.393463134765625
2022-05-03 05:00:00+00:00,34.0,27.32060432434082
2022-05-03 06:00:00+00:00,31.0,38.03495788574219
2022-05-03 07:00:00+00:00,37.0,28.602523803710938
2022-05-03 08:00:00+00:00,41.0,34.88558578491211
2022-05-03 09:00:00+00:00,32.0,39.2409553527832
2022-05-03 10:00:00+00:00,27.0,29.626420974731445
2022-05-03 11:00:00+00:00,43.0,31.871614456176758
2022-05-03 12:00:00+00:00,51.0,53.87611770629883
2022-05-03 13:00:00+00:00,44.0,40.07379150390625
2022-05-03 14:00:00+00:00,30.0,38.457149505615234
2022-05-03 15:00:00+00:00,28.0,23.73724937438965
2022-05-03 16:00:00+00:00,18.0,21.057785034179688
2022-05-03 17:00:00+00:00,11.0,13.421022415161133
2022-05-03 18:00:00+00:00,7.0,7.796751022338867
2022-05-03 19:00:00+00:00,3.0,3.4225950241088867
2022-05-03 20:00:00+00:00,7.0,1.9374058246612549
2022-05-03 21:00:00+00:00,4.0,5.366157054901123
2022-05-03 22:00:00+00:00,1.0,2.4164888858795166
2022-05-03 23:00:00+00:00,0.0,1.2284635305404663
2022-05-04 00:00:00+00:00,0.0,-0.5221167206764221
2022-05-04 01:00:00+00:00,6.0,-0.06333762407302856
2022-05-04 02:00:00+00:00,12.0,17.636674880981445
2022-05-04 03:00:00+00:00,38.0,46.953548431396484
2022-05-04 04:00:00+00:00,43.0,44.11006546020508
2022-05-04 05:00:00+00:00,28.0,48.660621643066406
2022-05-04 06:00:00+00:00,28.0,30.052066802978516
2022-05-04 07:00:00+00:00,26.0,26.498615264892578
2022-05-04 08:00:00+00:00,35.0,25.666099548339844
2022-05-04 09:00:00+00:00,33.0,31.71605682373047
2022-05-04 10:00:00+00:00,29.0,30.444162368774414
2022-05-04 11:00:00+00:00,27.0,34.01581954956055
2022-05-04 12:00:00+00:00,51.0,35.58539581298828
2022-05-04 13:00:00+00:00,38.0,39.925655364990234
2022-05-04 14:00:00+00:00,37.0,33.5520133972168
2022-05-04 15:00:00+00:00,11.0,30.83255958557129
2022-05-04 16:00:00+00:00,14.0,9.988511085510254
2022-05-04 17:00:00+00:00,10.0,11.613919258117676
2022-05-04 18:00:00+00:00,8.0,7.461634159088135
2022-05-04 19:00:00+00:00,7.0,4.731042385101318
2022-05-04 20:00:00+00:00,1.0,5.28325080871582
2022-05-04 21:00:00+00:00,0.5,0.3620368242263794
2022-05-04 22:00:00+00:00,0.0,-0.16165035963058472
2022-05-04 23:00:00+00:00,0.0,0.4475362300872803
2022-05-05 00:00:00+00:00,0.0,-0.42468005418777466
2022-05-05 01:00:00+00:00,3.0,-0.01932978630065918
2022-05-05 02:00:00+00:00,6.0,12.32480239868164
2022-05-05 03:00:00+00:00,41.0,28.409320831298828
2022-05-05 04:00:00+00:00,37.0,50.01076889038086
2022-05-05 05:00:00+00:00,38.0,43.08023452758789
2022-05-05 06:00:00+00:00,37.0,43.7629508972168
2022-05-05 07:00:00+00:00,27.0,31.432785034179688
2022-05-05 08:00:00+00:00,36.0,25.786266326904297
2022-05-05 09:00:00+00:00,43.0,33.8787841796875
2022-05-05 10:00:00+00:00,29.0,42.579376220703125
2022-05-05 11:00:00+00:00,41.0,32.97753143310547
2022-05-05 12:00:00+00:00,51.0,42.84640121459961
2022-05-05 13:00:00+00:00,38.0,41.615440368652344
2022-05-05 14:00:00+00:00,43.0,35.04636001586914
2022-05-05 15:00:00+00:00,32.0,37.09968948364258
2022-05-05 16:00:00+00:00,22.0,24.462305068969727
2022-05-05 17:00:00+00:00,9.0,16.466041564941406
2022-05-05 18:00:00+00:00,3.0,6.6704888343811035
2022-05-05 19:00:00+00:00,2.0,0.7125409245491028
2022-05-05 20:00:00+00:00,3.0,1.042353868484497
2022-05-05 21:00:00+00:00,3.0,1.7557286024093628
2022-05-05 22:00:00+00:00,3.0,1.656740665435791
2022-05-05 23:00:00+00:00,1.0,3.5223217010498047
2022-05-06 00:00:00+00:00,0.0,1.095170021057129
2022-05-06 01:00:00+00:00,1.0,0.19240951538085938
2022-05-06 02:00:00+00:00,8.0,6.448286056518555
2022-05-06 03:00:00+00:00,34.0,33.64153289794922
2022-05-06 04:00:00+00:00,30.0,45.93492126464844
2022-05-06 05:00:00+00:00,33.0,36.348690032958984
2022-05-06 06:00:00+00:00,43.0,38.4359130859375
2022-05-06 07:00:00+00:00,44.0,45.48793411254883
2022-05-06 08:00:00+00:00,47.0,46.93488311767578
2022-05-06 09:00:00+00:00,32.0,49.42161560058594
2022-05-06 10:00:00+00:00,44.0,30.370346069335938
2022-05-06 11:00:00+00:00,57.0,44.83354568481445
2022-05-06 12:00:00+00:00,67.0,63.56937789916992
2022-05-06 13:00:00+00:00,50.0,61.70212936401367
2022-05-06 14:00:00+00:00,38.0,48.71694564819336
2022-05-06 15:00:00+00:00,29.0,33.988006591796875
2022-05-06 16:00:00+00:00,20.0,22.236385345458984
2022-05-06 17:00:00+00:00,8.0,15.420759201049805
2022-05-06 18:00:00+00:00,8.0,6.98848295211792
2022-05-06 19:00:00+00:00,15.0,5.639041423797607
2022-05-06 20:00:00+00:00,1.0,8.91382884979248
2022-05-06 21:00:00+00:00,1.0,-0.5067625641822815
2022-05-06 22:00:00+00:00,1.0,-0.08188289403915405
2022-05-06 23:00:00+00:00,0.0,0.8653643131256104
2022-05-07 00:00:00+00:00,2.0,-0.328913152217865
2022-05-07 01:00:00+00:00,1.0,1.451093077659607
2022-05-07 02:00:00+00:00,4.0,1.6909654140472412
2022-05-07 03:00:00+00:00,7.0,11.574671745300293
2022-05-07 04:00:00+00:00,18.0,14.93919563293457
2022-05-07 05:00:00+00:00,24.0,35.83147048950195
2022-05-07 06:00:00+00:00,46.0,44.294219970703125
2022-05-07 07:00:00+00:00,48.0,67.67694854736328
2022-05-07 08:00:00+00:00,59.0,61.60055923461914
2022-05-07 09:00:00+00:00,39.0,71.74974060058594
2022-05-07 10:00:00+00:00,27.0,38.253170013427734
2022-05-07 11:00:00+00:00,38.0,28.004817962646484
2022-05-07 12:00:00+00:00,21.0,32.60496520996094
2022-05-07 13:00:00+00:00,23.0,18.550458908081055
2022-05-07 14:00:00+00:00,39.0,20.35807228088379
2022-05-07 15:00:00+00:00,35.0,32.85848617553711
2022-05-07 16:00:00+00:00,19.0,25.284372329711914
2022-05-07 17:00:00+00:00,11.0,13.014892578125
2022-05-07 18:00:00+00:00,6.0,7.505616664886475
2022-05-07 19:00:00+00:00,2.0,3.914853811264038
2022-05-07 20:00:00+00:00,1.0,1.4386935234069824
2022-05-07 21:00:00+00:00,1.5,0.6385110020637512
2022-05-07 22:00:00+00:00,2.0,0.8058544397354126
2022-05-07 23:00:00+00:00,0.0,1.6722694635391235
2022-05-08 00:00:00+00:00,0.0,0.4557451605796814
2022-05-08 01:00:00+00:00,2.0,-0.7084988951683044
2022-05-08 02:00:00+00:00,1.0,2.9062888622283936
2022-05-08 03:00:00+00:00,6.0,3.888054370880127
2022-05-08 04:00:00+00:00,7.0,11.63996696472168
2022-05-08 05:00:00+00:00,17.0,11.248346328735352
2022-05-08 06:00:00+00:00,18.0,29.302963256835938
2022-05-08 07:00:00+00:00,33.0,29.471271514892578
2022-05-08 08:00:00+00:00,49.0,44.405845642089844
2022-05-08 09:00:00+00:00,52.0,68.73829650878906
2022-05-08 10:00:00+00:00,44.0,65.19666290283203
2022-05-08 11:00:00+00:00,72.0,49.373207092285156
2022-05-08 12:00:00+00:00,48.0,82.30955505371094
2022-05-08 13:00:00+00:00,70.0,51.86731719970703
2022-05-08 14:00:00+00:00,85.0,68.07868957519531
2022-05-08 15:00:00+00:00,61.0,81.11512756347656
2022-05-08 16:00:00+00:00,37.0,48.622676849365234
2022-05-08 17:00:00+00:00,20.0,28.650373458862305
2022-05-08 18:00:00+00:00,13.0,13.929153442382812
2022-05-08 19:00:00+00:00,11.0,6.59695291519165
2022-05-08 20:00:00+00:00,3.0,6.007440567016602
2022-05-08 21:00:00+00:00,1.5,0.6638984084129333
2022-05-08 22:00:00+00:00,0.0,0.5155802369117737
2022-05-08 23:00:00+00:00,0.0,0.402447909116745
2022-05-09 00:00:00+00:00,0.0,0.2532423138618469
2022-05-09 01:00:00+00:00,6.0,1.1928997039794922
2022-05-09 02:00:00+00:00,14.0,16.6757755279541
2022-05-09 03:00:00+00:00,57.0,53.58913803100586
2022-05-09 04:00:00+00:00,34.0,67.00666809082031
2022-05-09 05:00:00+00:00,40.0,29.122283935546875
2022-05-09 06:00:00+00:00,38.0,44.26773452758789
2022-05-09 07:00:00+00:00,40.0,30.40016746520996
2022-05-09 08:00:00+00:00,39.0,35.871334075927734
2022-05-09 09:00:00+00:00,30.0,35.32755661010742
2022-05-09 10:00:00+00:00,41.0,28.015541076660156
2022-05-09 11:00:00+00:00,37.0,39.06486892700195
2022-05-09 12:00:00+00:00,43.0,42.81955337524414
2022-05-09 13:00:00+00:00,30.0,33.74146270751953
2022-05-09 14:00:00+00:00,22.0,23.647451400756836
2022-05-09 15:00:00+00:00,32.0,16.888872146606445
2022-05-09 16:00:00+00:00,21.0,24.850685119628906
2022-05-09 17:00:00+00:00,14.0,15.134052276611328
2022-05-09 18:00:00+00:00,8.0,10.298778533935547
2022-05-09 19:00:00+00:00,4.0,4.0702128410339355
2022-05-09 20:00:00+00:00,3.0,2.9083728790283203
2022-05-09 21:00:00+00:00,1.5,2.723574638366699
2022-05-09 22:00:00+00:00,0.0,0.5390797853469849
2022-05-09 23:00:00+00:00,2.0,0.1300097107887268
2022-05-10 00:00:00+00:00,1.0,2.8463807106018066
2022-05-10 01:00:00+00:00,3.0,3.0813868045806885
2022-05-10 02:00:00+00:00,6.0,12.081403732299805
2022-05-10 03:00:00+00:00,43.0,27.874149322509766
2022-05-10 04:00:00+00:00,37.0,49.68251419067383
2022-05-10 05:00:00+00:00,37.0,39.52442169189453
2022-05-10 06:00:00+00:00,31.0,39.70436477661133
2022-05-10 07:00:00+00:00,29.0,27.872560501098633
2022-05-10 08:00:00+00:00,27.0,28.168033599853516
2022-05-10 09:00:00+00:00,36.0,24.140289306640625
2022-05-10 10:00:00+00:00,31.0,32.215309143066406
2022-05-10 11:00:00+00:00,43.0,34.941139221191406
2022-05-10 12:00:00+00:00,35.0,53.74979782104492
2022-05-10 13:00:00+00:00,42.0,25.906238555908203
2022-05-10 14:00:00+00:00,21.0,35.55128479003906
2022-05-10 15:00:00+00:00,23.0,15.836064338684082
2022-05-10 16:00:00+00:00,18.0,16.725669860839844
2022-05-10 17:00:00+00:00,10.0,13.371881484985352
2022-05-10 18:00:00+00:00,5.0,7.265800476074219
2022-05-10 19:00:00+00:00,5.0,2.186370611190796
2022-05-10 20:00:00+00:00,2.0,3.3119094371795654
2022-05-10 21:00:00+00:00,1.0,1.5323939323425293
2022-05-10 22:00:00+00:00,0.0,0.22211432456970215
2022-05-10 23:00:00+00:00,0.0,0.1819869875907898
2022-05-11 00:00:00+00:00,0.0,-0.6402692198753357
2022-05-11 01:00:00+00:00,3.0,-0.11073130369186401
2022-05-11 02:00:00+00:00,9.0,12.867307662963867
2022-05-11 03:00:00+00:00,50.0,35.18255615234375
2022-05-11 04:00:00+00:00,38.0,57.643638610839844
2022-05-11 05:00:00+00:00,32.0,39.75132751464844
2022-05-11 06:00:00+00:00,34.0,32.81419372558594
2022-05-11 07:00:00+00:00,31.0,30.089841842651367
2022-05-11 08:00:00+00:00,33.0,29.71428680419922
2022-05-11 09:00:00+00:00,40.0,29.331274032592773
2022-05-11 10:00:00+00:00,40.0,38.31379318237305
2022-05-11 11:00:00+00:00,43.0,40.58092498779297
2022-05-11 12:00:00+00:00,49.0,51.34296798706055
2022-05-11 13:00:00+00:00,32.0,39.76392364501953
2022-05-11 14:00:00+00:00,20.0,25.995805740356445
2022-05-11 15:00:00+00:00,27.0,15.40522575378418
2022-05-11 16:00:00+00:00,13.0,20.339797973632812
2022-05-11 17:00:00+00:00,7.0,10.897134780883789
2022-05-11 18:00:00+00:00,8.0,4.755674839019775
2022-05-11 19:00:00+00:00,4.0,4.883261680603027
2022-05-11 20:00:00+00:00,3.0,2.851473093032837
2022-05-11 21:00:00+00:00,1.5,2.2069079875946045
2022-05-11 22:00:00+00:00,0.0,0.623314380645752
2022-05-11 23:00:00+00:00,0.0,0.4195100665092468
2022-05-12 00:00:00+00:00,0.0,-0.5431111454963684
2022-05-12 01:00:00+00:00,0.0,0.15000492334365845
2022-05-12 02:00:00+00:00,9.0,2.452747106552124
2022-05-12 03:00:00+00:00,43.0,34.54109191894531
2022-05-12 04:00:00+00:00,34.0,51.44377899169922
2022-05-12 05:00:00+00:00,39.0,36.40894317626953
2022-05-12 06:00:00+00:00,36.0,47.831817626953125
2022-05-12 07:00:00+00:00,33.0,30.735898971557617
2022-05-12 08:00:00+00:00,44.0,31.435396194458008
2022-05-12 09:00:00+00:00,33.0,45.072235107421875
2022-05-12 10:00:00+00:00,39.0,31.009376525878906
2022-05-12 11:00:00+00:00,48.0,38.9432487487793
2022-05-12 12:00:00+00:00,64.0,58.422611236572266
2022-05-12 13:00:00+00:00,52.0,52.70682907104492
2022-05-12 14:00:00+00:00,34.0,46.73664855957031
2022-05-12 15:00:00+00:00,17.0,28.882579803466797
2022-05-12 16:00:00+00:00,20.0,13.3806791305542
2022-05-12 17:00:00+00:00,10.0,15.11021900177002
2022-05-12 18:00:00+00:00,17.0,8.359535217285156
2022-05-12 19:00:00+00:00,3.0,11.530668258666992
2022-05-12 20:00:00+00:00,6.0,1.4184973239898682
2022-05-12 21:00:00+00:00,3.0,3.6780927181243896
2022-05-12 22:00:00+00:00,0.0,1.4598982334136963
2022-05-12 23:00:00+00:00,2.0,0.2608746290206909
2022-05-13 00:00:00+00:00,0.0,1.9707632064819336
2022-05-13 01:00:00+00:00,0.0,-0.10834258794784546
2022-05-13 02:00:00+00:00,9.0,4.0024847984313965
2022-05-13 03:00:00+00:00,40.0,35.36396789550781
2022-05-13 04:00:00+00:00,39.0,53.73191452026367
2022-05-13 05:00:00+00:00,41.0,54.72003936767578
2022-05-13 06:00:00+00:00,43.0,52.00803756713867
2022-05-13 07:00:00+00:00,38.0,45.00334167480469
2022-05-13 08:00:00+00:00,39.0,37.26591491699219
2022-05-13 09:00:00+00:00,45.0,37.297386169433594
2022-05-13 10:00:00+00:00,48.0,47.50804138183594
2022-05-13 11:00:00+00:00,55.0,49.78603744506836
2022-05-13 12:00:00+00:00,67.0,62.58606719970703
2022-05-13 13:00:00+00:00,53.0,66.095458984375
2022-05-13 14:00:00+00:00,36.0,49.759483337402344
2022-05-13 15:00:00+00:00,17.0,32.165443420410156
2022-05-13 16:00:00+00:00,18.0,13.734329223632812
2022-05-13 17:00:00+00:00,10.0,14.025020599365234
2022-05-13 18:00:00+00:00,7.0,7.643205165863037
2022-05-13 19:00:00+00:00,2.0,4.855461120605469
2022-05-13 20:00:00+00:00,5.0,0.4357299506664276
2022-05-13 21:00:00+00:00,3.0,3.9342739582061768
2022-05-13 22:00:00+00:00,1.0,1.9986467361450195
2022-05-13 23:00:00+00:00,2.0,0.4779014587402344
2022-05-14 00:00:00+00:00,1.0,2.6139185428619385
2022-05-14 01:00:00+00:00,2.0,0.20761388540267944
2022-05-14 02:00:00+00:00,1.0,3.2645933628082275
2022-05-14 03:00:00+00:00,7.0,5.04533576965332
2022-05-14 04:00:00+00:00,23.0,15.077624320983887
2022-05-14 05:00:00+00:00,31.0,40.67465591430664
2022-05-14 06:00:00+00:00,29.0,62.267791748046875
2022-05-14 07:00:00+00:00,41.0,42.179718017578125
2022-05-14 08:00:00+00:00,40.0,49.699981689453125
2022-05-14 09:00:00+00:00,46.0,43.1998405456543
2022-05-14 10:00:00+00:00,43.0,48.588863372802734
2022-05-14 11:00:00+00:00,26.0,40.470123291015625
2022-05-14 12:00:00+00:00,27.0,24.69576644897461
2022-05-14 13:00:00+00:00,24.0,24.74428367614746
2022-05-14 14:00:00+00:00,21.0,21.422321319580078
2022-05-14 15:00:00+00:00,24.0,17.753808975219727
2022-05-14 16:00:00+00:00,15.0,17.237802505493164
2022-05-14 17:00:00+00:00,7.0,10.195850372314453
2022-05-14 18:00:00+00:00,3.0,4.712798595428467
2022-05-14 19:00:00+00:00,2.0,1.3098756074905396
2022-05-14 20:00:00+00:00,5.0,1.728783130645752
2022-05-14 21:00:00+00:00,3.0,4.149277210235596
2022-05-14 22:00:00+00:00,1.0,2.0812277793884277
2022-05-14 23:00:00+00:00,2.0,-0.29152578115463257
2022-05-15 00:00:00+00:00,0.0,3.066660165786743
2022-05-15 01:00:00+00:00,1.0,-0.6113209128379822
2022-05-15 02:00:00+00:00,1.0,0.6923675537109375
2022-05-15 03:00:00+00:00,7.0,3.4225289821624756
2022-05-15 04:00:00+00:00,8.0,13.184966087341309
2022-05-15 05:00:00+00:00,14.0,13.315048217773438
2022-05-15 06:00:00+00:00,17.0,25.79972267150879
2022-05-15 07:00:00+00:00,32.0,30.73518943786621
2022-05-15 08:00:00+00:00,44.0,43.818660736083984
2022-05-15 09:00:00+00:00,48.0,61.196067810058594
2022-05-15 10:00:00+00:00,52.0,58.63384246826172
2022-05-15 11:00:00+00:00,66.0,61.232154846191406
2022-05-15 12:00:00+00:00,47.0,74.26752471923828
2022-05-15 13:00:00+00:00,60.0,43.73823547363281
2022-05-15 14:00:00+00:00,60.0,57.86178970336914
2022-05-15 15:00:00+00:00,48.0,56.812652587890625
2022-05-15 16:00:00+00:00,34.0,41.9434814453125
2022-05-15 17:00:00+00:00,17.0,26.67284393310547
2022-05-15 18:00:00+00:00,13.0,11.774889945983887
2022-05-15 19:00:00+00:00,10.0,6.2113518714904785
2022-05-15 20:00:00+00:00,1.0,5.241993427276611
2022-05-15 21:00:00+00:00,0.5,-0.7804500460624695
2022-05-15 22:00:00+00:00,0.0,-0.3428310751914978
2022-05-15 23:00:00+00:00,1.0,0.40357714891433716
2022-05-16 00:00:00+00:00,0.0,1.3880352973937988
2022-05-16 01:00:00+00:00,3.0,1.1612086296081543
2022-05-16 02:00:00+00:00,8.0,11.253599166870117
2022-05-16 03:00:00+00:00,47.0,38.269893646240234
2022-05-16 04:00:00+00:00,30.0,63.11186981201172
2022-05-16 05:00:00+00:00,24.0,37.578521728515625
2022-05-16 06:00:00+00:00,32.0,21.91686248779297
2022-05-16 07:00:00+00:00,22.0,28.04054832458496
2022-05-16 08:00:00+00:00,43.0,21.255395889282227
2022-05-16 09:00:00+00:00,31.0,39.95515823364258
2022-05-16 10:00:00+00:00,34.0,27.84992218017578
2022-05-16 11:00:00+00:00,38.0,36.936275482177734
2022-05-16 12:00:00+00:00,51.0,51.43354797363281
2022-05-16 13:00:00+00:00,43.0,38.733848571777344
2022-05-16 14:00:00+00:00,38.0,37.45551300048828
2022-05-16 15:00:00+00:00,32.0,32.05852508544922
2022-05-16 16:00:00+00:00,23.0,25.0687198638916
2022-05-16 17:00:00+00:00,13.0,16.689367294311523
2022-05-16 18:00:00+00:00,14.0,11.335472106933594
2022-05-16 19:00:00+00:00,3.0,8.438465118408203
2022-05-16 20:00:00+00:00,3.0,1.4902291297912598
2022-05-16 21:00:00+00:00,2.0,2.5386502742767334
2022-05-16 22:00:00+00:00,1.0,0.8744918704032898
2022-05-16 23:00:00+00:00,1.0,-0.22717314958572388
2022-05-17 00:00:00+00:00,0.0,0.19604647159576416
2022-05-17 01:00:00+00:00,2.0,-0.0843626856803894
2022-05-17 02:00:00+00:00,1.0,9.838183403015137
2022-05-17 03:00:00+00:00,6.0,6.049182415008545
2022-05-17 04:00:00+00:00,17.0,25.56892967224121
2022-05-17 05:00:00+00:00,16.0,27.86252212524414
2022-05-17 06:00:00+00:00,13.0,30.006624221801758
2022-05-17 07:00:00+00:00,15.0,16.802719116210938
2022-05-17 08:00:00+00:00,21.0,17.723628997802734
2022-05-17 09:00:00+00:00,20.0,27.897382736206055
2022-05-17 10:00:00+00:00,22.0,18.854164123535156
2022-05-17 11:00:00+00:00,23.0,22.73064422607422
2022-05-17 12:00:00+00:00,24.0,23.961044311523438
2022-05-17 13:00:00+00:00,21.0,24.082406997680664
2022-05-17 14:00:00+00:00,30.0,20.8215274810791
2022-05-17 15:00:00+00:00,32.0,26.776981353759766
2022-05-17 16:00:00+00:00,17.0,28.0233211517334
2022-05-17 17:00:00+00:00,17.0,13.3032808303833
2022-05-17 18:00:00+00:00,8.0,12.7243070602417
2022-05-17 19:00:00+00:00,3.0,4.587630271911621
2022-05-17 20:00:00+00:00,3.0,1.841890573501587
2022-05-17 21:00:00+00:00,1.5,2.505150556564331
2022-05-17 22:00:00+00:00,0.0,0.3027716279029846
2022-05-17 23:00:00+00:00,0.0,-0.3852044939994812
2022-05-18 00:00:00+00:00,1.0,-0.4884416460990906
2022-05-18 01:00:00+00:00,5.0,-0.3190457224845886
2022-05-18 02:00:00+00:00,16.0,16.01279067993164
2022-05-18 03:00:00+00:00,54.0,61.47551345825195
2022-05-18 04:00:00+00:00,34.0,65.4404067993164
2022-05-18 05:00:00+00:00,32.0,36.352256774902344
2022-05-18 06:00:00+00:00,41.0,31.912376403808594
2022-05-18 07:00:00+00:00,29.0,35.347755432128906
2022-05-18 08:00:00+00:00,36.0,27.54703140258789
2022-05-18 09:00:00+00:00,35.0,31.55811309814453
2022-05-18 10:00:00+00:00,31.0,30.83052635192871
2022-05-18 11:00:00+00:00,42.0,32.519161224365234
2022-05-18 12:00:00+00:00,65.0,49.99031066894531
2022-05-18 13:00:00+00:00,26.0,52.536922454833984
2022-05-18 14:00:00+00:00,26.0,20.523550033569336
2022-05-18 15:00:00+00:00,15.0,20.566743850708008
2022-05-18 16:00:00+00:00,26.0,11.989421844482422
2022-05-18 17:00:00+00:00,14.0,19.167104721069336
2022-05-18 18:00:00+00:00,12.0,10.740216255187988
2022-05-18 19:00:00+00:00,5.0,6.976041793823242
2022-05-18 20:00:00+00:00,4.0,3.6592719554901123
2022-05-18 21:00:00+00:00,2.5,3.1182339191436768
2022-05-18 22:00:00+00:00,1.0,1.4691486358642578
2022-05-18 23:00:00+00:00,0.0,1.5330448150634766
2022-05-19 00:00:00+00:00,1.0,-0.2541291117668152
2022-05-19 01:00:00+00:00,0.0,2.5829005241394043
2022-05-19 02:00:00+00:00,9.0,3.0855648517608643
2022-05-19 03:00:00+00:00,42.0,34.10271453857422
2022-05-19 04:00:00+00:00,45.0,48.471946716308594
2022-05-19 05:00:00+00:00,39.0,54.973915100097656
2022-05-19 06:00:00+00:00,33.0,44.83065414428711
2022-05-19 07:00:00+00:00,30.0,30.424633026123047
2022-05-19 08:00:00+00:00,26.0,29.41972541809082
2022-05-19 09:00:00+00:00,37.0,23.197124481201172
2022-05-19 10:00:00+00:00,37.0,34.50990676879883
2022-05-19 11:00:00+00:00,32.0,38.70013427734375
2022-05-19 12:00:00+00:00,61.0,44.17731475830078
2022-05-19 13:00:00+00:00,42.0,49.253456115722656
2022-05-19 14:00:00+00:00,25.0,39.376888275146484
2022-05-19 15:00:00+00:00,14.0,19.569990158081055
2022-05-19 16:00:00+00:00,20.0,11.306567192077637
2022-05-19 17:00:00+00:00,23.0,14.892435073852539
2022-05-19 18:00:00+00:00,6.0,16.576017379760742
2022-05-19 19:00:00+00:00,5.0,2.9778623580932617
2022-05-19 20:00:00+00:00,4.0,3.7390756607055664
2022-05-19 21:00:00+00:00,2.5,2.593062400817871
2022-05-19 22:00:00+00:00,1.0,1.1603026390075684
2022-05-19 23:00:00+00:00,1.0,1.6167192459106445
2022-05-20 00:00:00+00:00,1.0,1.323852300643921
2022-05-20 01:00:00+00:00,1.0,2.165107250213623
2022-05-20 02:00:00+00:00,8.0,6.696930885314941
2022-05-20 03:00:00+00:00,45.0,32.710594177246094
2022-05-20 04:00:00+00:00,34.0,57.336856842041016
2022-05-20 05:00:00+00:00,39.0,44.83244705200195
2022-05-20 06:00:00+00:00,33.0,49.20266342163086
2022-05-20 07:00:00+00:00,38.0,32.27000045776367
2022-05-20 08:00:00+00:00,34.0,38.49106216430664
2022-05-20 09:00:00+00:00,41.0,31.86100196838379
2022-05-20 10:00:00+00:00,51.0,41.4267578125
2022-05-20 11:00:00+00:00,69.0,54.2739372253418
2022-05-20 12:00:00+00:00,83.0,87.76752471923828
2022-05-20 13:00:00+00:00,57.0,94.37957000732422
2022-05-20 14:00:00+00:00,39.0,49.74421310424805
2022-05-20 15:00:00+00:00,23.0,35.61976623535156
2022-05-20 16:00:00+00:00,13.0,17.6099853515625
2022-05-20 17:00:00+00:00,21.0,10.512669563293457
2022-05-20 18:00:00+00:00,15.0,16.093523025512695
2022-05-20 19:00:00+00:00,5.0,10.040613174438477
2022-05-20 20:00:00+00:00,6.0,2.581995725631714
2022-05-20 21:00:00+00:00,3.5,4.724014759063721
2022-05-20 22:00:00+00:00,1.0,2.330195188522339
2022-05-20 23:00:00+00:00,1.0,0.48313385248184204
2022-05-21 00:00:00+00:00,2.0,1.1727153062820435
2022-05-21 01:00:00+00:00,1.0,1.493034839630127
2022-05-21 02:00:00+00:00,3.0,1.7446730136871338
2022-05-21 03:00:00+00:00,9.0,10.13242244720459
2022-05-21 04:00:00+00:00,12.0,16.991071701049805
2022-05-21 05:00:00+00:00,24.0,24.31618881225586
2022-05-21 06:00:00+00:00,20.0,45.298954010009766
2022-05-21 07:00:00+00:00,38.0,32.87338638305664
2022-05-21 08:00:00+00:00,33.0,45.48340606689453
2022-05-21 09:00:00+00:00,30.0,34.53975296020508
2022-05-21 10:00:00+00:00,32.0,28.76203155517578
2022-05-21 11:00:00+00:00,30.0,29.732519149780273
2022-05-21 12:00:00+00:00,29.0,28.92979621887207
2022-05-21 13:00:00+00:00,27.0,25.92084503173828
2022-05-21 14:00:00+00:00,30.0,23.768686294555664
2022-05-21 15:00:00+00:00,21.0,24.43111228942871
2022-05-21 16:00:00+00:00,9.0,14.736441612243652
2022-05-21 17:00:00+00:00,9.0,5.783549785614014
2022-05-21 18:00:00+00:00,11.0,5.864838123321533
2022-05-21 19:00:00+00:00,5.0,6.515749931335449
2022-05-21 20:00:00+00:00,5.0,3.195636034011841
2022-05-21 21:00:00+00:00,3.5,4.178374767303467
2022-05-21 22:00:00+00:00,2.0,2.609220504760742
2022-05-21 23:00:00+00:00,0.0,1.797471046447754
2022-05-22 00:00:00+00:00,2.0,0.43649548292160034
2022-05-22 01:00:00+00:00,0.0,1.7153127193450928
2022-05-22 02:00:00+00:00,2.0,0.09615921974182129
2022-05-22 03:00:00+00:00,5.0,4.9600019454956055
2022-05-22 04:00:00+00:00,3.0,9.217004776000977
2022-05-22 05:00:00+00:00,9.0,4.096174716949463
2022-05-22 06:00:00+00:00,21.0,20.60108184814453
2022-05-22 07:00:00+00:00,35.0,37.32669448852539
2022-05-22 08:00:00+00:00,41.0,49.368343353271484
2022-05-22 09:00:00+00:00,36.0,56.737979888916016
2022-05-22 10:00:00+00:00,46.0,36.65983200073242
2022-05-22 11:00:00+00:00,65.0,52.483154296875
2022-05-22 12:00:00+00:00,43.0,74.75113677978516
2022-05-22 13:00:00+00:00,55.0,38.81450653076172
2022-05-22 14:00:00+00:00,52.0,53.83484649658203
2022-05-22 15:00:00+00:00,44.0,47.30915451049805
2022-05-22 16:00:00+00:00,35.0,38.565879821777344
2022-05-22 17:00:00+00:00,18.0,27.458520889282227
2022-05-22 18:00:00+00:00,14.0,13.064835548400879
2022-05-22 19:00:00+00:00,8.0,7.192532062530518
2022-05-22 20:00:00+00:00,1.0,4.351909637451172
2022-05-22 21:00:00+00:00,1.0,-0.29705411195755005
2022-05-22 22:00:00+00:00,1.0,0.5519055724143982
2022-05-22 23:00:00+00:00,0.0,1.5069880485534668
2022-05-23 00:00:00+00:00,1.0,0.17232346534729004
2022-05-23 01:00:00+00:00,8.0,3.316908121109009
2022-05-23 02:00:00+00:00,18.0,19.65278434753418
2022-05-23 03:00:00+00:00,55.0,69.6239013671875
2022-05-23 04:00:00+00:00,36.0,63.87187194824219
2022-05-23 05:00:00+00:00,36.0,34.9558219909668
2022-05-23 06:00:00+00:00,33.0,35.270748138427734
2022-05-23 07:00:00+00:00,37.0,28.1688232421875
2022-05-23 08:00:00+00:00,36.0,33.898193359375
2022-05-23 09:00:00+00:00,24.0,31.96476173400879
2022-05-23 10:00:00+00:00,27.0,23.65696907043457
2022-05-23 11:00:00+00:00,41.0,30.314977645874023
2022-05-23 12:00:00+00:00,60.0,43.72655487060547
2022-05-23 13:00:00+00:00,33.0,42.966556549072266
2022-05-23 14:00:00+00:00,24.0,26.769153594970703
2022-05-23 15:00:00+00:00,31.0,18.26973533630371
2022-05-23 16:00:00+00:00,15.0,23.82308006286621
2022-05-23 17:00:00+00:00,23.0,12.192272186279297
2022-05-23 18:00:00+00:00,9.0,15.51353931427002
2022-05-23 19:00:00+00:00,5.0,4.981123924255371
2022-05-23 20:00:00+00:00,6.0,4.421838283538818
2022-05-23 21:00:00+00:00,3.0,5.329113960266113
2022-05-23 22:00:00+00:00,0.0,1.7675005197525024
2022-05-23 23:00:00+00:00,0.0,0.0795709490776062
2022-05-24 00:00:00+00:00,0.0,-0.15244346857070923
2022-05-24 01:00:00+00:00,2.0,0.832246720790863
2022-05-24 02:00:00+00:00,6.0,9.12062931060791
2022-05-24 03:00:00+00:00,36.0,28.14048957824707
2022-05-24 04:00:00+00:00,39.0,43.89411926269531
2022-05-24 05:00:00+00:00,39.0,42.17951965332031
2022-05-24 06:00:00+00:00,38.0,44.233299255371094
2022-05-24 07:00:00+00:00,30.0,32.050559997558594
2022-05-24 08:00:00+00:00,36.0,28.198678970336914
2022-05-24 09:00:00+00:00,35.0,32.45378112792969
2022-05-24 10:00:00+00:00,41.0,31.01119613647461
2022-05-24 11:00:00+00:00,38.0,40.64188766479492
2022-05-24 12:00:00+00:00,53.0,45.822662353515625
2022-05-24 13:00:00+00:00,41.0,39.69863510131836
2022-05-24 14:00:00+00:00,32.0,35.499542236328125
2022-05-24 15:00:00+00:00,22.0,24.63252830505371
2022-05-24 16:00:00+00:00,14.0,15.604264259338379
2022-05-24 17:00:00+00:00,11.0,11.796869277954102
2022-05-24 18:00:00+00:00,12.0,8.353163719177246
2022-05-24 19:00:00+00:00,3.0,7.15492582321167
2022-05-24 20:00:00+00:00,3.0,1.8243238925933838
2022-05-24 21:00:00+00:00,2.5,2.3696086406707764
2022-05-24 22:00:00+00:00,2.0,1.1675760746002197
2022-05-24 23:00:00+00:00,0.0,2.4530954360961914
2022-05-25 00:00:00+00:00,0.0,-0.5003287196159363
2022-05-25 01:00:00+00:00,1.0,0.35082435607910156
2022-05-25 02:00:00+00:00,6.0,5.794596195220947
2022-05-25 03:00:00+00:00,39.0,28.29216957092285
2022-05-25 04:00:00+00:00,31.0,46.7595329284668
2022-05-25 05:00:00+00:00,31.0,28.956932067871094
2022-05-25 06:00:00+00:00,31.0,30.60955810546875
2022-05-25 07:00:00+00:00,48.0,28.112415313720703
2022-05-25 08:00:00+00:00,44.0,51.655433654785156
2022-05-25 09:00:00+00:00,51.0,40.665672302246094
2022-05-25 10:00:00+00:00,44.0,52.550113677978516
2022-05-25 11:00:00+00:00,52.0,42.231483459472656
2022-05-25 12:00:00+00:00,63.0,50.14033126831055
2022-05-25 13:00:00+00:00,58.0,46.02259063720703
2022-05-25 14:00:00+00:00,54.0,43.58134841918945
2022-05-25 15:00:00+00:00,40.0,41.89140319824219
2022-05-25 16:00:00+00:00,19.0,33.62004852294922
2022-05-25 17:00:00+00:00,21.0,16.780982971191406
2022-05-25 18:00:00+00:00,10.0,16.67511749267578
2022-05-25 19:00:00+00:00,6.0,7.3084940910339355
2022-05-25 20:00:00+00:00,9.0,4.1182541847229
2022-05-25 21:00:00+00:00,5.5,6.549882888793945
2022-05-25 22:00:00+00:00,2.0,2.829448699951172
2022-05-25 23:00:00+00:00,0.0,1.294228434562683
2022-05-26 00:00:00+00:00,0.0,-0.41641610860824585
2022-05-26 01:00:00+00:00,0.0,-0.552121102809906
2022-05-26 02:00:00+00:00,2.0,2.701859474182129
2022-05-26 03:00:00+00:00,5.0,8.127700805664062
2022-05-26 04:00:00+00:00,14.0,10.52610969543457
2022-05-26 05:00:00+00:00,24.0,28.258617401123047
2022-05-26 06:00:00+00:00,29.0,53.31665802001953
2022-05-26 07:00:00+00:00,29.0,45.83535385131836
2022-05-26 08:00:00+00:00,46.0,44.81175231933594
2022-05-26 09:00:00+00:00,33.0,45.789459228515625
2022-05-26 10:00:00+00:00,29.0,30.681489944458008
2022-05-26 11:00:00+00:00,29.0,31.54697608947754
2022-05-26 12:00:00+00:00,20.0,31.022655487060547
2022-05-26 13:00:00+00:00,24.0,19.35551643371582
2022-05-26 14:00:00+00:00,32.0,20.101852416992188
2022-05-26 15:00:00+00:00,34.0,27.25960350036621
2022-05-26 16:00:00+00:00,10.0,28.250349044799805
2022-05-26 17:00:00+00:00,17.0,9.043435096740723
2022-05-26 18:00:00+00:00,12.0,13.133334159851074
2022-05-26 19:00:00+00:00,4.0,7.197155475616455
2022-05-26 20:00:00+00:00,2.0,2.596355676651001
2022-05-26 21:00:00+00:00,1.5,0.7702426314353943
2022-05-26 22:00:00+00:00,1.0,0.4511142075061798
2022-05-26 23:00:00+00:00,0.0,1.4651100635528564
2022-05-27 00:00:00+00:00,0.0,-0.5388924479484558
2022-05-27 01:00:00+00:00,3.0,0.4139194190502167
2022-05-27 02:00:00+00:00,7.0,10.343123435974121
2022-05-27 03:00:00+00:00,29.0,27.819290161132812
2022-05-27 04:00:00+00:00,25.0,46.668514251708984
2022-05-27 05:00:00+00:00,36.0,29.528240203857422
2022-05-27 06:00:00+00:00,38.0,40.451210021972656
2022-05-27 07:00:00+00:00,62.0,42.520118713378906
2022-05-27 08:00:00+00:00,63.0,79.58206176757812
2022-05-27 09:00:00+00:00,55.0,77.30814361572266
2022-05-27 10:00:00+00:00,49.0,62.907798767089844
2022-05-27 11:00:00+00:00,48.0,48.66499710083008
2022-05-27 12:00:00+00:00,50.0,50.23177719116211
2022-05-27 13:00:00+00:00,42.0,48.58122634887695
2022-05-27 14:00:00+00:00,30.0,38.945091247558594
2022-05-27 15:00:00+00:00,23.0,24.089998245239258
2022-05-27 16:00:00+00:00,15.0,17.21475601196289
2022-05-27 17:00:00+00:00,14.0,10.998713493347168
2022-05-27 18:00:00+00:00,10.0,11.05773639678955
2022-05-27 19:00:00+00:00,4.0,6.494470596313477
2022-05-27 20:00:00+00:00,5.0,2.0386972427368164
2022-05-27 21:00:00+00:00,3.0,3.380258321762085
2022-05-27 22:00:00+00:00,1.0,1.82979416847229
2022-05-27 23:00:00+00:00,1.0,0.28658992052078247
2022-05-28 00:00:00+00:00,2.0,1.08295476436615
2022-05-28 01:00:00+00:00,1.0,1.4523141384124756
2022-05-28 02:00:00+00:00,1.0,2.1144843101501465
2022-05-28 03:00:00+00:00,6.0,5.015993118286133
2022-05-28 04:00:00+00:00,11.0,11.295141220092773
2022-05-28 05:00:00+00:00,31.0,21.623825073242188
2022-05-28 06:00:00+00:00,41.0,61.91746520996094
2022-05-28 07:00:00+00:00,40.0,62.24744415283203
2022-05-28 08:00:00+00:00,47.0,48.74594497680664
2022-05-28 09:00:00+00:00,49.0,55.62504577636719
2022-05-28 10:00:00+00:00,26.0,55.54737854003906
2022-05-28 11:00:00+00:00,30.0,26.676504135131836
2022-05-28 12:00:00+00:00,28.0,29.865753173828125
2022-05-28 13:00:00+00:00,31.0,26.089853286743164
2022-05-28 14:00:00+00:00,27.0,27.754085540771484
2022-05-28 15:00:00+00:00,19.0,23.44376564025879
2022-05-28 16:00:00+00:00,17.0,14.9683256149292
2022-05-28 17:00:00+00:00,8.0,11.519098281860352
2022-05-28 18:00:00+00:00,7.0,5.449475288391113
2022-05-28 19:00:00+00:00,1.0,4.695357322692871
2022-05-28 20:00:00+00:00,4.0,0.6752080917358398
2022-05-28 21:00:00+00:00,3.0,3.1541459560394287
2022-05-28 22:00:00+00:00,2.0,2.126617431640625
2022-05-28 23:00:00+00:00,1.0,1.1940665245056152
2022-05-29 00:00:00+00:00,1.0,1.8505175113677979
2022-05-29 01:00:00+00:00,0.0,0.4257447421550751
2022-05-29 02:00:00+00:00,3.0,-0.7398815751075745
2022-05-29 03:00:00+00:00,6.0,6.473724842071533
2022-05-29 04:00:00+00:00,2.0,11.235047340393066
2022-05-29 05:00:00+00:00,16.0,2.6863129138946533
2022-05-29 06:00:00+00:00,17.0,26.85609245300293
2022-05-29 07:00:00+00:00,34.0,30.62360382080078
2022-05-29 08:00:00+00:00,72.0,48.86356735229492
2022-05-29 09:00:00+00:00,72.0,92.00462341308594
2022-05-29 10:00:00+00:00,72.0,81.40287017822266
2022-05-29 11:00:00+00:00,81.0,79.06476593017578
2022-05-29 12:00:00+00:00,79.0,89.53902435302734
2022-05-29 13:00:00+00:00,89.0,87.05674743652344
2022-05-29 14:00:00+00:00,64.0,89.6708984375
2022-05-29 15:00:00+00:00,74.0,57.528663635253906
2022-05-29 16:00:00+00:00,34.0,64.31827545166016
2022-05-29 17:00:00+00:00,24.0,26.75486946105957
2022-05-29 18:00:00+00:00,11.0,17.82435417175293
2022-05-29 19:00:00+00:00,8.0,5.276218891143799
2022-05-29 20:00:00+00:00,2.0,4.508078098297119
2022-05-29 21:00:00+00:00,1.5,-0.12804603576660156
2022-05-29 22:00:00+00:00,1.0,0.36671727895736694
2022-05-29 23:00:00+00:00,0.0,1.5143375396728516
2022-05-30 00:00:00+00:00,1.0,0.25670021772384644
2022-05-30 01:00:00+00:00,7.0,3.6287379264831543
2022-05-30 02:00:00+00:00,19.0,18.715076446533203
2022-05-30 03:00:00+00:00,57.0,71.69932556152344
2022-05-30 04:00:00+00:00,41.0,66.69357299804688
2022-05-30 05:00:00+00:00,41.0,42.279781341552734
2022-05-30 06:00:00+00:00,45.0,47.12456512451172
2022-05-30 07:00:00+00:00,30.0,44.9858512878418
2022-05-30 08:00:00+00:00,37.0,28.174474716186523
2022-05-30 09:00:00+00:00,30.0,32.253662109375
2022-05-30 10:00:00+00:00,25.0,27.505083084106445
2022-05-30 11:00:00+00:00,26.0,27.722253799438477
2022-05-30 12:00:00+00:00,49.0,33.401817321777344
2022-05-30 13:00:00+00:00,34.0,36.142425537109375
2022-05-30 14:00:00+00:00,36.0,28.647634506225586
2022-05-30 15:00:00+00:00,24.0,29.250011444091797
2022-05-30 16:00:00+00:00,14.0,18.128559112548828
2022-05-30 17:00:00+00:00,14.0,11.565550804138184
2022-05-30 18:00:00+00:00,14.0,10.499415397644043
2022-05-30 19:00:00+00:00,4.0,8.629606246948242
2022-05-30 20:00:00+00:00,2.0,2.770815849304199
2022-05-30 21:00:00+00:00,1.0,1.511494517326355
2022-05-30 22:00:00+00:00,0.0,0.14192920923233032
2022-05-30 23:00:00+00:00,0.0,0.11469191312789917
2022-05-31 00:00:00+00:00,2.0,-0.4452279210090637
2022-05-31 01:00:00+00:00,1.0,4.935977935791016
2022-05-31 02:00:00+00:00,11.0,5.029916763305664
2022-05-31 03:00:00+00:00,41.0,40.743221282958984
2022-05-31 04:00:00+00:00,42.0,48.8297233581543
2022-05-31 05:00:00+00:00,36.0,46.98354721069336
2022-05-31 06:00:00+00:00,34.0,37.72631072998047
2022-05-31 07:00:00+00:00,31.0,29.1068172454834
2022-05-31 08:00:00+00:00,38.0,28.85328483581543
2022-05-31 09:00:00+00:00,31.0,34.4677619934082
2022-05-31 10:00:00+00:00,38.0,27.82308006286621
2022-05-31 11:00:00+00:00,24.0,37.40340805053711
2022-05-31 12:00:00+00:00,59.0,30.689006805419922
2022-05-31 13:00:00+00:00,38.0,41.274471282958984
2022-05-31 14:00:00+00:00,35.0,33.26112747192383
2022-05-31 15:00:00+00:00,29.0,28.292512893676758
2022-05-31 16:00:00+00:00,19.0,21.730867385864258
2022-05-31 17:00:00+00:00,14.0,14.273571014404297
2022-05-31 18:00:00+00:00,12.0,10.255528450012207
2022-05-31 19:00:00+00:00,4.0,7.207484722137451
2022-05-31 20:00:00+00:00,5.0,2.372302293777466
2022-05-31 21:00:00+00:00,3.0,4.401859283447266
2022-05-31 22:00:00+00:00,1.0,1.3603143692016602
2022-05-31 23:00:00+00:00,0.0,1.2490663528442383
2022-06-01 00:00:00+00:00,1.0,-0.3065032362937927
2022-06-01 01:00:00+00:00,1.0,3.047006845474243
2022-06-01 02:00:00+00:00,9.0,5.9755024909973145
2022-06-01 03:00:00+00:00,38.0,33.90922164916992
2022-06-01 04:00:00+00:00,47.0,49.15999221801758
2022-06-01 05:00:00+00:00,33.0,54.9408073425293
2022-06-01 06:00:00+00:00,29.0,33.04048538208008
2022-06-01 07:00:00+00:00,33.0,28.16825294494629
2022-06-01 08:00:00+00:00,51.0,31.34684181213379
2022-06-01 09:00:00+00:00,44.0,55.81276321411133
2022-06-01 10:00:00+00:00,41.0,43.427825927734375
2022-06-01 11:00:00+00:00,30.0,42.12187194824219
2022-06-01 12:00:00+00:00,46.0,38.909339904785156
2022-06-01 13:00:00+00:00,35.0,36.16797637939453
2022-06-01 14:00:00+00:00,37.0,31.06252670288086
2022-06-01 15:00:00+00:00,23.0,31.520126342773438
2022-06-01 16:00:00+00:00,29.0,16.98100471496582
2022-06-01 17:00:00+00:00,41.0,21.352582931518555
2022-06-01 18:00:00+00:00,6.0,30.406572341918945
2022-06-01 19:00:00+00:00,4.0,3.103480577468872
2022-06-01 20:00:00+00:00,4.0,2.5585196018218994
2022-06-01 21:00:00+00:00,2.0,2.9995081424713135
2022-06-01 22:00:00+00:00,0.0,0.7901155352592468
2022-06-01 23:00:00+00:00,1.0,0.45070767402648926
2022-06-02 00:00:00+00:00,0.0,1.2365632057189941
2022-06-02 01:00:00+00:00,4.0,0.3023119568824768
2022-06-02 02:00:00+00:00,7.0,14.372304916381836
2022-06-02 03:00:00+00:00,43.0,31.70476722717285
2022-06-02 04:00:00+00:00,45.0,51.99413299560547
2022-06-02 05:00:00+00:00,38.0,60.20899200439453
2022-06-02 06:00:00+00:00,30.0,45.70112991333008
2022-06-02 07:00:00+00:00,24.0,29.016386032104492
2022-06-02 08:00:00+00:00,50.0,24.52328872680664
2022-06-02 09:00:00+00:00,37.0,54.68953323364258
2022-06-02 10:00:00+00:00,52.0,35.17597961425781
2022-06-02 11:00:00+00:00,45.0,56.78483963012695
2022-06-02 12:00:00+00:00,67.0,47.478179931640625
2022-06-02 13:00:00+00:00,39.0,56.86094665527344
2022-06-02 14:00:00+00:00,33.0,35.37730026245117
2022-06-02 15:00:00+00:00,19.0,28.37723159790039
2022-06-02 16:00:00+00:00,11.0,14.981085777282715
2022-06-02 17:00:00+00:00,35.0,9.348410606384277
2022-06-02 18:00:00+00:00,18.0,24.61878204345703
2022-06-02 19:00:00+00:00,5.0,12.285201072692871
2022-06-02 20:00:00+00:00,2.0,3.5219714641571045
2022-06-02 21:00:00+00:00,1.0,0.523739218711853
2022-06-02 22:00:00+00:00,0.0,-0.26309841871261597
2022-06-02 23:00:00+00:00,0.0,0.4752359390258789
2022-06-03 00:00:00+00:00,0.0,-0.5407461524009705
2022-06-03 01:00:00+00:00,5.0,0.3444367051124573
2022-06-03 02:00:00+00:00,5.0,16.616304397583008
2022-06-03 03:00:00+00:00,37.0,25.54400062561035
2022-06-03 04:00:00+00:00,25.0,51.715816497802734
2022-06-03 05:00:00+00:00,23.0,31.739505767822266
2022-06-03 06:00:00+00:00,41.0,24.27970314025879
2022-06-03 07:00:00+00:00,54.0,44.409637451171875
2022-06-03 08:00:00+00:00,36.0,68.09457397460938
2022-06-03 09:00:00+00:00,57.0,34.11790084838867
2022-06-03 10:00:00+00:00,44.0,69.04137420654297
2022-06-03 11:00:00+00:00,60.0,44.95038986206055
2022-06-03 12:00:00+00:00,76.0,59.141632080078125
2022-06-03 13:00:00+00:00,60.0,89.13664245605469
2022-06-03 14:00:00+00:00,68.0,51.06399154663086
2022-06-03 15:00:00+00:00,29.0,55.60467529296875
2022-06-03 16:00:00+00:00,17.0,23.47416877746582
2022-06-03 17:00:00+00:00,51.0,12.403238296508789
2022-06-03 18:00:00+00:00,30.0,35.43400955200195
2022-06-03 19:00:00+00:00,8.0,21.584827423095703
2022-06-03 20:00:00+00:00,2.0,4.493491172790527
2022-06-03 21:00:00+00:00,2.0,0.6825125217437744
2022-06-03 22:00:00+00:00,2.0,0.6162968277931213
2022-06-03 23:00:00+00:00,1.0,1.3418837785720825
2022-06-04 00:00:00+00:00,2.0,1.3509016036987305
2022-06-04 01:00:00+00:00,2.0,1.7119214534759521
2022-06-04 02:00:00+00:00,4.0,2.773693084716797
2022-06-04 03:00:00+00:00,12.0,11.032171249389648
2022-06-04 04:00:00+00:00,12.0,23.653072357177734
2022-06-04 05:00:00+00:00,25.0,24.598665237426758
2022-06-04 06:00:00+00:00,39.0,45.05527114868164
2022-06-04 07:00:00+00:00,47.0,64.27835083007812
2022-06-04 08:00:00+00:00,38.0,59.479469299316406
2022-06-04 09:00:00+00:00,37.0,38.015350341796875
2022-06-04 10:00:00+00:00,29.0,34.97590637207031
2022-06-04 11:00:00+00:00,22.0,28.029571533203125
2022-06-04 12:00:00+00:00,28.0,19.63422203063965
2022-06-04 13:00:00+00:00,22.0,25.24524688720703
2022-06-04 14:00:00+00:00,36.0,20.558135986328125
2022-06-04 15:00:00+00:00,27.0,32.129085540771484
2022-06-04 16:00:00+00:00,20.0,21.886354446411133
2022-06-04 17:00:00+00:00,46.0,13.736438751220703
2022-06-04 18:00:00+00:00,25.0,35.44148635864258
2022-06-04 19:00:00+00:00,11.0,17.672916412353516
2022-06-04 20:00:00+00:00,8.0,8.931254386901855
2022-06-04 21:00:00+00:00,10.5,7.153668403625488
2022-06-04 22:00:00+00:00,13.0,8.396957397460938
2022-06-04 23:00:00+00:00,2.0,9.980819702148438
2022-06-05 00:00:00+00:00,0.0,2.0494861602783203
2022-06-05 01:00:00+00:00,1.0,-0.44202810525894165
2022-06-05 02:00:00+00:00,2.0,1.7064002752304077
2022-06-05 03:00:00+00:00,3.0,5.204972267150879
2022-06-05 04:00:00+00:00,13.0,5.955165863037109
2022-06-05 05:00:00+00:00,9.0,20.003246307373047
2022-06-05 06:00:00+00:00,21.0,18.694684982299805
2022-06-05 07:00:00+00:00,21.0,40.00175476074219
2022-06-05 08:00:00+00:00,28.0,28.43132209777832
2022-06-05 09:00:00+00:00,50.0,35.0522575378418
2022-06-05 10:00:00+00:00,68.0,59.445762634277344
2022-06-05 11:00:00+00:00,64.0,77.851806640625
2022-06-05 12:00:00+00:00,47.0,69.69434356689453
2022-06-05 13:00:00+00:00,43.0,39.33290481567383
2022-06-05 14:00:00+00:00,45.0,40.10231399536133
2022-06-05 15:00:00+00:00,42.0,41.59150695800781
2022-06-05 16:00:00+00:00,39.0,37.2767219543457
2022-06-05 17:00:00+00:00,26.0,33.49007797241211
2022-06-05 18:00:00+00:00,27.0,22.127321243286133
2022-06-05 19:00:00+00:00,12.0,18.7723445892334
2022-06-05 20:00:00+00:00,8.0,6.680069446563721
2022-06-05 21:00:00+00:00,5.0,3.9435718059539795
2022-06-05 22:00:00+00:00,2.0,1.7953331470489502
2022-06-05 23:00:00+00:00,1.0,1.5853188037872314
2022-06-06 00:00:00+00:00,1.0,0.8579776883125305
2022-06-06 01:00:00+00:00,1.0,4.611332416534424
2022-06-06 02:00:00+00:00,1.0,4.515117645263672
2022-06-06 03:00:00+00:00,5.0,6.275156497955322
2022-06-06 04:00:00+00:00,12.0,8.809188842773438
2022-06-06 05:00:00+00:00,20.0,24.974578857421875
2022-06-06 06:00:00+00:00,27.0,40.67345428466797
2022-06-06 07:00:00+00:00,58.0,47.21393966674805
2022-06-06 08:00:00+00:00,62.0,81.40276336669922
2022-06-06 09:00:00+00:00,70.0,72.89702606201172
2022-06-06 10:00:00+00:00,54.0,74.9649887084961
2022-06-06 11:00:00+00:00,68.0,48.36100387573242
2022-06-06 12:00:00+00:00,69.0,64.6493911743164
2022-06-06 13:00:00+00:00,77.0,61.5278205871582
2022-06-06 14:00:00+00:00,102.0,70.13494873046875
2022-06-06 15:00:00+00:00,98.0,88.50818634033203
2022-06-06 16:00:00+00:00,56.0,74.9776840209961
2022-06-06 17:00:00+00:00,28.0,37.550472259521484
2022-06-06 18:00:00+00:00,19.0,20.070348739624023
2022-06-06 19:00:00+00:00,10.0,13.727540969848633
2022-06-06 20:00:00+00:00,1.0,6.0334296226501465
2022-06-06 21:00:00+00:00,1.5,0.5752850770950317
2022-06-06 22:00:00+00:00,2.0,0.30497056245803833
2022-06-06 23:00:00+00:00,0.0,2.2549006938934326
2022-06-07 00:00:00+00:00,1.0,-0.12210142612457275
2022-06-07 01:00:00+00:00,5.0,3.500347852706909
2022-06-07 02:00:00+00:00,21.0,14.953741073608398
2022-06-07 03:00:00+00:00,45.0,69.33006286621094
2022-06-07 04:00:00+00:00,36.0,56.29581069946289
2022-06-07 05:00:00+00:00,34.0,44.1769905090332
2022-06-07 06:00:00+00:00,41.0,34.20781326293945
2022-06-07 07:00:00+00:00,50.0,38.94893264770508
2022-06-07 08:00:00+00:00,39.0,55.33769226074219
2022-06-07 09:00:00+00:00,41.0,36.04819869995117
2022-06-07 10:00:00+00:00,46.0,34.5006217956543
2022-06-07 11:00:00+00:00,45.0,44.1221809387207
2022-06-07 12:00:00+00:00,60.0,44.52447509765625
2022-06-07 13:00:00+00:00,33.0,44.771183013916016
2022-06-07 14:00:00+00:00,36.0,29.340749740600586
2022-06-07 15:00:00+00:00,29.0,30.414440155029297
2022-06-07 16:00:00+00:00,26.0,22.55591583251953
2022-06-07 17:00:00+00:00,13.0,19.859424591064453
2022-06-07 18:00:00+00:00,11.0,10.181605339050293
2022-06-07 19:00:00+00:00,9.0,7.228581428527832
2022-06-07 20:00:00+00:00,4.0,5.747772693634033
2022-06-07 21:00:00+00:00,2.0,3.6332342624664307
2022-06-07 22:00:00+00:00,0.0,0.5371164083480835
2022-06-07 23:00:00+00:00,0.0,0.04488217830657959
2022-06-08 00:00:00+00:00,3.0,-0.5963467955589294
2022-06-08 01:00:00+00:00,5.0,6.1193718910217285
2022-06-08 02:00:00+00:00,9.0,16.616098403930664
2022-06-08 03:00:00+00:00,41.0,36.90393829345703
2022-06-08 04:00:00+00:00,48.0,48.39305114746094
2022-06-08 05:00:00+00:00,38.0,58.9833869934082
2022-06-08 06:00:00+00:00,31.0,41.857208251953125
2022-06-08 07:00:00+00:00,35.0,29.346712112426758
2022-06-08 08:00:00+00:00,50.0,34.85069274902344
2022-06-08 09:00:00+00:00,39.0,54.288333892822266
2022-06-08 10:00:00+00:00,27.0,35.072750091552734
2022-06-08 11:00:00+00:00,42.0,30.412498474121094
2022-06-08 12:00:00+00:00,68.0,45.02970504760742
2022-06-08 13:00:00+00:00,50.0,59.19823455810547
2022-06-08 14:00:00+00:00,28.0,39.7508430480957
2022-06-08 15:00:00+00:00,24.0,22.87056541442871
2022-06-08 16:00:00+00:00,15.0,17.99603271484375
2022-06-08 17:00:00+00:00,17.0,11.708489418029785
2022-06-08 18:00:00+00:00,7.0,12.591014862060547
2022-06-08 19:00:00+00:00,9.0,4.449753284454346
2022-06-08 20:00:00+00:00,4.0,6.409400939941406
2022-06-08 21:00:00+00:00,2.0,3.0744452476501465
2022-06-08 22:00:00+00:00,0.0,0.8348201513290405
2022-06-08 23:00:00+00:00,0.0,0.3732107877731323
2022-06-09 00:00:00+00:00,0.0,-0.47382813692092896
2022-06-09 01:00:00+00:00,2.0,0.3243740200996399
2022-06-09 02:00:00+00:00,9.0,9.712878227233887
2022-06-09 03:00:00+00:00,43.0,34.39610290527344
2022-06-09 04:00:00+00:00,26.0,48.187416076660156
2022-06-09 05:00:00+00:00,29.0,31.06492805480957
2022-06-09 06:00:00+00:00,33.0,31.187747955322266
2022-06-09 07:00:00+00:00,31.0,31.77621078491211
2022-06-09 08:00:00+00:00,43.0,30.730344772338867
2022-06-09 09:00:00+00:00,41.0,41.952049255371094
2022-06-09 10:00:00+00:00,40.0,41.307437896728516
2022-06-09 11:00:00+00:00,53.0,41.547576904296875
2022-06-09 12:00:00+00:00,67.0,65.5294418334961
2022-06-09 13:00:00+00:00,39.0,61.080223083496094
2022-06-09 14:00:00+00:00,35.0,36.256370544433594
2022-06-09 15:00:00+00:00,32.0,29.896934509277344
2022-06-09 16:00:00+00:00,11.0,25.25007438659668
2022-06-09 17:00:00+00:00,16.0,9.438322067260742
2022-06-09 18:00:00+00:00,10.0,12.239034652709961
2022-06-09 19:00:00+00:00,7.0,6.570613384246826
2022-06-09 20:00:00+00:00,4.0,5.261135578155518
2022-06-09 21:00:00+00:00,2.5,2.093351364135742
2022-06-09 22:00:00+00:00,1.0,0.6398717164993286
2022-06-09 23:00:00+00:00,0.0,1.2691092491149902
2022-06-10 00:00:00+00:00,0.0,-0.6370509266853333
2022-06-10 01:00:00+00:00,2.0,-0.26294630765914917
2022-06-10 02:00:00+00:00,7.0,10.990845680236816
2022-06-10 03:00:00+00:00,41.0,30.292146682739258
2022-06-10 04:00:00+00:00,48.0,49.13212585449219
2022-06-10 05:00:00+00:00,30.0,63.03289031982422
2022-06-10 06:00:00+00:00,37.0,32.848392486572266
2022-06-10 07:00:00+00:00,43.0,37.14982986450195
2022-06-10 08:00:00+00:00,46.0,48.92364501953125
2022-06-10 09:00:00+00:00,51.0,49.727420806884766
2022-06-10 10:00:00+00:00,49.0,58.52748107910156
2022-06-10 11:00:00+00:00,65.0,49.39152526855469
2022-06-10 12:00:00+00:00,70.0,70.14143371582031
2022-06-10 13:00:00+00:00,67.0,63.435951232910156
2022-06-10 14:00:00+00:00,42.0,57.242942810058594
2022-06-10 15:00:00+00:00,35.0,35.986961364746094
2022-06-10 16:00:00+00:00,22.0,25.66869354248047
2022-06-10 17:00:00+00:00,19.0,16.96827507019043
2022-06-10 18:00:00+00:00,14.0,14.383556365966797
2022-06-10 19:00:00+00:00,6.0,9.931336402893066
2022-06-10 20:00:00+00:00,6.0,3.0506975650787354
2022-06-10 21:00:00+00:00,5.0,3.6414129734039307
2022-06-10 22:00:00+00:00,4.0,3.843689441680908
2022-06-10 23:00:00+00:00,2.0,2.4172070026397705
2022-06-11 00:00:00+00:00,0.0,2.709658145904541
2022-06-11 01:00:00+00:00,0.0,-0.6113983988761902
2022-06-11 02:00:00+00:00,5.0,-0.7661591172218323
2022-06-11 03:00:00+00:00,3.0,12.057121276855469
2022-06-11 04:00:00+00:00,18.0,4.728542804718018
2022-06-11 05:00:00+00:00,31.0,38.15718460083008
2022-06-11 06:00:00+00:00,55.0,58.25954055786133
2022-06-11 07:00:00+00:00,45.0,81.87619018554688
2022-06-11 08:00:00+00:00,58.0,57.027931213378906
2022-06-11 09:00:00+00:00,54.0,69.63316345214844
2022-06-11 10:00:00+00:00,35.0,66.07750701904297
2022-06-11 11:00:00+00:00,45.0,30.21004295349121
2022-06-11 12:00:00+00:00,41.0,40.74147415161133
2022-06-11 13:00:00+00:00,37.0,35.891685485839844
2022-06-11 14:00:00+00:00,29.0,31.102645874023438
2022-06-11 15:00:00+00:00,20.0,24.117963790893555
2022-06-11 16:00:00+00:00,18.0,15.480792999267578
2022-06-11 17:00:00+00:00,11.0,12.25902271270752
2022-06-11 18:00:00+00:00,8.0,6.890658855438232
2022-06-11 19:00:00+00:00,5.0,4.925533771514893
2022-06-11 20:00:00+00:00,3.0,4.370895862579346
2022-06-11 21:00:00+00:00,2.5,2.1322364807128906
2022-06-11 22:00:00+00:00,2.0,1.6081163883209229
2022-06-11 23:00:00+00:00,1.0,0.9823333621025085
2022-06-12 00:00:00+00:00,2.0,1.823899507522583
2022-06-12 01:00:00+00:00,0.0,1.931584119796753
2022-06-12 02:00:00+00:00,1.0,-0.5992031693458557
2022-06-12 03:00:00+00:00,13.0,3.017690420150757
2022-06-12 04:00:00+00:00,6.0,21.771047592163086
2022-06-12 05:00:00+00:00,9.0,11.20086669921875
2022-06-12 06:00:00+00:00,9.0,21.508350372314453
2022-06-12 07:00:00+00:00,19.0,20.3673152923584
2022-06-12 08:00:00+00:00,35.0,24.509599685668945
2022-06-12 09:00:00+00:00,56.0,39.26124572753906
2022-06-12 10:00:00+00:00,52.0,70.64759826660156
2022-06-12 11:00:00+00:00,74.0,61.743648529052734
2022-06-12 12:00:00+00:00,101.0,81.5379638671875
2022-06-12 13:00:00+00:00,86.0,102.26384735107422
2022-06-12 14:00:00+00:00,70.0,87.24983215332031
2022-06-12 15:00:00+00:00,40.0,67.3031997680664
2022-06-12 16:00:00+00:00,23.0,33.86399459838867
2022-06-12 17:00:00+00:00,21.0,21.26797866821289
2022-06-12 18:00:00+00:00,11.0,15.116806983947754
2022-06-12 19:00:00+00:00,6.0,5.178798198699951
2022-06-12 20:00:00+00:00,0.0,3.1743626594543457
2022-06-12 21:00:00+00:00,0.5,-0.8975512385368347
2022-06-12 22:00:00+00:00,1.0,-0.07768195867538452
2022-06-12 23:00:00+00:00,0.0,1.5484395027160645
2022-06-13 00:00:00+00:00,0.0,0.4681873619556427
2022-06-13 01:00:00+00:00,8.0,1.7607965469360352
2022-06-13 02:00:00+00:00,20.0,19.805938720703125
2022-06-13 03:00:00+00:00,50.0,74.08182525634766
2022-06-13 04:00:00+00:00,31.0,58.616294860839844
2022-06-13 05:00:00+00:00,25.0,30.516389846801758
2022-06-13 06:00:00+00:00,34.0,24.763957977294922
2022-06-13 07:00:00+00:00,27.0,29.47621726989746
2022-06-13 08:00:00+00:00,40.0,25.556306838989258
2022-06-13 09:00:00+00:00,32.0,36.67230224609375
2022-06-13 10:00:00+00:00,21.0,28.421463012695312
2022-06-13 11:00:00+00:00,31.0,23.487146377563477
2022-06-13 12:00:00+00:00,54.0,37.73453140258789
2022-06-13 13:00:00+00:00,34.0,41.74465560913086
2022-06-13 14:00:00+00:00,29.0,29.551376342773438
2022-06-13 15:00:00+00:00,20.0,23.223108291625977
2022-06-13 16:00:00+00:00,26.0,14.601418495178223
2022-06-13 17:00:00+00:00,11.0,19.045835494995117
2022-06-13 18:00:00+00:00,21.0,8.778219223022461
2022-06-13 19:00:00+00:00,11.0,13.235262870788574
2022-06-13 20:00:00+00:00,3.0,7.061496257781982
2022-06-13 21:00:00+00:00,1.5,2.5840561389923096
2022-06-13 22:00:00+00:00,0.0,0.49173927307128906
2022-06-13 23:00:00+00:00,0.0,0.03953206539154053
2022-06-14 00:00:00+00:00,0.0,-0.2060644030570984
2022-06-14 01:00:00+00:00,0.0,1.187903642654419
2022-06-14 02:00:00+00:00,7.0,2.535378932952881
2022-06-14 03:00:00+00:00,44.0,30.38041114807129
2022-06-14 04:00:00+00:00,39.0,51.972434997558594
2022-06-14 05:00:00+00:00,24.0,43.65578842163086
2022-06-14 06:00:00+00:00,27.0,21.877763748168945
2022-06-14 07:00:00+00:00,33.0,26.154722213745117
2022-06-14 08:00:00+00:00,44.0,30.861024856567383
2022-06-14 09:00:00+00:00,45.0,42.05643844604492
2022-06-14 10:00:00+00:00,39.0,43.83742904663086
2022-06-14 11:00:00+00:00,50.0,37.33060836791992
2022-06-14 12:00:00+00:00,61.0,60.2966423034668
2022-06-14 13:00:00+00:00,50.0,46.70568084716797
2022-06-14 14:00:00+00:00,34.0,39.904022216796875
2022-06-14 15:00:00+00:00,20.0,27.313064575195312
2022-06-14 16:00:00+00:00,20.0,15.3814697265625
2022-06-14 17:00:00+00:00,18.0,14.962510108947754
2022-06-14 18:00:00+00:00,15.0,12.993502616882324
2022-06-14 19:00:00+00:00,2.0,9.759675979614258
2022-06-14 20:00:00+00:00,4.0,0.26654624938964844
2022-06-14 21:00:00+00:00,2.0,3.3288965225219727
2022-06-14 22:00:00+00:00,0.0,0.5080705881118774
2022-06-14 23:00:00+00:00,1.0,0.17947310209274292
2022-06-15 00:00:00+00:00,1.0,0.7200092673301697
2022-06-15 01:00:00+00:00,1.0,2.738450288772583
2022-06-15 02:00:00+00:00,7.0,5.0186967849731445
2022-06-15 03:00:00+00:00,38.0,29.566017150878906
2022-06-15 04:00:00+00:00,33.0,51.067710876464844
2022-06-15 05:00:00+00:00,22.0,35.79952621459961
2022-06-15 06:00:00+00:00,-1.0,20.521501541137695
2022-06-15 07:00:00+00:00,-1.0,-1.0511651039123535
2022-06-15 08:00:00+00:00,-1.0,-1.0237650871276855
2022-06-15 09:00:00+00:00,-1.0,-1.0258843898773193
2022-06-15 10:00:00+00:00,-1.0,-1.010528802871704
2022-06-15 11:00:00+00:00,-1.0,-1.0279185771942139
2022-06-15 12:00:00+00:00,-1.0,-1.046173095703125
2022-06-15 13:00:00+00:00,-1.0,-1.1207518577575684
2022-06-15 14:00:00+00:00,-1.0,-1.0638465881347656
2022-06-15 15:00:00+00:00,-1.0,-0.9904899001121521
2022-06-15 16:00:00+00:00,-1.0,-0.9827871918678284
2022-06-15 17:00:00+00:00,-1.0,-0.9547210335731506
2022-06-15 18:00:00+00:00,-1.0,-1.009779930114746
2022-06-15 19:00:00+00:00,-1.0,-1.014939785003662
2022-06-15 20:00:00+00:00,-1.0,-0.9985226988792419
2022-06-15 21:00:00+00:00,-1.0,-0.8540883660316467
2022-06-15 22:00:00+00:00,-1.0,-0.9516920447349548
2022-06-15 23:00:00+00:00,-1.0,-0.7610557675361633
2022-06-16 00:00:00+00:00,-1.0,-0.7157906889915466
2022-06-16 01:00:00+00:00,-1.0,-0.7023958563804626
2022-06-16 02:00:00+00:00,-1.0,0.6374871730804443
2022-06-16 03:00:00+00:00,-1.0,-0.7577049136161804
2022-06-16 04:00:00+00:00,-1.0,-0.9688264727592468
2022-06-16 05:00:00+00:00,-1.0,-0.9057906270027161
2022-06-16 06:00:00+00:00,-1.0,-0.9475865960121155
2022-06-16 07:00:00+00:00,-1.0,-1.0409777164459229
2022-06-16 08:00:00+00:00,-1.0,-1.0197644233703613
2022-06-16 09:00:00+00:00,-1.0,-1.031754493713379
2022-06-16 10:00:00+00:00,-1.0,-0.9958719611167908
2022-06-16 11:00:00+00:00,-1.0,-1.0102708339691162
2022-06-16 12:00:00+00:00,-1.0,-1.0698931217193604
2022-06-16 13:00:00+00:00,-1.0,-1.1112725734710693
2022-06-16 14:00:00+00:00,-1.0,-1.062788963317871
2022-06-16 15:00:00+00:00,-1.0,-1.010321855545044
2022-06-16 16:00:00+00:00,-1.0,-0.9609621167182922
2022-06-16 17:00:00+00:00,-1.0,-0.9648298621177673
2022-06-16 18:00:00+00:00,-1.0,-0.9946256279945374
2022-06-16 19:00:00+00:00,-1.0,-0.9915820956230164
2022-06-16 20:00:00+00:00,-1.0,-1.0070531368255615
2022-06-16 21:00:00+00:00,-1.0,-0.9285961985588074
2022-06-16 22:00:00+00:00,-1.0,-0.9340428709983826
2022-06-16 23:00:00+00:00,-1.0,-0.6006587147712708
2022-06-17 00:00:00+00:00,-1.0,-0.7875263094902039
2022-06-17 01:00:00+00:00,-1.0,-0.64321368932724
2022-06-17 02:00:00+00:00,-1.0,1.3563917875289917
2022-06-17 03:00:00+00:00,-1.0,-0.8109343647956848
2022-06-17 04:00:00+00:00,-1.0,-0.9204108119010925
2022-06-17 05:00:00+00:00,-1.0,-0.8763065934181213
2022-06-17 06:00:00+00:00,-1.0,-0.9767840504646301
2022-06-17 07:00:00+00:00,-1.0,-1.065274953842163
2022-06-17 08:00:00+00:00,-1.0,-1.080303430557251
2022-06-17 09:00:00+00:00,-1.0,-1.0217506885528564
2022-06-17 10:00:00+00:00,-1.0,-1.0087416172027588
2022-06-17 11:00:00+00:00,-1.0,-1.065600872039795
2022-06-17 12:00:00+00:00,-1.0,-1.1154227256774902
2022-06-17 13:00:00+00:00,-1.0,-1.1309878826141357
2022-06-17 14:00:00+00:00,-1.0,-1.0326390266418457
2022-06-17 15:00:00+00:00,-1.0,-1.0127718448638916
2022-06-17 16:00:00+00:00,-1.0,-0.9651318192481995
2022-06-17 17:00:00+00:00,-1.0,-0.9605581164360046
2022-06-17 18:00:00+00:00,-1.0,-0.9806587100028992
2022-06-17 19:00:00+00:00,-1.0,-0.8340258002281189
2022-06-17 20:00:00+00:00,-1.0,-0.8997974991798401
2022-06-17 21:00:00+00:00,-1.0,-0.8965649008750916
2022-06-17 22:00:00+00:00,-1.0,-0.9400244355201721
2022-06-17 23:00:00+00:00,-1.0,-0.9348978400230408
2022-06-18 00:00:00+00:00,-1.0,-0.5876694321632385
2022-06-18 01:00:00+00:00,-1.0,-0.8419557213783264
2022-06-18 02:00:00+00:00,-1.0,-0.9736918807029724
2022-06-18 03:00:00+00:00,-1.0,-0.3334522843360901
2022-06-18 04:00:00+00:00,-1.0,-0.8581612706184387
2022-06-18 05:00:00+00:00,-1.0,-1.0158464908599854
2022-06-18 06:00:00+00:00,-1.0,-0.7502593398094177
2022-06-18 07:00:00+00:00,-1.0,-1.0522050857543945
2022-06-18 08:00:00+00:00,-1.0,-1.0394117832183838
2022-06-18 09:00:00+00:00,-1.0,-0.9493220448493958
2022-06-18 10:00:00+00:00,-1.0,-1.0231759548187256
2022-06-18 11:00:00+00:00,-1.0,-0.9741759896278381
2022-06-18 12:00:00+00:00,-1.0,-0.8987930417060852
2022-06-18 13:00:00+00:00,-1.0,-0.874187171459198
2022-06-18 14:00:00+00:00,-1.0,-0.8946250081062317
2022-06-18 15:00:00+00:00,-1.0,-0.9818407893180847
2022-06-18 16:00:00+00:00,-1.0,-0.9781429171562195
2022-06-18 17:00:00+00:00,-1.0,-1.0134356021881104
2022-06-18 18:00:00+00:00,-1.0,-0.9061115384101868
2022-06-18 19:00:00+00:00,-1.0,-0.9311891198158264
2022-06-18 20:00:00+00:00,-1.0,-0.8952962756156921
2022-06-18 21:00:00+00:00,-1.0,-0.8853201270103455
2022-06-18 22:00:00+00:00,-1.0,-0.9667786955833435
2022-06-18 23:00:00+00:00,-1.0,-0.944873034954071
2022-06-19 00:00:00+00:00,-1.0,-0.6214894652366638
2022-06-19 01:00:00+00:00,-1.0,-0.992382824420929
2022-06-19 02:00:00+00:00,-1.0,-1.13956880569458
2022-06-19 03:00:00+00:00,-1.0,-0.24651354551315308
2022-06-19 04:00:00+00:00,-1.0,-0.7274715304374695
2022-06-19 05:00:00+00:00,-1.0,-0.8937279582023621
2022-06-19 06:00:00+00:00,-1.0,-0.798973023891449
2022-06-19 07:00:00+00:00,-1.0,-0.9776504635810852
2022-06-19 08:00:00+00:00,-1.0,-1.0670056343078613
2022-06-19 09:00:00+00:00,-1.0,-0.9254314303398132
2022-06-19 10:00:00+00:00,-1.0,-0.9448145031929016
2022-06-19 11:00:00+00:00,-1.0,-0.9732882380485535
2022-06-19 12:00:00+00:00,-1.0,-0.9480443596839905
2022-06-19 13:00:00+00:00,-1.0,-0.8970324397087097
2022-06-19 14:00:00+00:00,-1.0,-0.9392954707145691
2022-06-19 15:00:00+00:00,-1.0,-0.9712136387825012
2022-06-19 16:00:00+00:00,-1.0,-1.0374011993408203
2022-06-19 17:00:00+00:00,-1.0,-1.0625522136688232
2022-06-19 18:00:00+00:00,-1.0,-1.1092569828033447
2022-06-19 19:00:00+00:00,-1.0,-1.0564472675323486
2022-06-19 20:00:00+00:00,-1.0,-1.0222899913787842
2022-06-19 21:00:00+00:00,-1.0,-1.0747489929199219
2022-06-19 22:00:00+00:00,-1.0,-0.9367873072624207
2022-06-19 23:00:00+00:00,-1.0,-0.42255324125289917
2022-06-20 00:00:00+00:00,-1.0,-0.7293933033943176
2022-06-20 01:00:00+00:00,-1.0,0.00763857364654541
2022-06-20 02:00:00+00:00,-1.0,1.6048393249511719
2022-06-20 03:00:00+00:00,-1.0,-0.7195819020271301
2022-06-20 04:00:00+00:00,-1.0,-1.0164623260498047
2022-06-20 05:00:00+00:00,-1.0,-1.0458483695983887
2022-06-20 06:00:00+00:00,-1.0,-0.9778384566307068
2022-06-20 07:00:00+00:00,-1.0,-1.0877776145935059
2022-06-20 08:00:00+00:00,-1.0,-1.0415263175964355
2022-06-20 09:00:00+00:00,-1.0,-1.0191516876220703
2022-06-20 10:00:00+00:00,-1.0,-1.019831657409668
2022-06-20 11:00:00+00:00,-1.0,-1.039123296737671
2022-06-20 12:00:00+00:00,-1.0,-1.090221643447876
2022-06-20 13:00:00+00:00,-1.0,-1.1948449611663818
2022-06-20 14:00:00+00:00,-1.0,-1.0806689262390137
2022-06-20 15:00:00+00:00,-1.0,-0.9547168612480164
2022-06-20 16:00:00+00:00,-1.0,-0.9950045943260193
2022-06-20 17:00:00+00:00,-1.0,-1.0378096103668213
2022-06-20 18:00:00+00:00,-1.0,-1.044800043106079
2022-06-20 19:00:00+00:00,-1.0,-1.0429954528808594
2022-06-20 20:00:00+00:00,-1.0,-0.9435176253318787
2022-06-20 21:00:00+00:00,-1.0,-0.9011408686637878
2022-06-20 22:00:00+00:00,-1.0,-0.9130330681800842
2022-06-20 23:00:00+00:00,-1.0,-0.6486114859580994
2022-06-21 00:00:00+00:00,-1.0,-0.8984844088554382
2022-06-21 01:00:00+00:00,-1.0,-0.4190822243690491
2022-06-21 02:00:00+00:00,-1.0,0.11567181348800659
2022-06-21 03:00:00+00:00,-1.0,-0.7231343388557434
2022-06-21 04:00:00+00:00,-1.0,-0.9981008172035217
2022-06-21 05:00:00+00:00,-1.0,-1.0415420532226562
2022-06-21 06:00:00+00:00,-1.0,-0.9505842328071594
2022-06-21 07:00:00+00:00,-1.0,-1.0597426891326904
2022-06-21 08:00:00+00:00,-1.0,-1.0248515605926514
2022-06-21 09:00:00+00:00,-1.0,-1.0196781158447266
2022-06-21 10:00:00+00:00,-1.0,-1.0256977081298828
2022-06-21 11:00:00+00:00,-1.0,-1.03700852394104
2022-06-21 12:00:00+00:00,-1.0,-1.0686516761779785
2022-06-21 13:00:00+00:00,-1.0,-1.1455779075622559
2022-06-21 14:00:00+00:00,-1.0,-1.0827302932739258
2022-06-21 15:00:00+00:00,-1.0,-0.9862379431724548
2022-06-21 16:00:00+00:00,-1.0,-1.0022392272949219
2022-06-21 17:00:00+00:00,-1.0,-0.9865182042121887
2022-06-21 18:00:00+00:00,-1.0,-1.0335493087768555
2022-06-21 19:00:00+00:00,-1.0,-1.01025390625
2022-06-21 20:00:00+00:00,-1.0,-0.8608357310295105
2022-06-21 21:00:00+00:00,-1.0,-0.8676642775535583
2022-06-21 22:00:00+00:00,-1.0,-0.9313529133796692
2022-06-21 23:00:00+00:00,-1.0,-0.6150155663490295
2022-06-22 00:00:00+00:00,-1.0,-0.9405328631401062
2022-06-22 01:00:00+00:00,-1.0,-0.5996801257133484
2022-06-22 02:00:00+00:00,-1.0,0.7222007513046265
2022-06-22 03:00:00+00:00,-1.0,-0.7172548174858093
2022-06-22 04:00:00+00:00,-1.0,-0.9743149876594543
2022-06-22 05:00:00+00:00,-1.0,-0.9732598662376404
2022-06-22 06:00:00+00:00,-1.0,-0.972406804561615
2022-06-22 07:00:00+00:00,-1.0,-1.0618774890899658
2022-06-22 08:00:00+00:00,-1.0,-1.0256061553955078
2022-06-22 09:00:00+00:00,-1.0,-1.0306737422943115
2022-06-22 10:00:00+00:00,-1.0,-1.014345407485962
2022-06-22 11:00:00+00:00,-1.0,-1.0326025485992432
2022-06-22 12:00:00+00:00,-1.0,-1.0477313995361328
2022-06-22 13:00:00+00:00,-1.0,-1.146927833557129
2022-06-22 14:00:00+00:00,-1.0,-1.0353622436523438
2022-06-22 15:00:00+00:00,-1.0,-0.9778805375099182
2022-06-22 16:00:00+00:00,-1.0,-0.9640595316886902
2022-06-22 17:00:00+00:00,-1.0,-0.9683651328086853
2022-06-22 18:00:00+00:00,-1.0,-1.0226612091064453
2022-06-22 19:00:00+00:00,-1.0,-0.9979196190834045
2022-06-22 20:00:00+00:00,-1.0,-0.9893496632575989
2022-06-22 21:00:00+00:00,-1.0,-0.8874924778938293
2022-06-22 22:00:00+00:00,-1.0,-0.9350523352622986
2022-06-22 23:00:00+00:00,-1.0,-0.4896978735923767
2022-06-23 00:00:00+00:00,-1.0,-0.884708821773529
2022-06-23 01:00:00+00:00,-1.0,-0.7225615382194519
2022-06-23 02:00:00+00:00,-1.0,0.5851743221282959
2022-06-23 03:00:00+00:00,-1.0,-0.7206678986549377
2022-06-23 04:00:00+00:00,-1.0,-0.9533256888389587
2022-06-23 05:00:00+00:00,-1.0,-0.8630891442298889
2022-06-23 06:00:00+00:00,-1.0,-1.003981113433838
2022-06-23 07:00:00+00:00,-1.0,-1.044464349746704
2022-06-23 08:00:00+00:00,-1.0,-1.0473897457122803
2022-06-23 09:00:00+00:00,-1.0,-1.0426874160766602
2022-06-23 10:00:00+00:00,-1.0,-1.015242099761963
2022-06-23 11:00:00+00:00,-1.0,-1.0411555767059326
2022-06-23 12:00:00+00:00,-1.0,-1.0846295356750488
2022-06-23 13:00:00+00:00,-1.0,-1.1431658267974854
2022-06-23 14:00:00+00:00,-1.0,-1.018232822418213
2022-06-23 15:00:00+00:00,-1.0,-1.0116076469421387
2022-06-23 16:00:00+00:00,-1.0,-0.9289438128471375
2022-06-23 17:00:00+00:00,-1.0,-0.9220420718193054
2022-06-23 18:00:00+00:00,-1.0,-0.9881094098091125
2022-06-23 19:00:00+00:00,-1.0,-1.0024333000183105
2022-06-23 20:00:00+00:00,-1.0,-0.9787448048591614
2022-06-23 21:00:00+00:00,-1.0,-0.9216075539588928
2022-06-23 22:00:00+00:00,-1.0,-0.9246606230735779
2022-06-23 23:00:00+00:00,-1.0,-0.46273273229599
2022-06-24 00:00:00+00:00,-1.0,-0.9442881941795349
2022-06-24 01:00:00+00:00,-1.0,-0.698720395565033
2022-06-24 02:00:00+00:00,-1.0,2.066291332244873
2022-06-24 03:00:00+00:00,-1.0,-0.8063616156578064
2022-06-24 04:00:00+00:00,-1.0,-0.9434615969657898
2022-06-24 05:00:00+00:00,-1.0,-0.8494618535041809
2022-06-24 06:00:00+00:00,-1.0,-1.017458438873291
2022-06-24 07:00:00+00:00,-1.0,-1.0745561122894287
2022-06-24 08:00:00+00:00,-1.0,-1.0903995037078857
2022-06-24 09:00:00+00:00,-1.0,-1.0327410697937012
2022-06-24 10:00:00+00:00,-1.0,-1.0042095184326172
2022-06-24 11:00:00+00:00,-1.0,-1.046576738357544
2022-06-24 12:00:00+00:00,-1.0,-1.108530044555664
2022-06-24 13:00:00+00:00,-1.0,-1.0947387218475342
2022-06-24 14:00:00+00:00,-1.0,-0.9241607785224915
2022-06-24 15:00:00+00:00,-1.0,-0.904384434223175
2022-06-24 16:00:00+00:00,-1.0,-0.9596436619758606
2022-06-24 17:00:00+00:00,-1.0,-0.9855024218559265
2022-06-24 18:00:00+00:00,-1.0,-0.9714342951774597
2022-06-24 19:00:00+00:00,-1.0,-0.9531627297401428
2022-06-24 20:00:00+00:00,-1.0,-0.934309184551239
2022-06-24 21:00:00+00:00,-1.0,-0.9039564728736877
2022-06-24 22:00:00+00:00,-1.0,-0.9460728764533997
2022-06-24 23:00:00+00:00,-1.0,-0.9203841090202332
2022-06-25 00:00:00+00:00,-1.0,-0.6119702458381653
2022-06-25 01:00:00+00:00,-1.0,-0.7634163498878479
2022-06-25 02:00:00+00:00,-1.0,-1.063401699066162
2022-06-25 03:00:00+00:00,-1.0,-0.10711270570755005
2022-06-25 04:00:00+00:00,-1.0,-0.8335289359092712
2022-06-25 05:00:00+00:00,-1.0,-0.8800708651542664
2022-06-25 06:00:00+00:00,-1.0,-0.7480364441871643
2022-06-25 07:00:00+00:00,-1.0,-1.0438969135284424
2022-06-25 08:00:00+00:00,-1.0,-1.0209197998046875
2022-06-25 09:00:00+00:00,-1.0,-0.6988615393638611
2022-06-25 10:00:00+00:00,-1.0,-0.9808807969093323
2022-06-25 11:00:00+00:00,-1.0,-0.9509257674217224
2022-06-25 12:00:00+00:00,-1.0,-0.8649424910545349
2022-06-25 13:00:00+00:00,-1.0,-0.8341791033744812
2022-06-25 14:00:00+00:00,-1.0,-0.8274335265159607
2022-06-25 15:00:00+00:00,-1.0,-0.8773931860923767
2022-06-25 16:00:00+00:00,-1.0,-1.000133991241455
2022-06-25 17:00:00+00:00,-1.0,-1.0206599235534668
2022-06-25 18:00:00+00:00,-1.0,-0.8514203429222107
2022-06-25 19:00:00+00:00,-1.0,-0.9496085047721863
2022-06-25 20:00:00+00:00,-1.0,-0.8674436211585999
2022-06-25 21:00:00+00:00,-1.0,-0.8603588938713074
2022-06-25 22:00:00+00:00,-1.0,-0.9762271046638489
2022-06-25 23:00:00+00:00,-1.0,-0.9367561936378479
2022-06-26 00:00:00+00:00,-1.0,-0.6107990145683289
2022-06-26 01:00:00+00:00,-1.0,-0.9107654690742493
2022-06-26 02:00:00+00:00,-1.0,-0.9413160681724548
2022-06-26 03:00:00+00:00,-1.0,-0.11116087436676025
2022-06-26 04:00:00+00:00,-1.0,-0.5500237345695496
2022-06-26 05:00:00+00:00,-1.0,-0.8861501812934875
2022-06-26 06:00:00+00:00,-1.0,-0.9792668223381042
2022-06-26 07:00:00+00:00,-1.0,-1.01033616065979
2022-06-26 08:00:00+00:00,-1.0,-1.0859606266021729
2022-06-26 09:00:00+00:00,-1.0,-0.9395322203636169
2022-06-26 10:00:00+00:00,-1.0,-0.957541286945343
2022-06-26 11:00:00+00:00,-1.0,-0.9632107615470886
2022-06-26 12:00:00+00:00,-1.0,-0.9400759339332581
2022-06-26 13:00:00+00:00,-1.0,-0.9246044754981995
2022-06-26 14:00:00+00:00,-1.0,-0.9563072323799133
2022-06-26 15:00:00+00:00,-1.0,-0.9603342413902283
2022-06-26 16:00:00+00:00,-1.0,-0.9966022372245789
2022-06-26 17:00:00+00:00,-1.0,-1.056154727935791
2022-06-26 18:00:00+00:00,-1.0,-1.0991401672363281
2022-06-26 19:00:00+00:00,-1.0,-1.0676517486572266
2022-06-26 20:00:00+00:00,-1.0,-1.0151479244232178
2022-06-26 21:00:00+00:00,-1.0,-1.05352783203125
2022-06-26 22:00:00+00:00,-1.0,-0.9682790637016296
2022-06-26 23:00:00+00:00,-1.0,-0.41488510370254517
2022-06-27 00:00:00+00:00,-1.0,-0.7042744755744934
2022-06-27 01:00:00+00:00,-1.0,0.09555011987686157
2022-06-27 02:00:00+00:00,-1.0,0.26024115085601807
2022-06-27 03:00:00+00:00,-1.0,-0.7028829455375671
2022-06-27 04:00:00+00:00,-1.0,-1.0357375144958496
2022-06-27 05:00:00+00:00,-1.0,-0.9103843569755554
2022-06-27 06:00:00+00:00,-1.0,-1.04803466796875
2022-06-27 07:00:00+00:00,-1.0,-1.0836832523345947
2022-06-27 08:00:00+00:00,-1.0,-1.0446746349334717
2022-06-27 09:00:00+00:00,-1.0,-1.0512495040893555
2022-06-27 10:00:00+00:00,-1.0,-0.9945139288902283
2022-06-27 11:00:00+00:00,-1.0,-1.0146334171295166
2022-06-27 12:00:00+00:00,-1.0,-1.068981647491455
2022-06-27 13:00:00+00:00,-1.0,-1.1043541431427002
2022-06-27 14:00:00+00:00,-1.0,-1.0109381675720215
2022-06-27 15:00:00+00:00,-1.0,-1.0114314556121826
2022-06-27 16:00:00+00:00,-1.0,-0.7852935194969177
2022-06-27 17:00:00+00:00,-1.0,-1.0307421684265137
2022-06-27 18:00:00+00:00,-1.0,-1.0485830307006836
2022-06-27 19:00:00+00:00,-1.0,-1.0564954280853271
2022-06-27 20:00:00+00:00,-1.0,-0.856647789478302
2022-06-27 21:00:00+00:00,-1.0,-0.8916754126548767
2022-06-27 22:00:00+00:00,-1.0,-0.9066707491874695
2022-06-27 23:00:00+00:00,-1.0,-0.8312353491783142
2022-06-28 00:00:00+00:00,-1.0,-0.6220490336418152
2022-06-28 01:00:00+00:00,-1.0,-0.7088399529457092
2022-06-28 02:00:00+00:00,-1.0,0.9582004547119141
2022-06-28 03:00:00+00:00,-1.0,-0.7033187747001648
2022-06-28 04:00:00+00:00,-1.0,-1.0451157093048096
2022-06-28 05:00:00+00:00,-1.0,-0.8981795907020569
2022-06-28 06:00:00+00:00,-1.0,-1.0605628490447998
2022-06-28 07:00:00+00:00,-1.0,-1.089162826538086
2022-06-28 08:00:00+00:00,-1.0,-1.0554463863372803
2022-06-28 09:00:00+00:00,-1.0,-1.0588457584381104
2022-06-28 10:00:00+00:00,-1.0,-1.0237743854522705
2022-06-28 11:00:00+00:00,-1.0,-1.0079421997070312
2022-06-28 12:00:00+00:00,-1.0,-1.0309481620788574
2022-06-28 13:00:00+00:00,-1.0,-1.1131715774536133
2022-06-28 14:00:00+00:00,-1.0,-0.9598817229270935
2022-06-28 15:00:00+00:00,-1.0,-0.890062153339386
2022-06-28 16:00:00+00:00,-1.0,-0.806847870349884
2022-06-28 17:00:00+00:00,-1.0,-0.9996359944343567
2022-06-28 18:00:00+00:00,-1.0,-1.0314140319824219
2022-06-28 19:00:00+00:00,-1.0,-1.0288512706756592
2022-06-28 20:00:00+00:00,-1.0,-0.7653215527534485
2022-06-28 21:00:00+00:00,-1.0,-0.8477159142494202
2022-06-28 22:00:00+00:00,-1.0,-0.8979498744010925
2022-06-28 23:00:00+00:00,-1.0,-0.9026461243629456
2022-06-29 00:00:00+00:00,-1.0,-0.4059029221534729
2022-06-29 01:00:00+00:00,-1.0,-0.4746583104133606
2022-06-29 02:00:00+00:00,-1.0,-0.294810950756073
2022-06-29 03:00:00+00:00,-1.0,-0.6240555644035339
2022-06-29 04:00:00+00:00,-1.0,-1.0090932846069336
2022-06-29 05:00:00+00:00,-1.0,-0.9347524046897888
2022-06-29 06:00:00+00:00,-1.0,-1.086012601852417
2022-06-29 07:00:00+00:00,-1.0,-1.0862200260162354
2022-06-29 08:00:00+00:00,-1.0,-1.0425121784210205
2022-06-29 09:00:00+00:00,-1.0,-1.0468974113464355
2022-06-29 10:00:00+00:00,-1.0,-1.0180706977844238
2022-06-29 11:00:00+00:00,-1.0,-0.986914336681366
2022-06-29 12:00:00+00:00,-1.0,-0.9996554255485535
2022-06-29 13:00:00+00:00,-1.0,-1.0826475620269775
2022-06-29 14:00:00+00:00,-1.0,-0.9272186160087585
2022-06-29 15:00:00+00:00,-1.0,-0.8421317934989929
2022-06-29 16:00:00+00:00,-1.0,-0.7815818190574646
2022-06-29 17:00:00+00:00,-1.0,-0.9744386076927185
2022-06-29 18:00:00+00:00,-1.0,-1.0026819705963135
2022-06-29 19:00:00+00:00,-1.0,-1.0014665126800537
2022-06-29 20:00:00+00:00,-1.0,-0.8094339966773987
2022-06-29 21:00:00+00:00,-1.0,-0.886955201625824
2022-06-29 22:00:00+00:00,-1.0,-0.9328450560569763
2022-06-29 23:00:00+00:00,-1.0,-0.6477368474006653
2022-06-30 00:00:00+00:00,-1.0,-0.8034018874168396
2022-06-30 01:00:00+00:00,-1.0,-0.46459490060806274
2022-06-30 02:00:00+00:00,-1.0,1.584261417388916
2022-06-30 03:00:00+00:00,-1.0,-0.7276652455329895
2022-06-30 04:00:00+00:00,-1.0,-0.9824733138084412
2022-06-30 05:00:00+00:00,-1.0,-0.8605538010597229
2022-06-30 06:00:00+00:00,-1.0,-1.0237202644348145
2022-06-30 07:00:00+00:00,-1.0,-1.0587902069091797
2022-06-30 08:00:00+00:00,-1.0,-1.055835485458374
2022-06-30 09:00:00+00:00,-1.0,-1.0382051467895508
2022-06-30 10:00:00+00:00,-1.0,-1.0152065753936768
2022-06-30 11:00:00+00:00,-1.0,-1.0056159496307373
2022-06-30 12:00:00+00:00,-1.0,-1.0260577201843262
2022-06-30 13:00:00+00:00,-1.0,-1.1164300441741943
2022-06-30 14:00:00+00:00,-1.0,-0.9865701794624329
2022-06-30 15:00:00+00:00,-1.0,-0.9957179427146912
2022-06-30 16:00:00+00:00,-1.0,-0.7888287901878357
2022-06-30 17:00:00+00:00,-1.0,-0.9394822716712952
2022-06-30 18:00:00+00:00,-1.0,-0.9791740775108337
2022-06-30 19:00:00+00:00,-1.0,-1.0103766918182373
2022-06-30 20:00:00+00:00,-1.0,-0.9491403698921204
2022-06-30 21:00:00+00:00,-1.0,-0.9221394658088684
2022-06-30 22:00:00+00:00,-1.0,-0.9412470459938049
2022-06-30 23:00:00+00:00,-1.0,-0.7606409192085266
2022-07-01 00:00:00+00:00,-1.0,-0.6894611716270447
2022-07-01 01:00:00+00:00,-1.0,-0.660409152507782
2022-07-01 02:00:00+00:00,-1.0,2.6357059478759766
2022-07-01 03:00:00+00:00,-1.0,-0.8272069096565247
2022-07-01 04:00:00+00:00,-1.0,-0.9914804100990295
2022-07-01 05:00:00+00:00,-1.0,-0.9071425795555115
2022-07-01 06:00:00+00:00,-1.0,-1.0742692947387695
2022-07-01 07:00:00+00:00,-1.0,-1.0854640007019043
2022-07-01 08:00:00+00:00,-1.0,-1.0746839046478271
2022-07-01 09:00:00+00:00,-1.0,-1.0406372547149658
2022-07-01 10:00:00+00:00,-1.0,-1.0016567707061768
2022-07-01 11:00:00+00:00,-1.0,-1.0168049335479736
2022-07-01 12:00:00+00:00,-1.0,-1.0882012844085693
2022-07-01 13:00:00+00:00,-1.0,-1.1119987964630127
2022-07-01 14:00:00+00:00,-1.0,-0.9583761096000671
2022-07-01 15:00:00+00:00,-1.0,-0.9669216275215149
2022-07-01 16:00:00+00:00,-1.0,-0.8450208306312561
2022-07-01 17:00:00+00:00,-1.0,-0.9518370032310486
2022-07-01 18:00:00+00:00,-1.0,-0.9813862442970276
2022-07-01 19:00:00+00:00,-1.0,-0.903360903263092
2022-07-01 20:00:00+00:00,-1.0,-0.907621443271637
2022-07-01 21:00:00+00:00,-1.0,-0.9291245341300964
2022-07-01 22:00:00+00:00,-1.0,-0.9193726181983948
2022-07-01 23:00:00+00:00,-1.0,-0.6686220765113831
2022-07-02 00:00:00+00:00,-1.0,-0.7455379366874695
2022-07-02 01:00:00+00:00,-1.0,-1.0413131713867188
2022-07-02 02:00:00+00:00,-1.0,-1.0069458484649658
2022-07-02 03:00:00+00:00,-1.0,-0.6091243624687195
2022-07-02 04:00:00+00:00,-1.0,-0.825817883014679
2022-07-02 05:00:00+00:00,-1.0,-0.9215639233589172
2022-07-02 06:00:00+00:00,-1.0,-0.8702154755592346
2022-07-02 07:00:00+00:00,-1.0,-1.0510568618774414
2022-07-02 08:00:00+00:00,-1.0,-1.0370683670043945
2022-07-02 09:00:00+00:00,-1.0,-0.7058914303779602
2022-07-02 10:00:00+00:00,-1.0,-0.937968909740448
2022-07-02 11:00:00+00:00,-1.0,-0.9402433037757874
2022-07-02 12:00:00+00:00,-1.0,-0.8570834994316101
2022-07-02 13:00:00+00:00,-1.0,-0.8584700226783752
2022-07-02 14:00:00+00:00,-1.0,-0.6998818516731262
2022-07-02 15:00:00+00:00,-1.0,-0.818109929561615
2022-07-02 16:00:00+00:00,-1.0,-1.0134260654449463
2022-07-02 17:00:00+00:00,-1.0,-0.9389697909355164
2022-07-02 18:00:00+00:00,-1.0,-0.9028432965278625
2022-07-02 19:00:00+00:00,-1.0,-0.9648204445838928
2022-07-02 20:00:00+00:00,-1.0,-0.8965982794761658
2022-07-02 21:00:00+00:00,-1.0,-0.9236742854118347
2022-07-02 22:00:00+00:00,-1.0,-0.94814532995224
2022-07-02 23:00:00+00:00,-1.0,-0.8254289031028748
2022-07-03 00:00:00+00:00,-1.0,-0.6810150742530823
2022-07-03 01:00:00+00:00,-1.0,-0.8148701786994934
2022-07-03 02:00:00+00:00,-1.0,-0.6636051535606384
2022-07-03 03:00:00+00:00,-1.0,-0.10519784688949585
2022-07-03 04:00:00+00:00,-1.0,-0.588051974773407
2022-07-03 05:00:00+00:00,-1.0,-0.687576949596405
2022-07-03 06:00:00+00:00,-1.0,-0.6786076426506042
2022-07-03 07:00:00+00:00,-1.0,-0.9942477345466614
2022-07-03 08:00:00+00:00,-1.0,-1.0859909057617188
2022-07-03 09:00:00+00:00,-1.0,-0.941713273525238
2022-07-03 10:00:00+00:00,-1.0,-0.9523497223854065
2022-07-03 11:00:00+00:00,-1.0,-0.9450823664665222
2022-07-03 12:00:00+00:00,-1.0,-0.9195851683616638
2022-07-03 13:00:00+00:00,-1.0,-0.9104630351066589
2022-07-03 14:00:00+00:00,-1.0,-0.9089116454124451
2022-07-03 15:00:00+00:00,-1.0,-0.9299879670143127
2022-07-03 16:00:00+00:00,-1.0,-0.9895170331001282
2022-07-03 17:00:00+00:00,-1.0,-1.0235190391540527
2022-07-03 18:00:00+00:00,-1.0,-1.0811402797698975
2022-07-03 19:00:00+00:00,-1.0,-1.058708667755127
2022-07-03 20:00:00+00:00,-1.0,-1.009033203125
2022-07-03 21:00:00+00:00,-1.0,-1.0359539985656738
2022-07-03 22:00:00+00:00,-1.0,-0.9396187663078308
2022-07-03 23:00:00+00:00,-1.0,-0.43805378675460815
2022-07-04 00:00:00+00:00,-1.0,-0.7176415324211121
2022-07-04 01:00:00+00:00,-1.0,-0.011508584022521973
2022-07-04 02:00:00+00:00,-1.0,1.608788251876831
2022-07-04 03:00:00+00:00,-1.0,-0.6789235472679138
2022-07-04 04:00:00+00:00,-1.0,-1.0609328746795654
2022-07-04 05:00:00+00:00,-1.0,-0.9583379626274109
2022-07-04 06:00:00+00:00,-1.0,-1.0815329551696777
2022-07-04 07:00:00+00:00,-1.0,-1.0923936367034912
2022-07-04 08:00:00+00:00,-1.0,-1.04964017868042
2022-07-04 09:00:00+00:00,-1.0,-1.0428149700164795
2022-07-04 10:00:00+00:00,-1.0,-1.0236613750457764
2022-07-04 11:00:00+00:00,-1.0,-1.0224661827087402
2022-07-04 12:00:00+00:00,-1.0,-1.03481125831604
2022-07-04 13:00:00+00:00,-1.0,-1.1373515129089355
2022-07-04 14:00:00+00:00,-1.0,-1.0476219654083252
2022-07-04 15:00:00+00:00,-1.0,-1.008335828781128
2022-07-04 16:00:00+00:00,-1.0,-0.6493032574653625
2022-07-04 17:00:00+00:00,-1.0,-1.0357115268707275
2022-07-04 18:00:00+00:00,-1.0,-1.065920114517212
2022-07-04 19:00:00+00:00,-1.0,-1.0736067295074463
2022-07-04 20:00:00+00:00,-1.0,-0.7769133448600769
2022-07-04 21:00:00+00:00,-1.0,-0.8744052052497864
2022-07-04 22:00:00+00:00,-1.0,-0.8894417881965637
2022-07-04 23:00:00+00:00,-1.0,-0.6387754082679749
2022-07-05 00:00:00+00:00,-1.0,-0.854327380657196
2022-07-05 01:00:00+00:00,-1.0,-0.5049275755882263
2022-07-05 02:00:00+00:00,-1.0,1.2672574520111084
2022-07-05 03:00:00+00:00,-1.0,-0.708362877368927
2022-07-05 04:00:00+00:00,-1.0,-1.0597126483917236
2022-07-05 05:00:00+00:00,-1.0,-0.9291720986366272
2022-07-05 06:00:00+00:00,29.0,-1.098114013671875
2022-07-05 07:00:00+00:00,56.0,34.36347198486328
2022-07-05 08:00:00+00:00,54.0,65.88534545898438
2022-07-05 09:00:00+00:00,45.0,62.5740852355957
2022-07-05 10:00:00+00:00,32.0,41.11442947387695
2022-07-05 11:00:00+00:00,34.0,34.31496810913086
2022-07-05 12:00:00+00:00,48.0,44.69637680053711
2022-07-05 13:00:00+00:00,24.0,40.82065200805664
2022-07-05 14:00:00+00:00,26.0,18.70444679260254
2022-07-05 15:00:00+00:00,29.0,21.008813858032227
2022-07-05 16:00:00+00:00,20.0,23.46388816833496
2022-07-05 17:00:00+00:00,11.0,16.105670928955078
2022-07-05 18:00:00+00:00,8.0,9.132896423339844
2022-07-05 19:00:00+00:00,7.0,5.054873943328857
2022-07-05 20:00:00+00:00,8.0,5.747535228729248
2022-07-05 21:00:00+00:00,4.0,6.652736186981201
2022-07-05 22:00:00+00:00,0.0,2.025353193283081
2022-07-05 23:00:00+00:00,0.0,0.15113109350204468
2022-07-06 00:00:00+00:00,3.0,-0.5436913371086121
2022-07-06 01:00:00+00:00,1.0,6.839406967163086
2022-07-06 02:00:00+00:00,7.0,6.77630615234375
2022-07-06 03:00:00+00:00,33.0,35.33286666870117
2022-07-06 04:00:00+00:00,34.0,50.1344108581543
2022-07-06 05:00:00+00:00,28.0,46.33527374267578
2022-07-06 06:00:00+00:00,57.0,31.45616340637207
2022-07-06 07:00:00+00:00,50.0,73.35135650634766
2022-07-06 08:00:00+00:00,50.0,56.8597297668457
2022-07-06 09:00:00+00:00,53.0,54.47317886352539
2022-07-06 10:00:00+00:00,37.0,57.06644821166992
2022-07-06 11:00:00+00:00,28.0,36.79275894165039
2022-07-06 12:00:00+00:00,60.0,30.123394012451172
2022-07-06 13:00:00+00:00,37.0,43.774391174316406
2022-07-06 14:00:00+00:00,24.0,32.89011001586914
2022-07-06 15:00:00+00:00,33.0,20.058752059936523
2022-07-06 16:00:00+00:00,14.0,26.137958526611328
2022-07-06 17:00:00+00:00,19.0,11.420534133911133
2022-07-06 18:00:00+00:00,9.0,14.760839462280273
2022-07-06 19:00:00+00:00,2.0,5.849540710449219
2022-07-06 20:00:00+00:00,6.0,1.3040302991867065
2022-07-06 21:00:00+00:00,4.0,4.764846324920654
2022-07-06 22:00:00+00:00,2.0,1.9971966743469238
2022-07-06 23:00:00+00:00,2.0,2.2090375423431396
2022-07-07 00:00:00+00:00,4.0,2.6397411823272705
2022-07-07 01:00:00+00:00,3.0,7.80393123626709
2022-07-07 02:00:00+00:00,5.0,12.513848304748535
2022-07-07 03:00:00+00:00,33.0,29.00800132751465
2022-07-07 04:00:00+00:00,39.0,49.8658332824707
2022-07-07 05:00:00+00:00,29.0,53.472740173339844
2022-07-07 06:00:00+00:00,33.0,34.42951965332031
2022-07-07 07:00:00+00:00,49.0,40.18636703491211
2022-07-07 08:00:00+00:00,44.0,56.62911605834961
2022-07-07 09:00:00+00:00,39.0,44.13956832885742
2022-07-07 10:00:00+00:00,42.0,36.62361145019531
2022-07-07 11:00:00+00:00,41.0,43.211021423339844
2022-07-07 12:00:00+00:00,44.0,42.95351028442383
2022-07-07 13:00:00+00:00,33.0,42.117347717285156
2022-07-07 14:00:00+00:00,37.0,28.168731689453125
2022-07-07 15:00:00+00:00,32.0,29.962066650390625
2022-07-07 16:00:00+00:00,21.0,24.79718780517578
2022-07-07 17:00:00+00:00,10.0,16.149137496948242
2022-07-07 18:00:00+00:00,7.0,8.317124366760254
2022-07-07 19:00:00+00:00,12.0,5.054457187652588
2022-07-07 20:00:00+00:00,3.0,7.9826273918151855
2022-07-07 21:00:00+00:00,1.5,2.142935037612915
2022-07-07 22:00:00+00:00,0.0,0.004873096942901611
2022-07-07 23:00:00+00:00,0.0,0.30753087997436523
2022-07-08 00:00:00+00:00,0.0,-0.4996575713157654
2022-07-08 01:00:00+00:00,2.0,0.6445268392562866
2022-07-08 02:00:00+00:00,3.0,10.006316184997559
2022-07-08 03:00:00+00:00,21.0,13.078927040100098
2022-07-08 04:00:00+00:00,24.0,28.019372940063477
2022-07-08 05:00:00+00:00,26.0,28.569128036499023
2022-07-08 06:00:00+00:00,46.0,33.72599411010742
2022-07-08 07:00:00+00:00,42.0,61.86348342895508
2022-07-08 08:00:00+00:00,55.0,46.53550338745117
2022-07-08 09:00:00+00:00,62.0,67.97503662109375
2022-07-08 10:00:00+00:00,45.0,73.51065063476562
2022-07-08 11:00:00+00:00,53.0,43.63233947753906
2022-07-08 12:00:00+00:00,57.0,58.47590255737305
2022-07-08 13:00:00+00:00,50.0,51.3123779296875
2022-07-08 14:00:00+00:00,28.0,49.34015655517578
2022-07-08 15:00:00+00:00,22.0,23.277996063232422
2022-07-08 16:00:00+00:00,22.0,17.1914005279541
2022-07-08 17:00:00+00:00,10.0,16.87432289123535
2022-07-08 18:00:00+00:00,6.0,7.575366497039795
2022-07-08 19:00:00+00:00,9.0,3.9643728733062744
2022-07-08 20:00:00+00:00,4.0,6.444684028625488
2022-07-08 21:00:00+00:00,4.0,2.578531265258789
2022-07-08 22:00:00+00:00,4.0,2.567413568496704
2022-07-08 23:00:00+00:00,1.0,4.006248950958252
2022-07-09 00:00:00+00:00,2.0,0.9959945678710938
2022-07-09 01:00:00+00:00,2.0,1.7956750392913818
2022-07-09 02:00:00+00:00,0.0,3.729489326477051
2022-07-09 03:00:00+00:00,7.0,0.19355708360671997
2022-07-09 04:00:00+00:00,9.0,13.388915061950684
2022-07-09 05:00:00+00:00,44.0,19.05975914001465
2022-07-09 06:00:00+00:00,44.0,81.94696807861328
2022-07-09 07:00:00+00:00,52.0,69.57068634033203
2022-07-09 08:00:00+00:00,46.0,70.94509887695312
2022-07-09 09:00:00+00:00,45.0,49.610877990722656
2022-07-09 10:00:00+00:00,31.0,45.31306838989258
2022-07-09 11:00:00+00:00,32.0,30.7747745513916
2022-07-09 12:00:00+00:00,25.0,32.18718338012695
2022-07-09 13:00:00+00:00,31.0,24.10506248474121
2022-07-09 14:00:00+00:00,32.0,28.45783042907715
2022-07-09 15:00:00+00:00,25.0,29.1644229888916
2022-07-09 16:00:00+00:00,14.0,20.683286666870117
2022-07-09 17:00:00+00:00,11.0,10.314166069030762
2022-07-09 18:00:00+00:00,2.0,7.392405986785889
2022-07-09 19:00:00+00:00,3.0,0.9604082107543945
2022-07-09 20:00:00+00:00,4.0,2.2102580070495605
2022-07-09 21:00:00+00:00,2.5,3.206716775894165
2022-07-09 22:00:00+00:00,1.0,2.2402310371398926
2022-07-09 23:00:00+00:00,1.0,0.8566825985908508
2022-07-10 00:00:00+00:00,0.0,1.263694405555725
2022-07-10 01:00:00+00:00,1.0,-0.4363793730735779
2022-07-10 02:00:00+00:00,1.0,1.095197081565857
2022-07-10 03:00:00+00:00,6.0,2.8092126846313477
2022-07-10 04:00:00+00:00,13.0,10.071940422058105
2022-07-10 05:00:00+00:00,18.0,20.864627838134766
2022-07-10 06:00:00+00:00,23.0,30.813039779663086
2022-07-10 07:00:00+00:00,35.0,40.971534729003906
2022-07-10 08:00:00+00:00,41.0,50.30889129638672
2022-07-10 09:00:00+00:00,40.0,56.66412353515625
2022-07-10 10:00:00+00:00,50.0,44.14476013183594
2022-07-10 11:00:00+00:00,57.0,53.010826110839844
2022-07-10 12:00:00+00:00,53.0,59.39873123168945
2022-07-10 13:00:00+00:00,66.0,50.032554626464844
2022-07-10 14:00:00+00:00,57.0,58.231285095214844
2022-07-10 15:00:00+00:00,56.0,50.17875289916992
2022-07-10 16:00:00+00:00,30.0,45.142578125
2022-07-10 17:00:00+00:00,22.0,26.89973258972168
2022-07-10 18:00:00+00:00,10.0,18.009653091430664
2022-07-10 19:00:00+00:00,10.0,5.6533660888671875
2022-07-10 20:00:00+00:00,3.0,5.450336456298828
2022-07-10 21:00:00+00:00,1.5,0.675384521484375
2022-07-10 22:00:00+00:00,0.0,-0.2990877032279968
2022-07-10 23:00:00+00:00,0.0,0.31602048873901367
2022-07-11 00:00:00+00:00,1.0,0.3563001751899719
2022-07-11 01:00:00+00:00,5.0,4.213763236999512
2022-07-11 02:00:00+00:00,12.0,16.665206909179688
2022-07-11 03:00:00+00:00,25.0,42.46756362915039
2022-07-11 04:00:00+00:00,26.0,36.872108459472656
2022-07-11 05:00:00+00:00,36.0,31.558128356933594
2022-07-11 06:00:00+00:00,49.0,47.91950988769531
2022-07-11 07:00:00+00:00,36.0,61.29207229614258
2022-07-11 08:00:00+00:00,63.0,34.71984100341797
2022-07-11 09:00:00+00:00,40.0,68.840576171875
2022-07-11 10:00:00+00:00,45.0,35.163570404052734
2022-07-11 11:00:00+00:00,42.0,40.37579345703125
2022-07-11 12:00:00+00:00,46.0,41.662052154541016
2022-07-11 13:00:00+00:00,40.0,37.836238861083984
2022-07-11 14:00:00+00:00,32.0,32.94415283203125
2022-07-11 15:00:00+00:00,29.0,28.02098274230957
2022-07-11 16:00:00+00:00,16.0,25.36639976501465
2022-07-11 17:00:00+00:00,12.0,14.114616394042969
2022-07-11 18:00:00+00:00,29.0,10.166252136230469
2022-07-11 19:00:00+00:00,6.0,19.206253051757812
2022-07-11 20:00:00+00:00,2.0,4.7871785163879395
2022-07-11 21:00:00+00:00,1.5,1.3642702102661133
2022-07-11 22:00:00+00:00,1.0,0.21345525979995728
2022-07-11 23:00:00+00:00,0.0,0.6858575344085693
2022-07-12 00:00:00+00:00,2.0,-0.48145145177841187
2022-07-12 01:00:00+00:00,1.0,5.22192907333374
2022-07-12 02:00:00+00:00,4.0,5.099555015563965
2022-07-12 03:00:00+00:00,27.0,19.8795166015625
2022-07-12 04:00:00+00:00,22.0,41.19223403930664
2022-07-12 05:00:00+00:00,34.0,27.65229034423828
2022-07-12 06:00:00+00:00,39.0,47.96036148071289
2022-07-12 07:00:00+00:00,39.0,50.87123489379883
2022-07-12 08:00:00+00:00,52.0,40.16843795776367
2022-07-12 09:00:00+00:00,48.0,57.60383605957031
2022-07-12 10:00:00+00:00,33.0,42.13761520385742
2022-07-12 11:00:00+00:00,48.0,32.300079345703125
2022-07-12 12:00:00+00:00,48.0,51.530120849609375
2022-07-12 13:00:00+00:00,23.0,37.92911911010742
2022-07-12 14:00:00+00:00,30.0,16.94584846496582
2022-07-12 15:00:00+00:00,23.0,25.78875160217285
2022-07-12 16:00:00+00:00,19.0,18.758581161499023
2022-07-12 17:00:00+00:00,15.0,15.365790367126465
2022-07-12 18:00:00+00:00,2.0,11.928197860717773
2022-07-12 19:00:00+00:00,7.0,1.7360057830810547
2022-07-12 20:00:00+00:00,2.0,5.825237274169922
2022-07-12 21:00:00+00:00,1.5,1.2347924709320068
2022-07-12 22:00:00+00:00,1.0,0.15850502252578735
2022-07-12 23:00:00+00:00,1.0,0.9101873636245728
2022-07-13 00:00:00+00:00,1.0,0.9290965795516968
2022-07-13 01:00:00+00:00,1.0,2.8974452018737793
2022-07-13 02:00:00+00:00,10.0,5.818159103393555
2022-07-13 03:00:00+00:00,27.0,40.03778839111328
2022-07-13 04:00:00+00:00,18.0,39.74653625488281
2022-07-13 05:00:00+00:00,27.0,20.22624397277832
2022-07-13 06:00:00+00:00,39.0,40.121585845947266
2022-07-13 07:00:00+00:00,61.0,56.668514251708984
2022-07-13 08:00:00+00:00,46.0,80.4971923828125
2022-07-13 09:00:00+00:00,39.0,43.91887664794922
2022-07-13 10:00:00+00:00,48.0,34.691104888916016
2022-07-13 11:00:00+00:00,48.0,42.4708366394043
2022-07-13 12:00:00+00:00,43.0,50.615142822265625
2022-07-13 13:00:00+00:00,29.0,36.26121139526367
2022-07-13 14:00:00+00:00,36.0,22.50863265991211
2022-07-13 15:00:00+00:00,32.0,29.624853134155273
2022-07-13 16:00:00+00:00,9.0,26.600690841674805
2022-07-13 17:00:00+00:00,12.0,8.988431930541992
2022-07-13 18:00:00+00:00,12.0,9.918817520141602
2022-07-13 19:00:00+00:00,10.0,7.72642183303833
2022-07-13 20:00:00+00:00,5.0,6.868152618408203
2022-07-13 21:00:00+00:00,4.0,4.452866077423096
2022-07-13 22:00:00+00:00,3.0,1.5708496570587158
2022-07-13 23:00:00+00:00,0.0,2.9387612342834473
2022-07-14 00:00:00+00:00,1.0,-0.7098308205604553
2022-07-14 01:00:00+00:00,2.0,1.4002759456634521
2022-07-14 02:00:00+00:00,6.0,9.136137008666992
2022-07-14 03:00:00+00:00,20.0,26.621660232543945
2022-07-14 04:00:00+00:00,24.0,28.937759399414062
2022-07-14 05:00:00+00:00,20.0,31.607406616210938
2022-07-14 06:00:00+00:00,39.0,27.486658096313477
2022-07-14 07:00:00+00:00,42.0,57.39813232421875
2022-07-14 08:00:00+00:00,54.0,46.87377166748047
2022-07-14 09:00:00+00:00,60.0,59.113487243652344
2022-07-14 10:00:00+00:00,37.0,66.92979431152344
2022-07-14 11:00:00+00:00,49.0,34.06876754760742
2022-07-14 12:00:00+00:00,43.0,50.70648193359375
2022-07-14 13:00:00+00:00,34.0,38.1575813293457
2022-07-14 14:00:00+00:00,24.0,27.05663299560547
2022-07-14 15:00:00+00:00,27.0,19.335229873657227
2022-07-14 16:00:00+00:00,18.0,21.606447219848633
2022-07-14 17:00:00+00:00,18.0,14.837506294250488
2022-07-14 18:00:00+00:00,10.0,14.719465255737305
2022-07-14 19:00:00+00:00,10.0,6.647183895111084
2022-07-14 20:00:00+00:00,5.0,6.258667945861816
2022-07-14 21:00:00+00:00,3.5,3.5145223140716553
2022-07-14 22:00:00+00:00,2.0,1.305420994758606
2022-07-14 23:00:00+00:00,1.0,1.8844265937805176
2022-07-15 00:00:00+00:00,2.0,0.08285796642303467
2022-07-15 01:00:00+00:00,1.0,4.033489227294922
2022-07-15 02:00:00+00:00,6.0,7.715068817138672
2022-07-15 03:00:00+00:00,25.0,24.596799850463867
2022-07-15 04:00:00+00:00,19.0,37.894779205322266
2022-07-15 05:00:00+00:00,23.0,26.50446319580078
2022-07-15 06:00:00+00:00,48.0,34.00318908691406
2022-07-15 07:00:00+00:00,52.0,71.49401092529297
2022-07-15 08:00:00+00:00,60.0,67.5580825805664
2022-07-15 09:00:00+00:00,53.0,75.16715240478516
2022-07-15 10:00:00+00:00,61.0,59.39222717285156
2022-07-15 11:00:00+00:00,48.0,66.42494201660156
2022-07-15 12:00:00+00:00,52.0,47.282257080078125
2022-07-15 13:00:00+00:00,39.0,44.77388381958008
2022-07-15 14:00:00+00:00,37.0,35.139320373535156
2022-07-15 15:00:00+00:00,30.0,31.0354061126709
2022-07-15 16:00:00+00:00,9.0,24.05938148498535
2022-07-15 17:00:00+00:00,61.0,7.398107051849365
2022-07-15 18:00:00+00:00,28.0,43.076873779296875
2022-07-15 19:00:00+00:00,8.0,20.32723045349121
2022-07-15 20:00:00+00:00,8.0,5.622653961181641
2022-07-15 21:00:00+00:00,5.0,6.014896869659424
2022-07-15 22:00:00+00:00,2.0,3.412014961242676
2022-07-15 23:00:00+00:00,0.0,1.638700246810913
2022-07-16 00:00:00+00:00,3.0,-0.048376381397247314
2022-07-16 01:00:00+00:00,1.0,3.4739348888397217
2022-07-16 02:00:00+00:00,3.0,1.066581130027771
2022-07-16 03:00:00+00:00,7.0,9.867504119873047
2022-07-16 04:00:00+00:00,16.0,13.216886520385742
2022-07-16 05:00:00+00:00,23.0,31.976957321166992
2022-07-16 06:00:00+00:00,48.0,46.64065933227539
2022-07-16 07:00:00+00:00,65.0,75.9397201538086
2022-07-16 08:00:00+00:00,59.0,86.68701171875
2022-07-16 09:00:00+00:00,56.0,71.4598617553711
2022-07-16 10:00:00+00:00,48.0,64.69536590576172
2022-07-16 11:00:00+00:00,33.0,46.92262268066406
2022-07-16 12:00:00+00:00,36.0,32.82420349121094
2022-07-16 13:00:00+00:00,20.0,33.741981506347656
2022-07-16 14:00:00+00:00,31.0,20.67879295349121
2022-07-16 15:00:00+00:00,19.0,28.935054779052734
2022-07-16 16:00:00+00:00,18.0,17.033039093017578
2022-07-16 17:00:00+00:00,13.0,12.86685562133789
2022-07-16 18:00:00+00:00,10.0,9.255067825317383
2022-07-16 19:00:00+00:00,7.0,7.381961345672607
2022-07-16 20:00:00+00:00,2.0,6.278843879699707
2022-07-16 21:00:00+00:00,3.0,1.3952865600585938
2022-07-16 22:00:00+00:00,4.0,2.515394926071167
2022-07-16 23:00:00+00:00,1.0,3.4958655834198
2022-07-17 00:00:00+00:00,0.0,1.7915241718292236
2022-07-17 01:00:00+00:00,0.0,-0.6010057330131531
2022-07-17 02:00:00+00:00,1.0,-0.4012569785118103
2022-07-17 03:00:00+00:00,6.0,3.1658935546875
2022-07-17 04:00:00+00:00,11.0,11.048121452331543
2022-07-17 05:00:00+00:00,8.0,18.142621994018555
2022-07-17 06:00:00+00:00,17.0,16.213787078857422
2022-07-17 07:00:00+00:00,32.0,30.582279205322266
2022-07-17 08:00:00+00:00,58.0,44.19125747680664
2022-07-17 09:00:00+00:00,53.0,79.30050659179688
2022-07-17 10:00:00+00:00,51.0,60.30928421020508
2022-07-17 11:00:00+00:00,65.0,51.92403793334961
2022-07-17 12:00:00+00:00,37.0,65.0157241821289
2022-07-17 13:00:00+00:00,58.0,38.96373748779297
2022-07-17 14:00:00+00:00,30.0,53.94258117675781
2022-07-17 15:00:00+00:00,45.0,31.918420791625977
2022-07-17 16:00:00+00:00,30.0,39.233177185058594
2022-07-17 17:00:00+00:00,17.0,29.6622314453125
2022-07-17 18:00:00+00:00,9.0,13.994880676269531
2022-07-17 19:00:00+00:00,7.0,5.343385219573975
2022-07-17 20:00:00+00:00,4.0,3.752664804458618
2022-07-17 21:00:00+00:00,2.5,1.1578930616378784
2022-07-17 22:00:00+00:00,1.0,0.5935634970664978
2022-07-17 23:00:00+00:00,0.0,1.3889155387878418
2022-07-18 00:00:00+00:00,0.0,0.14611297845840454
2022-07-18 01:00:00+00:00,3.0,1.941929578781128
2022-07-18 02:00:00+00:00,9.0,11.93040657043457
2022-07-18 03:00:00+00:00,19.0,34.38792037963867
2022-07-18 04:00:00+00:00,25.0,29.280536651611328
2022-07-18 05:00:00+00:00,34.0,35.28569030761719
2022-07-18 06:00:00+00:00,46.0,50.606239318847656
2022-07-18 07:00:00+00:00,58.0,65.71220397949219
2022-07-18 08:00:00+00:00,59.0,72.76640319824219
2022-07-18 09:00:00+00:00,52.0,61.369300842285156
2022-07-18 10:00:00+00:00,35.0,42.83636474609375
2022-07-18 11:00:00+00:00,39.0,30.738767623901367
2022-07-18 12:00:00+00:00,45.0,35.163902282714844
2022-07-18 13:00:00+00:00,30.0,35.69677734375
2022-07-18 14:00:00+00:00,31.0,23.353797912597656
2022-07-18 15:00:00+00:00,30.0,25.772136688232422
2022-07-18 16:00:00+00:00,25.0,25.883708953857422
2022-07-18 17:00:00+00:00,23.0,20.098098754882812
2022-07-18 18:00:00+00:00,10.0,17.645517349243164
2022-07-18 19:00:00+00:00,6.0,6.395043849945068
2022-07-18 20:00:00+00:00,11.0,4.60221004486084
2022-07-18 21:00:00+00:00,5.5,8.414434432983398
2022-07-18 22:00:00+00:00,0.0,2.8797786235809326
2022-07-18 23:00:00+00:00,0.0,-0.23121577501296997
2022-07-19 00:00:00+00:00,1.0,-0.3239510655403137
2022-07-19 01:00:00+00:00,1.0,2.1671218872070312
2022-07-19 02:00:00+00:00,8.0,7.0640387535095215
2022-07-19 03:00:00+00:00,17.0,31.358200073242188
2022-07-19 04:00:00+00:00,17.0,30.992122650146484
2022-07-19 05:00:00+00:00,26.0,20.757471084594727
2022-07-19 06:00:00+00:00,37.0,38.89640808105469
2022-07-19 07:00:00+00:00,43.0,55.7205810546875
2022-07-19 08:00:00+00:00,61.0,46.73305892944336
2022-07-19 09:00:00+00:00,33.0,71.16511535644531
2022-07-19 10:00:00+00:00,36.0,28.955108642578125
2022-07-19 11:00:00+00:00,37.0,33.03904342651367
2022-07-19 12:00:00+00:00,46.0,37.64567184448242
2022-07-19 13:00:00+00:00,30.0,41.238319396972656
2022-07-19 14:00:00+00:00,27.0,25.1567440032959
2022-07-19 15:00:00+00:00,27.0,24.999019622802734
2022-07-19 16:00:00+00:00,20.0,23.191953659057617
2022-07-19 17:00:00+00:00,10.0,16.42854118347168
2022-07-19 18:00:00+00:00,10.0,8.986799240112305
2022-07-19 19:00:00+00:00,8.0,6.392636299133301
2022-07-19 20:00:00+00:00,3.0,5.90223503112793
2022-07-19 21:00:00+00:00,1.5,2.9689900875091553
2022-07-19 22:00:00+00:00,0.0,-0.046122610569000244
2022-07-19 23:00:00+00:00,0.0,-0.23329347372055054
2022-07-20 00:00:00+00:00,1.0,-0.5246526598930359
2022-07-20 01:00:00+00:00,8.0,1.3744018077850342
2022-07-20 02:00:00+00:00,5.0,20.570383071899414
2022-07-20 03:00:00+00:00,19.0,18.319469451904297
2022-07-20 04:00:00+00:00,18.0,35.64816665649414
2022-07-20 05:00:00+00:00,24.0,23.116235733032227
2022-07-20 06:00:00+00:00,39.0,35.71689224243164
2022-07-20 07:00:00+00:00,47.0,63.030025482177734
2022-07-20 08:00:00+00:00,46.0,57.856727600097656
2022-07-20 09:00:00+00:00,57.0,44.9316291809082
2022-07-20 10:00:00+00:00,49.0,59.85313415527344
2022-07-20 11:00:00+00:00,47.0,44.759151458740234
2022-07-20 12:00:00+00:00,52.0,45.512962341308594
2022-07-20 13:00:00+00:00,27.0,43.92643356323242
2022-07-20 14:00:00+00:00,30.0,20.689123153686523
2022-07-20 15:00:00+00:00,22.0,25.657787322998047
2022-07-20 16:00:00+00:00,25.0,18.275957107543945
2022-07-20 17:00:00+00:00,12.0,19.40296173095703
2022-07-20 18:00:00+00:00,6.0,10.555964469909668
2022-07-20 19:00:00+00:00,4.0,4.5725297927856445
2022-07-20 20:00:00+00:00,3.0,3.562838554382324
2022-07-20 21:00:00+00:00,1.5,2.3521487712860107
2022-07-20 22:00:00+00:00,0.0,-0.1446024775505066
2022-07-20 23:00:00+00:00,0.0,0.09367585182189941
2022-07-21 00:00:00+00:00,0.0,-0.5067152380943298
2022-07-21 01:00:00+00:00,4.0,0.4483973979949951
2022-07-21 02:00:00+00:00,6.0,13.845651626586914
2022-07-21 03:00:00+00:00,19.0,18.760534286499023
2022-07-21 04:00:00+00:00,12.0,36.05947494506836
2022-07-21 05:00:00+00:00,26.0,14.045133590698242
2022-07-21 06:00:00+00:00,38.0,38.21181869506836
2022-07-21 07:00:00+00:00,60.0,58.483009338378906
2022-07-21 08:00:00+00:00,57.0,77.96485137939453
2022-07-21 09:00:00+00:00,42.0,65.08707427978516
2022-07-21 10:00:00+00:00,45.0,36.82886505126953
2022-07-21 11:00:00+00:00,41.0,40.8399772644043
2022-07-21 12:00:00+00:00,49.0,41.486839294433594
2022-07-21 13:00:00+00:00,34.0,41.1001091003418
2022-07-21 14:00:00+00:00,36.0,27.119535446166992
2022-07-21 15:00:00+00:00,26.0,29.032915115356445
2022-07-21 16:00:00+00:00,23.0,20.458505630493164
2022-07-21 17:00:00+00:00,16.0,18.065736770629883
2022-07-21 18:00:00+00:00,12.0,13.381814956665039
2022-07-21 19:00:00+00:00,2.0,8.510437965393066
2022-07-21 20:00:00+00:00,8.0,1.0842925310134888
2022-07-21 21:00:00+00:00,4.5,6.111423969268799
2022-07-21 22:00:00+00:00,1.0,2.0803396701812744
2022-07-21 23:00:00+00:00,5.0,0.4746139645576477
2022-07-22 00:00:00+00:00,2.0,6.460402488708496
2022-07-22 01:00:00+00:00,0.0,4.097461223602295
2022-07-22 02:00:00+00:00,6.0,4.474982738494873
2022-07-22 03:00:00+00:00,22.0,20.60468864440918
2022-07-22 04:00:00+00:00,9.0,39.968666076660156
2022-07-22 05:00:00+00:00,22.0,11.269305229187012
2022-07-22 06:00:00+00:00,37.0,33.859580993652344
2022-07-22 07:00:00+00:00,57.0,58.74575424194336
2022-07-22 08:00:00+00:00,65.0,76.9316635131836
2022-07-22 09:00:00+00:00,45.0,78.11943054199219
2022-07-22 10:00:00+00:00,52.0,41.11306381225586
2022-07-22 11:00:00+00:00,43.0,50.357460021972656
2022-07-22 12:00:00+00:00,51.0,41.01146697998047
2022-07-22 13:00:00+00:00,46.0,45.296443939208984
2022-07-22 14:00:00+00:00,47.0,38.60082244873047
2022-07-22 15:00:00+00:00,34.0,39.867401123046875
2022-07-22 16:00:00+00:00,17.0,26.392080307006836
2022-07-22 17:00:00+00:00,13.0,13.281179428100586
2022-07-22 18:00:00+00:00,7.0,9.752019882202148
2022-07-22 19:00:00+00:00,3.0,4.558826923370361
2022-07-22 20:00:00+00:00,9.0,1.655466079711914
2022-07-22 21:00:00+00:00,4.5,6.285964012145996
2022-07-22 22:00:00+00:00,0.0,2.99880313873291
2022-07-22 23:00:00+00:00,5.0,-0.5135090947151184
2022-07-23 00:00:00+00:00,1.0,6.5362372398376465
2022-07-23 01:00:00+00:00,3.0,0.5245519876480103
2022-07-23 02:00:00+00:00,8.0,4.806949615478516
2022-07-23 03:00:00+00:00,2.0,16.667461395263672
2022-07-23 04:00:00+00:00,13.0,3.3727705478668213
2022-07-23 05:00:00+00:00,25.0,24.396305084228516
2022-07-23 06:00:00+00:00,45.0,53.70478439331055
2022-07-23 07:00:00+00:00,46.0,72.74122619628906
2022-07-23 08:00:00+00:00,63.0,61.24860763549805
2022-07-23 09:00:00+00:00,37.0,75.84343719482422
2022-07-23 10:00:00+00:00,42.0,36.96742248535156
2022-07-23 11:00:00+00:00,35.0,39.109947204589844
2022-07-23 12:00:00+00:00,37.0,34.305419921875
2022-07-23 13:00:00+00:00,34.0,35.015567779541016
2022-07-23 14:00:00+00:00,29.0,31.450069427490234
2022-07-23 15:00:00+00:00,30.0,26.977170944213867
2022-07-23 16:00:00+00:00,29.0,25.50875473022461
2022-07-23 17:00:00+00:00,5.0,22.820043563842773
2022-07-23 18:00:00+00:00,5.0,3.0850536823272705
2022-07-23 19:00:00+00:00,7.0,3.9489312171936035
2022-07-23 20:00:00+00:00,3.0,6.317190170288086
2022-07-23 21:00:00+00:00,3.0,2.7710485458374023
2022-07-23 22:00:00+00:00,3.0,2.481626033782959
2022-07-23 23:00:00+00:00,0.0,2.6074674129486084
2022-07-24 00:00:00+00:00,0.0,0.42217153310775757
2022-07-24 01:00:00+00:00,0.0,-0.5525912642478943
2022-07-24 02:00:00+00:00,7.0,-0.35696738958358765
2022-07-24 03:00:00+00:00,11.0,10.95051383972168
2022-07-24 04:00:00+00:00,12.0,18.414182662963867
2022-07-24 05:00:00+00:00,12.0,19.511510848999023
2022-07-24 06:00:00+00:00,15.0,24.062915802001953
2022-07-24 07:00:00+00:00,42.0,26.82053565979004
2022-07-24 08:00:00+00:00,51.0,66.6900863647461
2022-07-24 09:00:00+00:00,42.0,68.80677032470703
2022-07-24 10:00:00+00:00,63.0,45.41321563720703
2022-07-24 11:00:00+00:00,64.0,67.03543853759766
2022-07-24 12:00:00+00:00,54.0,65.62596130371094
2022-07-24 13:00:00+00:00,56.0,53.868255615234375
2022-07-24 14:00:00+00:00,48.0,50.99576187133789
2022-07-24 15:00:00+00:00,39.0,41.56395721435547
2022-07-24 16:00:00+00:00,26.0,35.391414642333984
2022-07-24 17:00:00+00:00,24.0,26.725393295288086
2022-07-24 18:00:00+00:00,11.0,20.166229248046875
2022-07-24 19:00:00+00:00,11.0,6.32698392868042
2022-07-24 20:00:00+00:00,0.0,5.975440979003906
2022-07-24 21:00:00+00:00,0.0,-0.9697126746177673
2022-07-24 22:00:00+00:00,0.0,-0.7195647358894348
2022-07-24 23:00:00+00:00,1.0,0.3263845443725586
2022-07-25 00:00:00+00:00,0.0,1.8102271556854248
2022-07-25 01:00:00+00:00,3.0,1.7416064739227295
2022-07-25 02:00:00+00:00,6.0,11.632115364074707
2022-07-25 03:00:00+00:00,24.0,20.433923721313477
2022-07-25 04:00:00+00:00,19.0,37.50543212890625
2022-07-25 05:00:00+00:00,23.0,24.536409378051758
2022-07-25 06:00:00+00:00,54.0,34.31357192993164
2022-07-25 07:00:00+00:00,78.0,79.86176300048828
2022-07-25 08:00:00+00:00,65.0,107.78526306152344
2022-07-25 09:00:00+00:00,52.0,73.92182922363281
2022-07-25 10:00:00+00:00,50.0,42.729679107666016
2022-07-25 11:00:00+00:00,39.0,43.256568908691406
2022-07-25 12:00:00+00:00,43.0,36.355770111083984
2022-07-25 13:00:00+00:00,35.0,35.148433685302734
2022-07-25 14:00:00+00:00,31.0,28.880889892578125
2022-07-25 15:00:00+00:00,24.0,25.60288429260254
2022-07-25 16:00:00+00:00,17.0,19.910633087158203
2022-07-25 17:00:00+00:00,8.0,14.586559295654297
2022-07-25 18:00:00+00:00,10.0,6.542409896850586
2022-07-25 19:00:00+00:00,6.0,6.482424259185791
2022-07-25 20:00:00+00:00,5.0,4.809622287750244
2022-07-25 21:00:00+00:00,2.5,4.658796787261963
2022-07-25 22:00:00+00:00,0.0,1.073312520980835
2022-07-25 23:00:00+00:00,0.0,-0.1273132562637329
2022-07-26 00:00:00+00:00,0.0,-0.16436725854873657
2022-07-26 01:00:00+00:00,3.0,1.003825306892395
2022-07-26 02:00:00+00:00,3.0,11.81149673461914
2022-07-26 03:00:00+00:00,22.0,9.090876579284668
2022-07-26 04:00:00+00:00,17.0,37.5909538269043
2022-07-26 05:00:00+00:00,24.0,20.468643188476562
2022-07-26 06:00:00+00:00,48.0,35.154624938964844
2022-07-26 07:00:00+00:00,55.0,70.87117004394531
2022-07-26 08:00:00+00:00,73.0,68.68118286132812
2022-07-26 09:00:00+00:00,62.0,80.99452209472656
2022-07-26 10:00:00+00:00,55.0,64.45993041992188
2022-07-26 11:00:00+00:00,43.0,49.04877853393555
2022-07-26 12:00:00+00:00,30.0,38.8955078125
2022-07-26 13:00:00+00:00,38.0,23.717914581298828
2022-07-26 14:00:00+00:00,39.0,31.694047927856445
2022-07-26 15:00:00+00:00,26.0,32.8270378112793
2022-07-26 16:00:00+00:00,13.0,21.47231101989746
2022-07-26 17:00:00+00:00,13.0,11.829118728637695
2022-07-26 18:00:00+00:00,3.0,10.64912223815918
2022-07-26 19:00:00+00:00,4.0,1.891577959060669
2022-07-26 20:00:00+00:00,6.0,3.6413795948028564
2022-07-26 21:00:00+00:00,3.5,5.692420482635498
2022-07-26 22:00:00+00:00,1.0,1.800379991531372
2022-07-26 23:00:00+00:00,0.0,0.6520017385482788
2022-07-27 00:00:00+00:00,0.0,-0.44471222162246704
2022-07-27 01:00:00+00:00,2.0,1.1457319259643555
2022-07-27 02:00:00+00:00,2.0,10.9296875
2022-07-27 03:00:00+00:00,26.0,4.62125301361084
2022-07-27 04:00:00+00:00,13.0,42.941341400146484
2022-07-27 05:00:00+00:00,32.0,14.147224426269531
2022-07-27 06:00:00+00:00,39.0,48.29910659790039
2022-07-27 07:00:00+00:00,53.0,59.9967041015625
2022-07-27 08:00:00+00:00,63.0,64.57321166992188
2022-07-27 09:00:00+00:00,49.0,68.76376342773438
2022-07-27 10:00:00+00:00,38.0,42.2458381652832
2022-07-27 11:00:00+00:00,43.0,34.58320617675781
2022-07-27 12:00:00+00:00,32.0,41.275794982910156
2022-07-27 13:00:00+00:00,46.0,26.81962776184082
2022-07-27 14:00:00+00:00,32.0,36.434967041015625
2022-07-27 15:00:00+00:00,28.0,26.630945205688477
2022-07-27 16:00:00+00:00,34.0,23.203311920166016
2022-07-27 17:00:00+00:00,15.0,26.191274642944336
2022-07-27 18:00:00+00:00,7.0,12.052936553955078
2022-07-27 19:00:00+00:00,5.0,5.044153213500977
2022-07-27 20:00:00+00:00,6.0,4.207991123199463
2022-07-27 21:00:00+00:00,3.5,5.424011707305908
2022-07-27 22:00:00+00:00,1.0,1.5283284187316895
2022-07-27 23:00:00+00:00,1.0,1.133538007736206
2022-07-28 00:00:00+00:00,0.0,0.7794796824455261
2022-07-28 01:00:00+00:00,3.0,0.24205785989761353
2022-07-28 02:00:00+00:00,6.0,12.631112098693848
2022-07-28 03:00:00+00:00,19.0,20.153165817260742
2022-07-28 04:00:00+00:00,20.0,34.77803421020508
2022-07-28 05:00:00+00:00,33.0,27.36529541015625
2022-07-28 06:00:00+00:00,42.0,51.64837646484375
2022-07-28 07:00:00+00:00,48.0,62.82444381713867
2022-07-28 08:00:00+00:00,53.0,54.312686920166016
2022-07-28 09:00:00+00:00,46.0,57.75546646118164
2022-07-28 10:00:00+00:00,41.0,42.72814178466797
2022-07-28 11:00:00+00:00,44.0,37.834373474121094
2022-07-28 12:00:00+00:00,42.0,42.157588958740234
2022-07-28 13:00:00+00:00,46.0,36.29241943359375
2022-07-28 14:00:00+00:00,47.0,37.171173095703125
2022-07-28 15:00:00+00:00,29.0,40.739341735839844
2022-07-28 16:00:00+00:00,25.0,23.66912078857422
2022-07-28 17:00:00+00:00,22.0,19.281190872192383
2022-07-28 18:00:00+00:00,12.0,17.000070571899414
2022-07-28 19:00:00+00:00,7.0,8.615765571594238
2022-07-28 20:00:00+00:00,6.0,4.535170078277588
2022-07-28 21:00:00+00:00,4.0,4.83332633972168
2022-07-28 22:00:00+00:00,2.0,1.8478591442108154
2022-07-28 23:00:00+00:00,2.0,1.561058521270752
2022-07-29 00:00:00+00:00,1.0,2.140481948852539
2022-07-29 01:00:00+00:00,6.0,2.505760431289673
2022-07-29 02:00:00+00:00,2.0,18.344472885131836
2022-07-29 03:00:00+00:00,16.0,5.983065605163574
2022-07-29 04:00:00+00:00,14.0,34.848419189453125
2022-07-29 05:00:00+00:00,30.0,16.348011016845703
2022-07-29 06:00:00+00:00,27.0,45.262569427490234
2022-07-29 07:00:00+00:00,51.0,43.143062591552734
2022-07-29 08:00:00+00:00,60.0,64.36846160888672
2022-07-29 09:00:00+00:00,66.0,71.46319580078125
2022-07-29 10:00:00+00:00,57.0,74.07952117919922
2022-07-29 11:00:00+00:00,54.0,58.608306884765625
2022-07-29 12:00:00+00:00,44.0,55.75065231323242
2022-07-29 13:00:00+00:00,30.0,38.62638854980469
2022-07-29 14:00:00+00:00,59.0,26.042451858520508
2022-07-29 15:00:00+00:00,27.0,49.58603286743164
2022-07-29 16:00:00+00:00,23.0,21.319448471069336
2022-07-29 17:00:00+00:00,16.0,17.416484832763672
2022-07-29 18:00:00+00:00,7.0,12.158151626586914
2022-07-29 19:00:00+00:00,7.0,4.511346340179443
2022-07-29 20:00:00+00:00,4.0,4.679769039154053
2022-07-29 21:00:00+00:00,3.0,2.71022891998291
2022-07-29 22:00:00+00:00,2.0,1.398923635482788
2022-07-29 23:00:00+00:00,3.0,1.4147124290466309
2022-07-30 00:00:00+00:00,0.0,4.367310523986816
2022-07-30 01:00:00+00:00,5.0,-0.6242145895957947
2022-07-30 02:00:00+00:00,6.0,8.574542999267578
2022-07-30 03:00:00+00:00,7.0,13.960359573364258
2022-07-30 04:00:00+00:00,30.0,13.378914833068848
2022-07-30 05:00:00+00:00,32.0,53.42757797241211
2022-07-30 06:00:00+00:00,36.0,65.68644714355469
2022-07-30 07:00:00+00:00,61.0,58.83768844604492
2022-07-30 08:00:00+00:00,45.0,85.69131469726562
2022-07-30 09:00:00+00:00,47.0,47.929786682128906
2022-07-30 10:00:00+00:00,58.0,49.17999267578125
2022-07-30 11:00:00+00:00,48.0,61.74747848510742
2022-07-30 12:00:00+00:00,46.0,43.465301513671875
2022-07-30 13:00:00+00:00,28.0,38.51011657714844
2022-07-30 14:00:00+00:00,32.0,26.624309539794922
2022-07-30 15:00:00+00:00,18.0,28.6179256439209
2022-07-30 16:00:00+00:00,15.0,14.887419700622559
2022-07-30 17:00:00+00:00,15.0,10.255636215209961
2022-07-30 18:00:00+00:00,9.0,10.101119041442871
2022-07-30 19:00:00+00:00,9.0,6.196661949157715
2022-07-30 20:00:00+00:00,2.0,8.42492961883545
2022-07-30 21:00:00+00:00,3.0,1.5631985664367676
2022-07-30 22:00:00+00:00,4.0,2.6899895668029785
2022-07-30 23:00:00+00:00,2.0,3.533839225769043
2022-07-31 00:00:00+00:00,4.0,2.2705912590026855
2022-07-31 01:00:00+00:00,0.0,3.584129810333252
2022-07-31 02:00:00+00:00,1.0,0.05030280351638794
2022-07-31 03:00:00+00:00,9.0,2.7232306003570557
2022-07-31 04:00:00+00:00,8.0,14.670960426330566
2022-07-31 05:00:00+00:00,14.0,13.57097053527832
2022-07-31 06:00:00+00:00,20.0,24.811532974243164
2022-07-31 07:00:00+00:00,29.0,36.779056549072266
2022-07-31 08:00:00+00:00,44.0,38.319580078125
2022-07-31 09:00:00+00:00,54.0,58.10783767700195
2022-07-31 10:00:00+00:00,63.0,64.21624755859375
2022-07-31 11:00:00+00:00,59.0,69.11988067626953
2022-07-31 12:00:00+00:00,46.0,60.001129150390625
2022-07-31 13:00:00+00:00,58.0,41.158103942871094
2022-07-31 14:00:00+00:00,35.0,54.67689514160156
2022-07-31 15:00:00+00:00,41.0,33.175621032714844
2022-07-31 16:00:00+00:00,27.0,35.8398323059082
2022-07-31 17:00:00+00:00,15.0,24.996429443359375
2022-07-31 18:00:00+00:00,13.0,12.101590156555176
2022-07-31 19:00:00+00:00,13.0,7.510554313659668
2022-07-31 20:00:00+00:00,5.0,6.446537971496582
2022-07-31 21:00:00+00:00,4.0,2.2217564582824707
2022-07-31 22:00:00+00:00,3.0,1.392096996307373
2022-07-31 23:00:00+00:00,0.0,2.7158801555633545
2022-08-01 00:00:00+00:00,4.0,0.27694982290267944
2022-08-01 01:00:00+00:00,5.0,9.060209274291992
2022-08-01 02:00:00+00:00,7.0,15.7005033493042
2022-08-01 03:00:00+00:00,25.0,35.78108215332031
2022-08-01 04:00:00+00:00,29.0,36.97834014892578
2022-08-01 05:00:00+00:00,38.0,33.856651306152344
2022-08-01 06:00:00+00:00,43.0,43.862369537353516
2022-08-01 07:00:00+00:00,60.0,50.13296890258789
2022-08-01 08:00:00+00:00,47.0,72.24220275878906
2022-08-01 09:00:00+00:00,54.0,44.54932403564453
2022-08-01 10:00:00+00:00,35.0,51.61074447631836
2022-08-01 11:00:00+00:00,35.0,34.795204162597656
2022-08-01 12:00:00+00:00,36.0,39.14012908935547
2022-08-01 13:00:00+00:00,31.0,30.360374450683594
2022-08-01 14:00:00+00:00,27.0,25.169612884521484
2022-08-01 15:00:00+00:00,34.0,22.527992248535156
2022-08-01 16:00:00+00:00,22.0,28.501462936401367
2022-08-01 17:00:00+00:00,17.0,17.461669921875
2022-08-01 18:00:00+00:00,7.0,13.182750701904297
2022-08-01 19:00:00+00:00,6.0,4.2680745124816895
2022-08-01 20:00:00+00:00,3.0,4.518304824829102
2022-08-01 21:00:00+00:00,2.0,2.916048288345337
2022-08-01 22:00:00+00:00,1.0,0.5772233009338379
2022-08-01 23:00:00+00:00,0.0,0.6968035697937012
2022-08-02 00:00:00+00:00,1.0,-0.37824755907058716
2022-08-02 01:00:00+00:00,6.0,2.81547212600708
2022-08-02 02:00:00+00:00,2.0,16.94780731201172
2022-08-02 03:00:00+00:00,31.0,7.1471381187438965
2022-08-02 04:00:00+00:00,21.0,50.47673034667969
2022-08-02 05:00:00+00:00,28.0,23.369123458862305
2022-08-02 06:00:00+00:00,34.0,36.27821350097656
2022-08-02 07:00:00+00:00,43.0,49.81668472290039
2022-08-02 08:00:00+00:00,61.0,46.19245147705078
2022-08-02 09:00:00+00:00,50.0,69.93196105957031
2022-08-02 10:00:00+00:00,34.0,44.639739990234375
2022-08-02 11:00:00+00:00,35.0,33.96335983276367
2022-08-02 12:00:00+00:00,38.0,38.30880355834961
2022-08-02 13:00:00+00:00,39.0,33.275203704833984
2022-08-02 14:00:00+00:00,26.0,33.419342041015625
2022-08-02 15:00:00+00:00,34.0,22.40678596496582
2022-08-02 16:00:00+00:00,15.0,26.639297485351562
2022-08-02 17:00:00+00:00,13.0,12.96374225616455
2022-08-02 18:00:00+00:00,6.0,10.44819450378418
2022-08-02 19:00:00+00:00,2.0,4.452903747558594
2022-08-02 20:00:00+00:00,5.0,1.852200984954834
2022-08-02 21:00:00+00:00,3.0,4.098280429840088
2022-08-02 22:00:00+00:00,1.0,1.2663350105285645
2022-08-02 23:00:00+00:00,0.0,0.9416513442993164
2022-08-03 00:00:00+00:00,0.0,-0.460335910320282
2022-08-03 01:00:00+00:00,2.0,0.30908292531967163
2022-08-03 02:00:00+00:00,5.0,8.608955383300781
2022-08-03 03:00:00+00:00,28.0,25.039634704589844
2022-08-03 04:00:00+00:00,22.0,44.32257843017578
2022-08-03 05:00:00+00:00,27.0,25.490026473999023
2022-08-03 06:00:00+00:00,35.0,35.910491943359375
2022-08-03 07:00:00+00:00,34.0,54.54105758666992
2022-08-03 08:00:00+00:00,45.0,36.87025451660156
2022-08-03 09:00:00+00:00,46.0,43.5820198059082
2022-08-03 10:00:00+00:00,41.0,42.2381706237793
2022-08-03 11:00:00+00:00,43.0,41.487850189208984
2022-08-03 12:00:00+00:00,60.0,49.11528396606445
2022-08-03 13:00:00+00:00,35.0,42.96731948852539
2022-08-03 14:00:00+00:00,32.0,29.184011459350586
2022-08-03 15:00:00+00:00,25.0,26.236555099487305
2022-08-03 16:00:00+00:00,23.0,19.746337890625
2022-08-03 17:00:00+00:00,10.0,18.12657356262207
2022-08-03 18:00:00+00:00,8.0,8.112251281738281
2022-08-03 19:00:00+00:00,4.0,5.349776268005371
2022-08-03 20:00:00+00:00,6.0,3.021608829498291
2022-08-03 21:00:00+00:00,3.5,5.14799690246582
2022-08-03 22:00:00+00:00,1.0,1.3851146697998047
2022-08-03 23:00:00+00:00,0.0,1.1442358493804932
2022-08-04 00:00:00+00:00,2.0,-0.6162449717521667
2022-08-04 01:00:00+00:00,1.0,4.588545799255371
2022-08-04 02:00:00+00:00,3.0,5.556316375732422
2022-08-04 03:00:00+00:00,19.0,14.720416069030762
2022-08-04 04:00:00+00:00,18.0,26.37596321105957
2022-08-04 05:00:00+00:00,32.0,20.02700424194336
2022-08-04 06:00:00+00:00,38.0,40.84359359741211
2022-08-04 07:00:00+00:00,48.0,53.52079391479492
2022-08-04 08:00:00+00:00,43.0,55.3682975769043
2022-08-04 09:00:00+00:00,59.0,39.6669921875
2022-08-04 10:00:00+00:00,49.0,65.66773223876953
2022-08-04 11:00:00+00:00,37.0,44.92994689941406
2022-08-04 12:00:00+00:00,51.0,41.693939208984375
2022-08-04 13:00:00+00:00,33.0,46.67033386230469
2022-08-04 14:00:00+00:00,30.0,28.705745697021484
2022-08-04 15:00:00+00:00,23.0,23.879352569580078
2022-08-04 16:00:00+00:00,19.0,18.188507080078125
2022-08-04 17:00:00+00:00,9.0,15.067407608032227
2022-08-04 18:00:00+00:00,12.0,7.4704389572143555
2022-08-04 19:00:00+00:00,7.0,8.698559761047363
2022-08-04 20:00:00+00:00,6.0,4.804512977600098
2022-08-04 21:00:00+00:00,3.5,4.862612247467041
2022-08-04 22:00:00+00:00,1.0,1.1914416551589966
2022-08-04 23:00:00+00:00,2.0,0.8354862332344055
2022-08-05 00:00:00+00:00,2.0,1.8332757949829102
2022-08-05 01:00:00+00:00,1.0,4.357686519622803
2022-08-05 02:00:00+00:00,10.0,7.013122081756592
2022-08-05 03:00:00+00:00,20.0,36.62824630737305
2022-08-05 04:00:00+00:00,15.0,30.801164627075195
2022-08-05 05:00:00+00:00,39.0,17.68732261657715
2022-08-05 06:00:00+00:00,46.0,49.404747009277344
2022-08-05 07:00:00+00:00,47.0,65.0116958618164
2022-08-05 08:00:00+00:00,60.0,56.46388626098633
2022-08-05 09:00:00+00:00,71.0,74.53021240234375
2022-08-05 10:00:00+00:00,42.0,84.83769989013672
2022-08-05 11:00:00+00:00,73.0,42.2113151550293
2022-08-05 12:00:00+00:00,70.0,90.92583465576172
2022-08-05 13:00:00+00:00,36.0,67.72874450683594
2022-08-05 14:00:00+00:00,41.0,33.59717559814453
2022-08-05 15:00:00+00:00,37.0,33.551414489746094
2022-08-05 16:00:00+00:00,18.0,26.9692325592041
2022-08-05 17:00:00+00:00,14.0,13.958467483520508
2022-08-05 18:00:00+00:00,8.0,10.884712219238281
2022-08-05 19:00:00+00:00,3.0,5.666138648986816
2022-08-05 20:00:00+00:00,17.0,1.9308297634124756
2022-08-05 21:00:00+00:00,9.5,12.564325332641602
2022-08-05 22:00:00+00:00,2.0,6.616127967834473
2022-08-05 23:00:00+00:00,3.0,1.358620285987854
2022-08-06 00:00:00+00:00,3.0,4.339834213256836
2022-08-06 01:00:00+00:00,5.0,3.109614133834839
2022-08-06 02:00:00+00:00,3.0,7.872615337371826
2022-08-06 03:00:00+00:00,7.0,10.196577072143555
2022-08-06 04:00:00+00:00,7.0,13.72024917602539
2022-08-06 05:00:00+00:00,18.0,15.31180191040039
2022-08-06 06:00:00+00:00,52.0,40.69773483276367
2022-08-06 07:00:00+00:00,50.0,80.16890716552734
2022-08-06 08:00:00+00:00,48.0,69.38211059570312
2022-08-06 09:00:00+00:00,49.0,56.910003662109375
2022-08-06 10:00:00+00:00,44.0,52.68827438354492
2022-08-06 11:00:00+00:00,34.0,41.398841857910156
2022-08-06 12:00:00+00:00,24.0,33.880611419677734
2022-08-06 13:00:00+00:00,25.0,23.742216110229492
2022-08-06 14:00:00+00:00,34.0,24.088794708251953
2022-08-06 15:00:00+00:00,22.0,30.16713523864746
2022-08-06 16:00:00+00:00,16.0,17.279207229614258
2022-08-06 17:00:00+00:00,14.0,10.710241317749023
2022-08-06 18:00:00+00:00,11.0,9.790876388549805
2022-08-06 19:00:00+00:00,4.0,7.380339622497559
2022-08-06 20:00:00+00:00,12.0,3.8710739612579346
2022-08-06 21:00:00+00:00,7.0,9.78106689453125
2022-08-06 22:00:00+00:00,2.0,6.029791831970215
2022-08-06 23:00:00+00:00,1.0,1.3001933097839355
2022-08-07 00:00:00+00:00,1.0,1.731161117553711
2022-08-07 01:00:00+00:00,0.0,0.7539789080619812
2022-08-07 02:00:00+00:00,1.0,-0.47057968378067017
2022-08-07 03:00:00+00:00,6.0,2.520315647125244
2022-08-07 04:00:00+00:00,9.0,11.161288261413574
2022-08-07 05:00:00+00:00,8.0,15.43460750579834
2022-08-07 06:00:00+00:00,6.0,15.979647636413574
2022-08-07 07:00:00+00:00,35.0,17.36551284790039
2022-08-07 08:00:00+00:00,38.0,48.99463653564453
2022-08-07 09:00:00+00:00,56.0,51.11875915527344
2022-08-07 10:00:00+00:00,45.0,68.06450653076172
2022-08-07 11:00:00+00:00,55.0,45.43602752685547
2022-08-07 12:00:00+00:00,55.0,56.193267822265625
2022-08-07 13:00:00+00:00,40.0,54.77922058105469
2022-08-07 14:00:00+00:00,53.0,39.13895797729492
2022-08-07 15:00:00+00:00,35.0,45.43975067138672
2022-08-07 16:00:00+00:00,37.0,32.09440612792969
2022-08-07 17:00:00+00:00,17.0,28.474172592163086
2022-08-07 18:00:00+00:00,11.0,12.68185806274414
2022-08-07 19:00:00+00:00,6.0,5.521000862121582
2022-08-07 20:00:00+00:00,4.0,3.2667901515960693
2022-08-07 21:00:00+00:00,2.5,1.3715438842773438
2022-08-07 22:00:00+00:00,1.0,0.7610225081443787
2022-08-07 23:00:00+00:00,0.0,1.4257175922393799
2022-08-08 00:00:00+00:00,0.0,0.057378292083740234
2022-08-08 01:00:00+00:00,6.0,1.522571325302124
2022-08-08 02:00:00+00:00,13.0,16.59117889404297
2022-08-08 03:00:00+00:00,34.0,48.25603103637695
2022-08-08 04:00:00+00:00,21.0,45.8955078125
2022-08-08 05:00:00+00:00,27.0,20.468952178955078
2022-08-08 06:00:00+00:00,47.0,26.29489517211914
2022-08-08 07:00:00+00:00,48.0,51.499351501464844
2022-08-08 08:00:00+00:00,43.0,49.25400924682617
2022-08-08 09:00:00+00:00,41.0,39.966468811035156
2022-08-08 10:00:00+00:00,38.0,37.69774627685547
2022-08-08 11:00:00+00:00,34.0,36.627559661865234
2022-08-08 12:00:00+00:00,42.0,38.63109588623047
2022-08-08 13:00:00+00:00,22.0,35.404685974121094
2022-08-08 14:00:00+00:00,24.0,17.81082534790039
2022-08-08 15:00:00+00:00,21.0,19.47035026550293
2022-08-08 16:00:00+00:00,16.0,16.526206970214844
2022-08-08 17:00:00+00:00,8.0,14.188100814819336
2022-08-08 18:00:00+00:00,4.0,6.592118740081787
2022-08-08 19:00:00+00:00,8.0,2.171542167663574
2022-08-08 20:00:00+00:00,2.0,5.746201992034912
2022-08-08 21:00:00+00:00,1.5,1.651282787322998
2022-08-08 22:00:00+00:00,1.0,0.3409959077835083
2022-08-08 23:00:00+00:00,0.0,0.7066744565963745
2022-08-09 00:00:00+00:00,4.0,-0.37463515996932983
2022-08-09 01:00:00+00:00,1.0,7.8138909339904785
2022-08-09 02:00:00+00:00,9.0,6.538866996765137
2022-08-09 03:00:00+00:00,29.0,39.864166259765625
2022-08-09 04:00:00+00:00,19.0,38.36146545410156
2022-08-09 05:00:00+00:00,23.0,18.33168601989746
2022-08-09 06:00:00+00:00,42.0,22.789968490600586
2022-08-09 07:00:00+00:00,44.0,41.15253448486328
2022-08-09 08:00:00+00:00,48.0,44.51765060424805
2022-08-09 09:00:00+00:00,49.0,47.83867263793945
2022-08-09 10:00:00+00:00,40.0,45.08625411987305
2022-08-09 11:00:00+00:00,41.0,40.68334197998047
2022-08-09 12:00:00+00:00,50.0,41.8870964050293
2022-08-09 13:00:00+00:00,40.0,40.50833511352539
2022-08-09 14:00:00+00:00,39.0,35.66230010986328
2022-08-09 15:00:00+00:00,23.0,33.88434600830078
2022-08-09 16:00:00+00:00,26.0,18.11260414123535
2022-08-09 17:00:00+00:00,10.0,20.359163284301758
2022-08-09 18:00:00+00:00,5.0,7.982213020324707
2022-08-09 19:00:00+00:00,5.0,3.1567070484161377
2022-08-09 20:00:00+00:00,3.0,4.281850814819336
2022-08-09 21:00:00+00:00,1.5,2.6076467037200928
2022-08-09 22:00:00+00:00,0.0,0.20207422971725464
2022-08-09 23:00:00+00:00,0.0,0.03763777017593384
2022-08-10 00:00:00+00:00,0.0,-0.4287107586860657
2022-08-10 01:00:00+00:00,3.0,0.36714625358581543
2022-08-10 02:00:00+00:00,9.0,10.73141860961914
2022-08-10 03:00:00+00:00,31.0,39.08757019042969
2022-08-10 04:00:00+00:00,29.0,43.06736373901367
2022-08-10 05:00:00+00:00,36.0,32.26334762573242
2022-08-10 06:00:00+00:00,59.0,33.66915512084961
2022-08-10 07:00:00+00:00,42.0,75.32241821289062
2022-08-10 08:00:00+00:00,36.0,40.369388580322266
2022-08-10 09:00:00+00:00,49.0,32.03133773803711
2022-08-10 10:00:00+00:00,45.0,46.08522415161133
2022-08-10 11:00:00+00:00,35.0,44.64415740966797
2022-08-10 12:00:00+00:00,56.0,41.00595474243164
2022-08-10 13:00:00+00:00,27.0,43.499839782714844
2022-08-10 14:00:00+00:00,36.0,22.711849212646484
2022-08-10 15:00:00+00:00,26.0,29.894750595092773
2022-08-10 16:00:00+00:00,41.0,20.419321060180664
2022-08-10 17:00:00+00:00,15.0,32.09233856201172
2022-08-10 18:00:00+00:00,10.0,11.443233489990234
2022-08-10 19:00:00+00:00,8.0,6.625482082366943
2022-08-10 20:00:00+00:00,3.0,5.610236644744873
2022-08-10 21:00:00+00:00,2.0,1.9179978370666504
2022-08-10 22:00:00+00:00,1.0,0.299821674823761
2022-08-10 23:00:00+00:00,0.0,1.2644232511520386
2022-08-11 00:00:00+00:00,0.0,-0.6381310820579529
2022-08-11 01:00:00+00:00,6.0,0.003923654556274414
2022-08-11 02:00:00+00:00,4.0,16.84269142150879
2022-08-11 03:00:00+00:00,20.0,24.461421966552734
2022-08-11 04:00:00+00:00,25.0,21.257844924926758
2022-08-11 05:00:00+00:00,32.0,28.939361572265625
2022-08-11 06:00:00+00:00,44.0,30.558086395263672
2022-08-11 07:00:00+00:00,46.0,45.48933410644531
2022-08-11 08:00:00+00:00,46.0,49.74003601074219
2022-08-11 09:00:00+00:00,48.0,44.483245849609375
2022-08-11 10:00:00+00:00,60.0,45.35136413574219
2022-08-11 11:00:00+00:00,54.0,67.19217681884766
2022-08-11 12:00:00+00:00,75.0,58.98280334472656
2022-08-11 13:00:00+00:00,42.0,72.3545150756836
2022-08-11 14:00:00+00:00,44.0,38.7679443359375
2022-08-11 15:00:00+00:00,30.0,36.201358795166016
2022-08-11 16:00:00+00:00,29.0,23.334592819213867
2022-08-11 17:00:00+00:00,18.0,22.009267807006836
2022-08-11 18:00:00+00:00,16.0,13.114437103271484
2022-08-11 19:00:00+00:00,5.0,11.745400428771973
2022-08-11 20:00:00+00:00,4.0,3.5853912830352783
2022-08-11 21:00:00+00:00,4.0,2.109574556350708
2022-08-11 22:00:00+00:00,4.0,1.8722953796386719
2022-08-11 23:00:00+00:00,1.0,3.730053424835205
2022-08-12 00:00:00+00:00,1.0,-0.06974482536315918
2022-08-12 01:00:00+00:00,3.0,2.027395725250244
2022-08-12 02:00:00+00:00,8.0,11.802068710327148
2022-08-12 03:00:00+00:00,21.0,36.36385726928711
2022-08-12 04:00:00+00:00,25.0,24.903749465942383
2022-08-12 05:00:00+00:00,31.0,29.17562484741211
2022-08-12 06:00:00+00:00,41.0,34.126739501953125
2022-08-12 07:00:00+00:00,41.0,48.98482894897461
2022-08-12 08:00:00+00:00,52.0,44.25201416015625
2022-08-12 09:00:00+00:00,45.0,60.86831283569336
2022-08-12 10:00:00+00:00,47.0,42.744834899902344
2022-08-12 11:00:00+00:00,47.0,43.224754333496094
2022-08-12 12:00:00+00:00,73.0,51.995975494384766
2022-08-12 13:00:00+00:00,54.0,72.40785217285156
2022-08-12 14:00:00+00:00,30.0,45.470455169677734
2022-08-12 15:00:00+00:00,37.0,26.318675994873047
2022-08-12 16:00:00+00:00,16.0,26.44900894165039
2022-08-12 17:00:00+00:00,16.0,12.427762985229492
2022-08-12 18:00:00+00:00,9.0,13.268502235412598
2022-08-12 19:00:00+00:00,6.0,6.391693592071533
2022-08-12 20:00:00+00:00,17.0,3.6524598598480225
2022-08-12 21:00:00+00:00,10.0,12.165329933166504
2022-08-12 22:00:00+00:00,3.0,6.976180076599121
2022-08-12 23:00:00+00:00,1.0,1.9309582710266113
2022-08-13 00:00:00+00:00,0.0,1.5461697578430176
2022-08-13 01:00:00+00:00,0.0,-0.6119388937950134
2022-08-13 02:00:00+00:00,1.0,-0.9043683409690857
2022-08-13 03:00:00+00:00,2.0,3.9833319187164307
2022-08-13 04:00:00+00:00,15.0,2.001070499420166
2022-08-13 05:00:00+00:00,20.0,31.914400100708008
2022-08-13 06:00:00+00:00,44.0,41.4730224609375
2022-08-13 07:00:00+00:00,51.0,66.31027221679688
2022-08-13 08:00:00+00:00,51.0,70.7996597290039
2022-08-13 09:00:00+00:00,39.0,64.04159545898438
2022-08-13 10:00:00+00:00,37.0,37.02239227294922
2022-08-13 11:00:00+00:00,36.0,31.348657608032227
2022-08-13 12:00:00+00:00,28.0,33.37879180908203
2022-08-13 13:00:00+00:00,28.0,26.874114990234375
2022-08-13 14:00:00+00:00,23.0,25.897825241088867
2022-08-13 15:00:00+00:00,36.0,21.181596755981445
2022-08-13 16:00:00+00:00,24.0,28.22209930419922
2022-08-13 17:00:00+00:00,18.0,17.648048400878906
2022-08-13 18:00:00+00:00,15.0,12.781559944152832
2022-08-13 19:00:00+00:00,4.0,9.650796890258789
2022-08-13 20:00:00+00:00,15.0,3.0488054752349854
2022-08-13 21:00:00+00:00,11.0,11.164952278137207
2022-08-13 22:00:00+00:00,7.0,9.055904388427734
2022-08-13 23:00:00+00:00,2.0,5.9159417152404785
2022-08-14 00:00:00+00:00,0.0,3.1189939975738525
2022-08-14 01:00:00+00:00,1.0,-0.615048348903656
2022-08-14 02:00:00+00:00,3.0,0.45524436235427856
2022-08-14 03:00:00+00:00,5.0,6.533627033233643
2022-08-14 04:00:00+00:00,6.0,9.0621337890625
2022-08-14 05:00:00+00:00,16.0,10.440251350402832
2022-08-14 06:00:00+00:00,13.0,29.806583404541016
2022-08-14 07:00:00+00:00,40.0,21.69833755493164
2022-08-14 08:00:00+00:00,48.0,61.61592483520508
2022-08-14 09:00:00+00:00,56.0,65.88916015625
2022-08-14 10:00:00+00:00,70.0,68.82266235351562
2022-08-14 11:00:00+00:00,58.0,80.0306167602539
2022-08-14 12:00:00+00:00,69.0,61.87798309326172
2022-08-14 13:00:00+00:00,67.0,71.23440551757812
2022-08-14 14:00:00+00:00,57.0,64.13883972167969
2022-08-14 15:00:00+00:00,57.0,46.74123001098633
2022-08-14 16:00:00+00:00,57.0,38.69297409057617
2022-08-14 17:00:00+00:00,52.0,36.670188903808594
2022-08-14 18:00:00+00:00,15.0,36.40778732299805
2022-08-14 19:00:00+00:00,10.0,8.807254791259766
2022-08-14 20:00:00+00:00,4.0,4.184438705444336
2022-08-14 21:00:00+00:00,2.5,1.3280390501022339
2022-08-14 22:00:00+00:00,1.0,0.5811412930488586
2022-08-14 23:00:00+00:00,0.0,1.5360738039016724
2022-08-15 00:00:00+00:00,1.0,0.06471151113510132
2022-08-15 01:00:00+00:00,3.0,4.1439714431762695
2022-08-15 02:00:00+00:00,19.0,11.65522575378418
2022-08-15 03:00:00+00:00,48.0,74.91265106201172
2022-08-15 04:00:00+00:00,32.0,57.07868194580078
2022-08-15 05:00:00+00:00,31.0,36.76787567138672
2022-08-15 06:00:00+00:00,30.0,30.619977951049805
2022-08-15 07:00:00+00:00,37.0,29.43603515625
2022-08-15 08:00:00+00:00,29.0,35.09642791748047
2022-08-15 09:00:00+00:00,38.0,25.469850540161133
2022-08-15 10:00:00+00:00,44.0,32.461185455322266
2022-08-15 11:00:00+00:00,30.0,44.74671173095703
2022-08-15 12:00:00+00:00,57.0,35.772953033447266
2022-08-15 13:00:00+00:00,37.0,43.81693649291992
2022-08-15 14:00:00+00:00,36.0,32.41944885253906
2022-08-15 15:00:00+00:00,18.0,30.25721549987793
2022-08-15 16:00:00+00:00,17.0,14.259161949157715
2022-08-15 17:00:00+00:00,12.0,14.090102195739746
2022-08-15 18:00:00+00:00,5.0,9.225024223327637
2022-08-15 19:00:00+00:00,4.0,2.5467538833618164
2022-08-15 20:00:00+00:00,4.0,3.169921875
2022-08-15 21:00:00+00:00,2.0,3.365583658218384
2022-08-15 22:00:00+00:00,0.0,0.8898681402206421
2022-08-15 23:00:00+00:00,0.0,-0.06276887655258179
2022-08-16 00:00:00+00:00,0.0,-0.22246068716049194
2022-08-16 01:00:00+00:00,4.0,1.3889927864074707
2022-08-16 02:00:00+00:00,4.0,13.593761444091797
2022-08-16 03:00:00+00:00,42.0,24.299222946166992
2022-08-16 04:00:00+00:00,27.0,50.041839599609375
2022-08-16 05:00:00+00:00,40.0,27.41355323791504
2022-08-16 06:00:00+00:00,29.0,49.29964065551758
2022-08-16 07:00:00+00:00,28.0,29.750009536743164
2022-08-16 08:00:00+00:00,37.0,28.47212028503418
2022-08-16 09:00:00+00:00,36.0,32.701698303222656
2022-08-16 10:00:00+00:00,29.0,31.815031051635742
2022-08-16 11:00:00+00:00,43.0,31.720123291015625
2022-08-16 12:00:00+00:00,45.0,51.33395767211914
2022-08-16 13:00:00+00:00,29.0,36.39681625366211
2022-08-16 14:00:00+00:00,33.0,23.746479034423828
2022-08-16 15:00:00+00:00,19.0,26.464277267456055
2022-08-16 16:00:00+00:00,18.0,14.632912635803223
2022-08-16 17:00:00+00:00,18.0,14.291224479675293
2022-08-16 18:00:00+00:00,9.0,12.76737117767334
2022-08-16 19:00:00+00:00,2.0,5.579659461975098
2022-08-16 20:00:00+00:00,4.0,1.5502912998199463
2022-08-16 21:00:00+00:00,2.0,3.51019024848938
2022-08-16 22:00:00+00:00,0.0,0.7664974927902222
2022-08-16 23:00:00+00:00,2.0,0.09405630826950073
2022-08-17 00:00:00+00:00,0.0,2.434312343597412
2022-08-17 01:00:00+00:00,3.0,0.30968207120895386
2022-08-17 02:00:00+00:00,9.0,12.06447982788086
2022-08-17 03:00:00+00:00,32.0,37.75343322753906
2022-08-17 04:00:00+00:00,50.0,41.38208770751953
2022-08-17 05:00:00+00:00,34.0,59.183143615722656
2022-08-17 06:00:00+00:00,33.0,42.097869873046875
2022-08-17 07:00:00+00:00,49.0,33.550140380859375
2022-08-17 08:00:00+00:00,37.0,54.04342269897461
2022-08-17 09:00:00+00:00,28.0,34.25008773803711
2022-08-17 10:00:00+00:00,42.0,28.08961296081543
2022-08-17 11:00:00+00:00,29.0,45.06669235229492
2022-08-17 12:00:00+00:00,54.0,39.61994552612305
2022-08-17 13:00:00+00:00,31.0,42.012332916259766
2022-08-17 14:00:00+00:00,29.0,25.5097713470459
2022-08-17 15:00:00+00:00,25.0,22.895870208740234
2022-08-17 16:00:00+00:00,21.0,19.412710189819336
2022-08-17 17:00:00+00:00,15.0,15.920965194702148
2022-08-17 18:00:00+00:00,10.0,11.470053672790527
2022-08-17 19:00:00+00:00,5.0,6.3509063720703125
2022-08-17 20:00:00+00:00,7.0,3.747408151626587
2022-08-17 21:00:00+00:00,4.0,5.523629665374756
2022-08-17 22:00:00+00:00,1.0,2.086503505706787
2022-08-17 23:00:00+00:00,1.0,1.1748632192611694
2022-08-18 00:00:00+00:00,0.0,0.24880969524383545
2022-08-18 01:00:00+00:00,4.0,-0.3245089650154114
2022-08-18 02:00:00+00:00,8.0,13.945905685424805
2022-08-18 03:00:00+00:00,36.0,35.70967483520508
2022-08-18 04:00:00+00:00,36.0,46.924922943115234
2022-08-18 05:00:00+00:00,26.0,38.63160705566406
2022-08-18 06:00:00+00:00,40.0,27.84212303161621
2022-08-18 07:00:00+00:00,38.0,36.694732666015625
2022-08-18 08:00:00+00:00,50.0,36.54819107055664
2022-08-18 09:00:00+00:00,29.0,53.51140594482422
2022-08-18 10:00:00+00:00,29.0,28.599573135375977
2022-08-18 11:00:00+00:00,35.0,33.76999282836914
2022-08-18 12:00:00+00:00,51.0,46.57796859741211
2022-08-18 13:00:00+00:00,30.0,41.49579620361328
2022-08-18 14:00:00+00:00,27.0,26.635744094848633
2022-08-18 15:00:00+00:00,30.0,21.628435134887695
2022-08-18 16:00:00+00:00,17.0,23.258745193481445
2022-08-18 17:00:00+00:00,6.0,13.710036277770996
2022-08-18 18:00:00+00:00,6.0,4.034206867218018
2022-08-18 19:00:00+00:00,3.0,3.209594964981079
2022-08-18 20:00:00+00:00,2.0,1.9772429466247559
2022-08-18 21:00:00+00:00,1.0,1.3341195583343506
2022-08-18 22:00:00+00:00,0.0,-0.06293386220932007
2022-08-18 23:00:00+00:00,0.0,0.3514379858970642
2022-08-19 00:00:00+00:00,0.0,-0.6820213198661804
2022-08-19 01:00:00+00:00,4.0,-0.41774457693099976
2022-08-19 02:00:00+00:00,7.0,14.46303939819336
2022-08-19 03:00:00+00:00,32.0,33.92146301269531
2022-08-19 04:00:00+00:00,34.0,45.873931884765625
2022-08-19 05:00:00+00:00,39.0,45.30796813964844
2022-08-19 06:00:00+00:00,40.0,52.23991775512695
2022-08-19 07:00:00+00:00,30.0,42.520355224609375
2022-08-19 08:00:00+00:00,48.0,32.711265563964844
2022-08-19 09:00:00+00:00,32.0,54.73880386352539
2022-08-19 10:00:00+00:00,53.0,30.838714599609375
2022-08-19 11:00:00+00:00,55.0,58.14398956298828
2022-08-19 12:00:00+00:00,57.0,61.268707275390625
2022-08-19 13:00:00+00:00,50.0,42.86868667602539
2022-08-19 14:00:00+00:00,47.0,45.77363204956055
2022-08-19 15:00:00+00:00,23.0,39.04998779296875
2022-08-19 16:00:00+00:00,20.0,16.968442916870117
2022-08-19 17:00:00+00:00,15.0,15.259294509887695
2022-08-19 18:00:00+00:00,8.0,11.790386199951172
2022-08-19 19:00:00+00:00,3.0,5.294360637664795
2022-08-19 20:00:00+00:00,3.0,1.398453950881958
2022-08-19 21:00:00+00:00,2.5,1.5404908657073975
2022-08-19 22:00:00+00:00,2.0,1.5119110345840454
2022-08-19 23:00:00+00:00,1.0,1.4495949745178223
2022-08-20 00:00:00+00:00,0.0,1.2661685943603516
2022-08-20 01:00:00+00:00,1.0,-0.7291359305381775
2022-08-20 02:00:00+00:00,1.0,0.11403137445449829
2022-08-20 03:00:00+00:00,6.0,5.863223075866699
2022-08-20 04:00:00+00:00,5.0,12.340659141540527
2022-08-20 05:00:00+00:00,22.0,12.684783935546875
2022-08-20 06:00:00+00:00,32.0,41.69657516479492
2022-08-20 07:00:00+00:00,71.0,45.1669807434082
2022-08-20 08:00:00+00:00,54.0,92.22279357910156
2022-08-20 09:00:00+00:00,41.0,66.14173889160156
2022-08-20 10:00:00+00:00,25.0,39.9520263671875
2022-08-20 11:00:00+00:00,36.0,25.489906311035156
2022-08-20 12:00:00+00:00,26.0,33.96736145019531
2022-08-20 13:00:00+00:00,32.0,24.262174606323242
2022-08-20 14:00:00+00:00,29.0,27.153827667236328
2022-08-20 15:00:00+00:00,16.0,24.19181251525879
2022-08-20 16:00:00+00:00,11.0,12.145349502563477
2022-08-20 17:00:00+00:00,8.0,7.316094398498535
2022-08-20 18:00:00+00:00,3.0,5.468889236450195
2022-08-20 19:00:00+00:00,10.0,2.1093616485595703
2022-08-20 20:00:00+00:00,5.0,8.484990119934082
2022-08-20 21:00:00+00:00,6.0,3.7495155334472656
2022-08-20 22:00:00+00:00,7.0,4.90183162689209
2022-08-20 23:00:00+00:00,3.0,5.950302600860596
2022-08-21 00:00:00+00:00,2.0,3.5816924571990967
2022-08-21 01:00:00+00:00,2.0,1.8249216079711914
2022-08-21 02:00:00+00:00,3.0,1.7846482992172241
2022-08-21 03:00:00+00:00,4.0,6.118964195251465
2022-08-21 04:00:00+00:00,1.0,7.660064220428467
2022-08-21 05:00:00+00:00,10.0,-0.5445494055747986
2022-08-21 06:00:00+00:00,23.0,21.043109893798828
2022-08-21 07:00:00+00:00,27.0,42.7634391784668
2022-08-21 08:00:00+00:00,48.0,37.616859436035156
2022-08-21 09:00:00+00:00,47.0,65.4401626586914
2022-08-21 10:00:00+00:00,52.0,55.410240173339844
2022-08-21 11:00:00+00:00,51.0,58.79969024658203
2022-08-21 12:00:00+00:00,67.0,53.87804412841797
2022-08-21 13:00:00+00:00,60.0,69.46722412109375
2022-08-21 14:00:00+00:00,42.0,58.563514709472656
2022-08-21 15:00:00+00:00,29.0,37.75189971923828
2022-08-21 16:00:00+00:00,30.0,26.25313377380371
2022-08-21 17:00:00+00:00,22.0,22.541866302490234
2022-08-21 18:00:00+00:00,12.0,15.62685775756836
2022-08-21 19:00:00+00:00,3.0,5.581521987915039
2022-08-21 20:00:00+00:00,2.0,1.1953456401824951
2022-08-21 21:00:00+00:00,1.5,0.5397653579711914
2022-08-21 22:00:00+00:00,1.0,0.5295757055282593
2022-08-21 23:00:00+00:00,0.0,1.5056431293487549
2022-08-22 00:00:00+00:00,0.0,0.4563303589820862
2022-08-22 01:00:00+00:00,8.0,1.7950043678283691
2022-08-22 02:00:00+00:00,11.0,19.858749389648438
2022-08-22 03:00:00+00:00,52.0,41.704383850097656
2022-08-22 04:00:00+00:00,34.0,67.13955688476562
2022-08-22 05:00:00+00:00,40.0,27.012414932250977
2022-08-22 06:00:00+00:00,35.0,49.19929504394531
2022-08-22 07:00:00+00:00,35.0,32.97691345214844
2022-08-22 08:00:00+00:00,32.0,33.173397064208984
2022-08-22 09:00:00+00:00,33.0,28.97364616394043
2022-08-22 10:00:00+00:00,26.0,29.724538803100586
2022-08-22 11:00:00+00:00,27.0,27.804407119750977
2022-08-22 12:00:00+00:00,55.0,36.3239631652832
2022-08-22 13:00:00+00:00,35.0,42.799827575683594
2022-08-22 14:00:00+00:00,21.0,29.071460723876953
2022-08-22 15:00:00+00:00,25.0,15.530008316040039
2022-08-22 16:00:00+00:00,11.0,18.48593521118164
2022-08-22 17:00:00+00:00,25.0,9.713785171508789
2022-08-22 18:00:00+00:00,7.0,16.668899536132812
2022-08-22 19:00:00+00:00,1.0,4.2309675216674805
2022-08-22 20:00:00+00:00,4.0,1.1085162162780762
2022-08-22 21:00:00+00:00,2.0,4.050541400909424
2022-08-22 22:00:00+00:00,0.0,0.9590088129043579
2022-08-22 23:00:00+00:00,0.0,0.13328295946121216
2022-08-23 00:00:00+00:00,2.0,0.01965552568435669
2022-08-23 01:00:00+00:00,3.0,5.007346153259277
2022-08-23 02:00:00+00:00,12.0,12.447515487670898
2022-08-23 03:00:00+00:00,39.0,44.50468826293945
2022-08-23 04:00:00+00:00,44.0,55.227745056152344
2022-08-23 05:00:00+00:00,27.0,49.09358215332031
2022-08-23 06:00:00+00:00,24.0,31.124324798583984
2022-08-23 07:00:00+00:00,38.0,23.990074157714844
2022-08-23 08:00:00+00:00,34.0,39.961341857910156
2022-08-23 09:00:00+00:00,35.0,32.919578552246094
2022-08-23 10:00:00+00:00,41.0,32.428592681884766
2022-08-23 11:00:00+00:00,53.0,45.47437286376953
2022-08-23 12:00:00+00:00,51.0,76.9337158203125
2022-08-23 13:00:00+00:00,36.0,40.65918731689453
2022-08-23 14:00:00+00:00,22.0,30.334980010986328
2022-08-23 15:00:00+00:00,23.0,16.97331428527832
2022-08-23 16:00:00+00:00,22.0,16.755884170532227
2022-08-23 17:00:00+00:00,22.0,16.181228637695312
2022-08-23 18:00:00+00:00,8.0,15.164557456970215
2022-08-23 19:00:00+00:00,4.0,4.3098015785217285
2022-08-23 20:00:00+00:00,4.0,3.365804672241211
2022-08-23 21:00:00+00:00,2.5,3.645681619644165
2022-08-23 22:00:00+00:00,1.0,1.327307105064392
2022-08-23 23:00:00+00:00,1.0,1.1938824653625488
2022-08-24 00:00:00+00:00,0.0,1.2306077480316162
2022-08-24 01:00:00+00:00,2.0,0.9314301013946533
2022-08-24 02:00:00+00:00,12.0,9.806133270263672
2022-08-24 03:00:00+00:00,50.0,46.76808547973633
2022-08-24 04:00:00+00:00,43.0,63.630062103271484
2022-08-24 05:00:00+00:00,29.0,50.663421630859375
2022-08-24 06:00:00+00:00,39.0,31.698001861572266
2022-08-24 07:00:00+00:00,29.0,42.90032196044922
2022-08-24 08:00:00+00:00,41.0,29.621376037597656
2022-08-24 09:00:00+00:00,39.0,42.49566650390625
2022-08-24 10:00:00+00:00,39.0,39.43845748901367
2022-08-24 11:00:00+00:00,32.0,43.76317596435547
2022-08-24 12:00:00+00:00,40.0,48.86853790283203
2022-08-24 13:00:00+00:00,38.0,32.27678680419922
2022-08-24 14:00:00+00:00,29.0,33.17132568359375
2022-08-24 15:00:00+00:00,21.0,23.841585159301758
2022-08-24 16:00:00+00:00,17.0,15.863269805908203
2022-08-24 17:00:00+00:00,14.0,12.694665908813477
2022-08-24 18:00:00+00:00,15.0,10.165417671203613
2022-08-24 19:00:00+00:00,6.0,9.610687255859375
2022-08-24 20:00:00+00:00,2.0,5.034654140472412
2022-08-24 21:00:00+00:00,1.5,1.3423755168914795
2022-08-24 22:00:00+00:00,1.0,0.854062020778656
2022-08-24 23:00:00+00:00,0.0,1.512592077255249
2022-08-25 00:00:00+00:00,1.0,-0.14064794778823853
2022-08-25 01:00:00+00:00,1.0,2.9073326587677
2022-08-25 02:00:00+00:00,9.0,6.923567771911621
2022-08-25 03:00:00+00:00,46.0,38.196468353271484
2022-08-25 04:00:00+00:00,40.0,63.12097930908203
2022-08-25 05:00:00+00:00,46.0,50.624080657958984
2022-08-25 06:00:00+00:00,31.0,56.967533111572266
2022-08-25 07:00:00+00:00,24.0,31.953340530395508
2022-08-25 08:00:00+00:00,37.0,24.36224937438965
2022-08-25 09:00:00+00:00,35.0,36.654747009277344
2022-08-25 10:00:00+00:00,51.0,36.59047317504883
2022-08-25 11:00:00+00:00,47.0,58.22916030883789
2022-08-25 12:00:00+00:00,46.0,57.954872131347656
2022-08-25 13:00:00+00:00,47.0,42.600223541259766
2022-08-25 14:00:00+00:00,19.0,47.17021560668945
2022-08-25 15:00:00+00:00,31.0,15.277911186218262
2022-08-25 16:00:00+00:00,10.0,24.214275360107422
2022-08-25 17:00:00+00:00,11.0,8.498966217041016
2022-08-25 18:00:00+00:00,11.0,8.38371467590332
2022-08-25 19:00:00+00:00,2.0,6.721347332000732
2022-08-25 20:00:00+00:00,6.0,1.2748699188232422
2022-08-25 21:00:00+00:00,3.5,4.0530476570129395
2022-08-25 22:00:00+00:00,1.0,1.8520312309265137
2022-08-25 23:00:00+00:00,1.0,1.4656438827514648
2022-08-26 00:00:00+00:00,1.0,0.8921206593513489
2022-08-26 01:00:00+00:00,2.0,2.760021209716797
2022-08-26 02:00:00+00:00,8.0,9.592318534851074
2022-08-26 03:00:00+00:00,33.0,36.55624008178711
2022-08-26 04:00:00+00:00,24.0,52.90689468383789
2022-08-26 05:00:00+00:00,28.0,31.6584415435791
2022-08-26 06:00:00+00:00,41.0,33.75197982788086
2022-08-26 07:00:00+00:00,38.0,49.28313446044922
2022-08-26 08:00:00+00:00,46.0,42.496158599853516
2022-08-26 09:00:00+00:00,33.0,57.35693359375
2022-08-26 10:00:00+00:00,30.0,36.51055145263672
2022-08-26 11:00:00+00:00,57.0,37.73802185058594
2022-08-26 12:00:00+00:00,79.0,69.66859436035156
2022-08-26 13:00:00+00:00,55.0,89.13638305664062
2022-08-26 14:00:00+00:00,41.0,51.36979675292969
2022-08-26 15:00:00+00:00,34.0,35.980106353759766
2022-08-26 16:00:00+00:00,20.0,24.577106475830078
2022-08-26 17:00:00+00:00,15.0,13.706111907958984
2022-08-26 18:00:00+00:00,7.0,10.635486602783203
2022-08-26 19:00:00+00:00,7.0,4.819383144378662
2022-08-26 20:00:00+00:00,5.0,4.119540214538574
2022-08-26 21:00:00+00:00,2.5,3.727196216583252
2022-08-26 22:00:00+00:00,0.0,1.4354759454727173
2022-08-26 23:00:00+00:00,2.0,-0.4370599389076233
2022-08-27 00:00:00+00:00,2.0,2.6935713291168213
2022-08-27 01:00:00+00:00,1.0,1.7596426010131836
2022-08-27 02:00:00+00:00,10.0,1.302948236465454
2022-08-27 03:00:00+00:00,8.0,19.38837242126465
2022-08-27 04:00:00+00:00,23.0,16.15818977355957
2022-08-27 05:00:00+00:00,54.0,40.963218688964844
2022-08-27 06:00:00+00:00,35.0,91.95201873779297
2022-08-27 07:00:00+00:00,40.0,50.874427795410156
2022-08-27 08:00:00+00:00,41.0,49.2200927734375
2022-08-27 09:00:00+00:00,35.0,48.38389205932617
2022-08-27 10:00:00+00:00,34.0,35.96074295043945
2022-08-27 11:00:00+00:00,26.0,31.261903762817383
2022-08-27 12:00:00+00:00,28.0,24.686656951904297
2022-08-27 13:00:00+00:00,31.0,25.689537048339844
2022-08-27 14:00:00+00:00,24.0,27.102575302124023
2022-08-27 15:00:00+00:00,31.0,20.264225006103516
2022-08-27 16:00:00+00:00,22.0,21.713960647583008
2022-08-27 17:00:00+00:00,7.0,15.345856666564941
2022-08-27 18:00:00+00:00,15.0,4.784114837646484
2022-08-27 19:00:00+00:00,5.0,10.306645393371582
2022-08-27 20:00:00+00:00,7.0,4.304335117340088
2022-08-27 21:00:00+00:00,4.5,5.129495620727539
2022-08-27 22:00:00+00:00,2.0,3.385735273361206
2022-08-27 23:00:00+00:00,1.0,1.541990041732788
2022-08-28 00:00:00+00:00,0.0,1.7761435508728027
2022-08-28 01:00:00+00:00,2.0,-0.7034873366355896
2022-08-28 02:00:00+00:00,0.0,2.576244354248047
2022-08-28 03:00:00+00:00,8.0,1.4181504249572754
2022-08-28 04:00:00+00:00,7.0,14.059966087341309
2022-08-28 05:00:00+00:00,13.0,12.070596694946289
2022-08-28 06:00:00+00:00,13.0,25.242328643798828
2022-08-28 07:00:00+00:00,34.0,23.882671356201172
2022-08-28 08:00:00+00:00,42.0,52.28657531738281
2022-08-28 09:00:00+00:00,41.0,58.64452362060547
2022-08-28 10:00:00+00:00,64.0,49.12888717651367
2022-08-28 11:00:00+00:00,52.0,77.27041625976562
2022-08-28 12:00:00+00:00,66.0,57.75168991088867
2022-08-28 13:00:00+00:00,66.0,69.95826721191406
2022-08-28 14:00:00+00:00,55.0,64.73308563232422
2022-08-28 15:00:00+00:00,63.0,49.84114074707031
2022-08-28 16:00:00+00:00,32.0,53.254493713378906
2022-08-28 17:00:00+00:00,19.0,23.3205509185791
2022-08-28 18:00:00+00:00,10.0,12.80329704284668
2022-08-28 19:00:00+00:00,7.0,3.6205945014953613
2022-08-28 20:00:00+00:00,3.0,3.4611685276031494
2022-08-28 21:00:00+00:00,1.5,1.1424285173416138
2022-08-28 22:00:00+00:00,0.0,0.5905228853225708
2022-08-28 23:00:00+00:00,1.0,0.433973491191864
2022-08-29 00:00:00+00:00,0.0,1.9786689281463623
2022-08-29 01:00:00+00:00,5.0,1.840829849243164
2022-08-29 02:00:00+00:00,13.0,15.471792221069336
2022-08-29 03:00:00+00:00,59.0,49.302913665771484
2022-08-29 04:00:00+00:00,53.0,74.73500061035156
2022-08-29 05:00:00+00:00,37.0,59.095130920410156
2022-08-29 06:00:00+00:00,39.0,44.4111213684082
2022-08-29 07:00:00+00:00,30.0,39.07518005371094
2022-08-29 08:00:00+00:00,39.0,30.091428756713867
2022-08-29 09:00:00+00:00,27.0,38.05770492553711
2022-08-29 10:00:00+00:00,24.0,29.079998016357422
2022-08-29 11:00:00+00:00,43.0,26.866670608520508
2022-08-29 12:00:00+00:00,51.0,54.33720397949219
2022-08-29 13:00:00+00:00,33.0,39.94696044921875
2022-08-29 14:00:00+00:00,25.0,25.49068832397461
2022-08-29 15:00:00+00:00,20.0,20.59575080871582
2022-08-29 16:00:00+00:00,27.0,15.084617614746094
2022-08-29 17:00:00+00:00,18.0,18.781295776367188
2022-08-29 18:00:00+00:00,7.0,12.923759460449219
2022-08-29 19:00:00+00:00,7.0,3.72798752784729
2022-08-29 20:00:00+00:00,1.0,6.021688938140869
2022-08-29 21:00:00+00:00,0.5,1.17879056930542
2022-08-29 22:00:00+00:00,0.0,-0.011507809162139893
2022-08-29 23:00:00+00:00,1.0,0.07699918746948242
2022-08-30 00:00:00+00:00,0.0,1.495140790939331
2022-08-30 01:00:00+00:00,5.0,1.5552093982696533
2022-08-30 02:00:00+00:00,11.0,15.385503768920898
2022-08-30 03:00:00+00:00,41.0,43.328121185302734
2022-08-30 04:00:00+00:00,43.0,60.164581298828125
2022-08-30 05:00:00+00:00,37.0,49.06403732299805
2022-08-30 06:00:00+00:00,37.0,47.17241668701172
2022-08-30 07:00:00+00:00,33.0,34.802459716796875
2022-08-30 08:00:00+00:00,35.0,32.177486419677734
2022-08-30 09:00:00+00:00,31.0,34.28622055053711
2022-08-30 10:00:00+00:00,33.0,29.802684783935547
2022-08-30 11:00:00+00:00,36.0,37.155879974365234
2022-08-30 12:00:00+00:00,46.0,50.86100769042969
2022-08-30 13:00:00+00:00,28.0,38.33901596069336
2022-08-30 14:00:00+00:00,38.0,21.52606773376465
2022-08-30 15:00:00+00:00,25.0,32.735694885253906
2022-08-30 16:00:00+00:00,13.0,18.711528778076172
2022-08-30 17:00:00+00:00,19.0,10.912822723388672
2022-08-30 18:00:00+00:00,14.0,13.416023254394531
2022-08-30 19:00:00+00:00,3.0,8.410467147827148
2022-08-30 20:00:00+00:00,1.0,2.3323962688446045
2022-08-30 21:00:00+00:00,0.5,0.9080520272254944
2022-08-30 22:00:00+00:00,0.0,-0.14626985788345337
2022-08-30 23:00:00+00:00,0.0,0.16455060243606567
2022-08-31 00:00:00+00:00,0.0,-0.38904625177383423
2022-08-31 01:00:00+00:00,2.0,0.984081506729126
2022-08-31 02:00:00+00:00,9.0,10.029025077819824
2022-08-31 03:00:00+00:00,37.0,37.545623779296875
2022-08-31 04:00:00+00:00,51.0,56.638916015625
2022-08-31 05:00:00+00:00,28.0,58.53784942626953
2022-08-31 06:00:00+00:00,41.0,30.599151611328125
2022-08-31 07:00:00+00:00,26.0,43.51273727416992
2022-08-31 08:00:00+00:00,45.0,27.074478149414062
2022-08-31 09:00:00+00:00,44.0,49.31063461303711
2022-08-31 10:00:00+00:00,37.0,46.800086975097656
2022-08-31 11:00:00+00:00,41.0,40.687767028808594
2022-08-31 12:00:00+00:00,56.0,52.641780853271484
2022-08-31 13:00:00+00:00,46.0,43.32032775878906
2022-08-31 14:00:00+00:00,33.0,40.788330078125
2022-08-31 15:00:00+00:00,28.0,27.05531883239746
2022-08-31 16:00:00+00:00,18.0,21.740070343017578
2022-08-31 17:00:00+00:00,13.0,14.055908203125
2022-08-31 18:00:00+00:00,3.0,9.44876766204834
2022-08-31 19:00:00+00:00,6.0,0.5590382814407349
2022-08-31 20:00:00+00:00,6.0,4.379215717315674
2022-08-31 21:00:00+00:00,-1.0,4.855149269104004
2022-08-31 22:00:00+00:00,-1.0,-0.8760132193565369
2022-08-31 23:00:00+00:00,-1.0,-0.3980160355567932
2022-09-01 00:00:00+00:00,-1.0,-1.0794196128845215
2022-09-01 01:00:00+00:00,-1.0,-0.870971143245697
2022-09-01 02:00:00+00:00,-1.0,0.4533100724220276
2022-09-01 03:00:00+00:00,-1.0,-0.7323127388954163
2022-09-01 04:00:00+00:00,-1.0,-0.8508591055870056
2022-09-01 05:00:00+00:00,-1.0,-0.8547120690345764
2022-09-01 06:00:00+00:00,-1.0,-0.9296854138374329
2022-09-01 07:00:00+00:00,-1.0,-1.1016151905059814
2022-09-01 08:00:00+00:00,-1.0,-1.061913013458252
2022-09-01 09:00:00+00:00,-1.0,-1.0623531341552734
2022-09-01 10:00:00+00:00,-1.0,-1.077854871749878
2022-09-01 11:00:00+00:00,-1.0,-1.0483665466308594
2022-09-01 12:00:00+00:00,-1.0,-1.0528733730316162
2022-09-01 13:00:00+00:00,-1.0,-1.0459270477294922
2022-09-01 14:00:00+00:00,-1.0,-0.9657930731773376
2022-09-01 15:00:00+00:00,-1.0,-0.9968107342720032
2022-09-01 16:00:00+00:00,-1.0,-0.9996609091758728
2022-09-01 17:00:00+00:00,-1.0,-0.9594162106513977
2022-09-01 18:00:00+00:00,-1.0,-1.0374433994293213
2022-09-01 19:00:00+00:00,-1.0,-1.0496406555175781
2022-09-01 20:00:00+00:00,-1.0,-0.8948354125022888
2022-09-01 21:00:00+00:00,-1.0,-0.8999211192131042
2022-09-01 22:00:00+00:00,0.0,-0.8795623183250427
2022-09-01 23:00:00+00:00,1.0,0.32376474142074585
2022-09-02 00:00:00+00:00,1.0,1.135014295578003
2022-09-02 01:00:00+00:00,3.0,2.2117161750793457
2022-09-02 02:00:00+00:00,10.0,11.84984302520752
2022-09-02 03:00:00+00:00,36.0,40.92460632324219
2022-09-02 04:00:00+00:00,39.0,52.980167388916016
2022-09-02 05:00:00+00:00,34.0,54.53485870361328
2022-09-02 06:00:00+00:00,45.0,44.21917724609375
2022-09-02 07:00:00+00:00,41.0,56.379703521728516
2022-09-02 08:00:00+00:00,44.0,46.43032455444336
2022-09-02 09:00:00+00:00,40.0,52.90468978881836
2022-09-02 10:00:00+00:00,32.0,43.599266052246094
2022-09-02 11:00:00+00:00,63.0,39.37836456298828
2022-09-02 12:00:00+00:00,83.0,76.32842254638672
2022-09-02 13:00:00+00:00,58.0,93.39066314697266
2022-09-02 14:00:00+00:00,40.0,49.95939636230469
2022-09-02 15:00:00+00:00,29.0,36.12318801879883
2022-09-02 16:00:00+00:00,24.0,21.60466194152832
2022-09-02 17:00:00+00:00,13.0,17.706266403198242
2022-09-02 18:00:00+00:00,15.0,10.025911331176758
2022-09-02 19:00:00+00:00,3.0,10.771596908569336
2022-09-02 20:00:00+00:00,3.0,1.9195773601531982
2022-09-02 21:00:00+00:00,3.5,2.0487802028656006
2022-09-02 22:00:00+00:00,4.0,2.315617561340332
2022-09-02 23:00:00+00:00,2.0,3.5703248977661133
2022-09-03 00:00:00+00:00,1.0,2.8640623092651367
2022-09-03 01:00:00+00:00,2.0,-0.011793196201324463
2022-09-03 02:00:00+00:00,4.0,3.1339268684387207
2022-09-03 03:00:00+00:00,4.0,11.988850593566895
2022-09-03 04:00:00+00:00,10.0,9.016814231872559
2022-09-03 05:00:00+00:00,25.0,23.11399269104004
2022-09-03 06:00:00+00:00,37.0,45.086204528808594
2022-09-03 07:00:00+00:00,47.0,56.141910552978516
2022-09-03 08:00:00+00:00,48.0,67.3049087524414
2022-09-03 09:00:00+00:00,39.0,63.8631591796875
2022-09-03 10:00:00+00:00,28.0,41.89757537841797
2022-09-03 11:00:00+00:00,31.0,28.205570220947266
2022-09-03 12:00:00+00:00,28.0,30.61737823486328
2022-09-03 13:00:00+00:00,29.0,25.368139266967773
2022-09-03 14:00:00+00:00,30.0,26.151966094970703
2022-09-03 15:00:00+00:00,23.0,26.40283966064453
2022-09-03 16:00:00+00:00,16.0,16.965932846069336
2022-09-03 17:00:00+00:00,14.0,10.909168243408203
2022-09-03 18:00:00+00:00,9.0,9.637239456176758
2022-09-03 19:00:00+00:00,6.0,5.737199306488037
2022-09-03 20:00:00+00:00,7.0,5.413423538208008
2022-09-03 21:00:00+00:00,6.0,5.842068672180176
2022-09-03 22:00:00+00:00,5.0,5.001405239105225
2022-09-03 23:00:00+00:00,4.0,4.438028812408447
2022-09-04 00:00:00+00:00,1.0,4.124571323394775
2022-09-04 01:00:00+00:00,0.0,0.49538373947143555
2022-09-04 02:00:00+00:00,1.0,-0.3750876784324646
2022-09-04 03:00:00+00:00,3.0,3.397167921066284
2022-09-04 04:00:00+00:00,6.0,7.127387523651123
2022-09-04 05:00:00+00:00,7.0,10.566963195800781
2022-09-04 06:00:00+00:00,20.0,16.819000244140625
2022-09-04 07:00:00+00:00,34.0,37.531558990478516
2022-09-04 08:00:00+00:00,51.0,51.86576843261719
2022-09-04 09:00:00+00:00,40.0,74.29061889648438
2022-09-04 10:00:00+00:00,71.0,49.76277542114258
2022-09-04 11:00:00+00:00,51.0,86.00672149658203
2022-09-04 12:00:00+00:00,69.0,57.10887145996094
2022-09-04 13:00:00+00:00,84.0,74.09081268310547
2022-09-04 14:00:00+00:00,56.0,86.04265594482422
2022-09-04 15:00:00+00:00,71.0,50.60154342651367
2022-09-04 16:00:00+00:00,58.0,63.63962936401367
2022-09-04 17:00:00+00:00,33.0,41.88208770751953
2022-09-04 18:00:00+00:00,10.0,22.514881134033203
2022-09-04 19:00:00+00:00,9.0,4.084560394287109
2022-09-04 20:00:00+00:00,3.0,4.874536991119385
2022-09-04 21:00:00+00:00,2.0,0.8674376606941223
2022-09-04 22:00:00+00:00,1.0,0.7144324779510498
2022-09-04 23:00:00+00:00,1.0,1.5051891803741455
2022-09-05 00:00:00+00:00,1.0,1.889906883239746
2022-09-05 01:00:00+00:00,2.0,3.9948532581329346
2022-09-05 02:00:00+00:00,13.0,10.252239227294922
2022-09-05 03:00:00+00:00,43.0,50.14486312866211
2022-09-05 04:00:00+00:00,44.0,57.22508239746094
2022-09-05 05:00:00+00:00,33.0,46.613304138183594
2022-09-05 06:00:00+00:00,34.0,33.978607177734375
2022-09-05 07:00:00+00:00,28.0,29.804441452026367
2022-09-05 08:00:00+00:00,27.0,27.431699752807617
2022-09-05 09:00:00+00:00,25.0,24.6716365814209
2022-09-05 10:00:00+00:00,23.0,23.855443954467773
2022-09-05 11:00:00+00:00,50.0,23.969350814819336
2022-09-05 12:00:00+00:00,55.0,67.35403442382812
2022-09-05 13:00:00+00:00,29.0,39.98521041870117
2022-09-05 14:00:00+00:00,25.0,22.796693801879883
2022-09-05 15:00:00+00:00,29.0,20.303863525390625
2022-09-05 16:00:00+00:00,21.0,22.389265060424805
2022-09-05 17:00:00+00:00,16.0,15.127495765686035
2022-09-05 18:00:00+00:00,2.0,11.864377975463867
2022-09-05 19:00:00+00:00,1.0,0.26140207052230835
2022-09-05 20:00:00+00:00,4.0,0.6798917055130005
2022-09-05 21:00:00+00:00,2.0,3.39555025100708
2022-09-05 22:00:00+00:00,0.0,1.2142388820648193
2022-09-05 23:00:00+00:00,0.0,-0.0030592679977416992
2022-09-06 00:00:00+00:00,2.0,-0.074421226978302
2022-09-06 01:00:00+00:00,2.0,4.821163654327393
2022-09-06 02:00:00+00:00,12.0,8.517105102539062
2022-09-06 03:00:00+00:00,39.0,48.89097595214844
2022-09-06 04:00:00+00:00,45.0,53.85934066772461
2022-09-06 05:00:00+00:00,27.0,49.957027435302734
2022-09-06 06:00:00+00:00,21.0,29.029216766357422
2022-09-06 07:00:00+00:00,38.0,21.842527389526367
2022-09-06 08:00:00+00:00,30.0,36.0203742980957
2022-09-06 09:00:00+00:00,33.0,26.147314071655273
2022-09-06 10:00:00+00:00,34.0,30.27035903930664
2022-09-06 11:00:00+00:00,28.0,35.96147537231445
2022-09-06 12:00:00+00:00,44.0,40.95519256591797
2022-09-06 13:00:00+00:00,37.0,36.527748107910156
2022-09-06 14:00:00+00:00,30.0,30.586544036865234
2022-09-06 15:00:00+00:00,24.0,24.79121208190918
2022-09-06 16:00:00+00:00,17.0,18.577733993530273
2022-09-06 17:00:00+00:00,10.0,13.446460723876953
2022-09-06 18:00:00+00:00,3.0,7.889017105102539
2022-09-06 19:00:00+00:00,2.0,1.1663883924484253
2022-09-06 20:00:00+00:00,3.0,1.4888768196105957
2022-09-06 21:00:00+00:00,1.5,2.4608612060546875
2022-09-06 22:00:00+00:00,0.0,0.5939059257507324
2022-09-06 23:00:00+00:00,1.0,0.029429733753204346
2022-09-07 00:00:00+00:00,1.0,1.0334603786468506
2022-09-07 01:00:00+00:00,4.0,3.201043128967285
2022-09-07 02:00:00+00:00,9.0,13.701223373413086
2022-09-07 03:00:00+00:00,34.0,37.75753402709961
2022-09-07 04:00:00+00:00,41.0,48.542198181152344
2022-09-07 05:00:00+00:00,30.0,46.2147102355957
2022-09-07 06:00:00+00:00,33.0,32.70652389526367
2022-09-07 07:00:00+00:00,32.0,30.62322425842285
2022-09-07 08:00:00+00:00,35.0,30.875579833984375
2022-09-07 09:00:00+00:00,29.0,34.73200607299805
2022-09-07 10:00:00+00:00,36.0,27.63509178161621
2022-09-07 11:00:00+00:00,31.0,38.98029708862305
2022-09-07 12:00:00+00:00,59.0,48.493614196777344
2022-09-07 13:00:00+00:00,39.0,44.235939025878906
2022-09-07 14:00:00+00:00,30.0,33.687225341796875
2022-09-07 15:00:00+00:00,23.0,25.5028076171875
2022-09-07 16:00:00+00:00,23.0,17.355213165283203
2022-09-07 17:00:00+00:00,18.0,17.01485252380371
2022-09-07 18:00:00+00:00,9.0,13.008771896362305
2022-09-07 19:00:00+00:00,7.0,5.740015029907227
2022-09-07 20:00:00+00:00,1.0,5.304086685180664
2022-09-07 21:00:00+00:00,0.5,0.45435380935668945
2022-09-07 22:00:00+00:00,0.0,-0.12465447187423706
2022-09-07 23:00:00+00:00,1.0,0.1946697235107422
2022-09-08 00:00:00+00:00,1.0,1.3474760055541992
2022-09-08 01:00:00+00:00,1.0,2.654310703277588
2022-09-08 02:00:00+00:00,4.0,6.33812952041626
2022-09-08 03:00:00+00:00,35.0,24.678579330444336
2022-09-08 04:00:00+00:00,33.0,51.30557632446289
2022-09-08 05:00:00+00:00,36.0,33.6004753112793
2022-09-08 06:00:00+00:00,30.0,46.76614761352539
2022-09-08 07:00:00+00:00,29.0,28.872692108154297
2022-09-08 08:00:00+00:00,29.0,30.59381103515625
2022-09-08 09:00:00+00:00,27.0,26.726118087768555
2022-09-08 10:00:00+00:00,34.0,26.502105712890625
2022-09-08 11:00:00+00:00,59.0,37.0214958190918
2022-09-08 12:00:00+00:00,59.0,84.68875885009766
2022-09-08 13:00:00+00:00,56.0,50.62371826171875
2022-09-08 14:00:00+00:00,30.0,46.475345611572266
2022-09-08 15:00:00+00:00,22.0,25.1966552734375
2022-09-08 16:00:00+00:00,16.0,16.66373062133789
2022-09-08 17:00:00+00:00,8.0,12.63176155090332
2022-09-08 18:00:00+00:00,15.0,5.9762420654296875
2022-09-08 19:00:00+00:00,6.0,10.502883911132812
2022-09-08 20:00:00+00:00,5.0,4.259235858917236
2022-09-08 21:00:00+00:00,2.5,3.390207052230835
2022-09-08 22:00:00+00:00,0.0,1.1656866073608398
2022-09-08 23:00:00+00:00,0.0,0.3661656379699707
2022-09-09 00:00:00+00:00,2.0,-0.43496567010879517
2022-09-09 01:00:00+00:00,3.0,4.651465892791748
2022-09-09 02:00:00+00:00,3.0,12.590585708618164
2022-09-09 03:00:00+00:00,40.0,17.49353790283203
2022-09-09 04:00:00+00:00,27.0,58.1545295715332
2022-09-09 05:00:00+00:00,38.0,33.42961120605469
2022-09-09 06:00:00+00:00,40.0,51.591827392578125
2022-09-09 07:00:00+00:00,33.0,47.45392990112305
2022-09-09 08:00:00+00:00,37.0,34.36091232299805
2022-09-09 09:00:00+00:00,47.0,39.0833740234375
2022-09-09 10:00:00+00:00,41.0,55.92116165161133
2022-09-09 11:00:00+00:00,58.0,49.164794921875
2022-09-09 12:00:00+00:00,64.0,68.65478515625
2022-09-09 13:00:00+00:00,72.0,56.74686813354492
2022-09-09 14:00:00+00:00,47.0,74.419921875
2022-09-09 15:00:00+00:00,29.0,43.02378845214844
2022-09-09 16:00:00+00:00,20.0,21.51909828186035
2022-09-09 17:00:00+00:00,15.0,14.471504211425781
2022-09-09 18:00:00+00:00,12.0,10.927236557006836
2022-09-09 19:00:00+00:00,2.0,8.679939270019531
2022-09-09 20:00:00+00:00,5.0,1.2567095756530762
2022-09-09 21:00:00+00:00,3.5,3.8279519081115723
2022-09-09 22:00:00+00:00,2.0,2.2390289306640625
2022-09-09 23:00:00+00:00,1.0,1.7999018430709839
2022-09-10 00:00:00+00:00,1.0,1.3006556034088135
2022-09-10 01:00:00+00:00,3.0,-0.13113194704055786
2022-09-10 02:00:00+00:00,2.0,3.828071117401123
2022-09-10 03:00:00+00:00,8.0,9.231158256530762
2022-09-10 04:00:00+00:00,17.0,17.30801773071289
2022-09-10 05:00:00+00:00,24.0,35.73192596435547
2022-09-10 06:00:00+00:00,37.0,46.42996597290039
2022-09-10 07:00:00+00:00,48.0,53.46564865112305
2022-09-10 08:00:00+00:00,27.0,68.77226257324219
2022-09-10 09:00:00+00:00,38.0,29.582103729248047
2022-09-10 10:00:00+00:00,19.0,39.522003173828125
2022-09-10 11:00:00+00:00,32.0,18.29609489440918
2022-09-10 12:00:00+00:00,37.0,30.914125442504883
2022-09-10 13:00:00+00:00,27.0,33.042327880859375
2022-09-10 14:00:00+00:00,32.0,24.18766975402832
2022-09-10 15:00:00+00:00,20.0,28.320613861083984
2022-09-10 16:00:00+00:00,15.0,14.072876930236816
2022-09-10 17:00:00+00:00,14.0,10.341484069824219
2022-09-10 18:00:00+00:00,6.0,9.535404205322266
2022-09-10 19:00:00+00:00,5.0,3.969578504562378
2022-09-10 20:00:00+00:00,9.0,4.234889507293701
2022-09-10 21:00:00+00:00,5.5,7.463277339935303
2022-09-10 22:00:00+00:00,2.0,4.432870388031006
2022-09-10 23:00:00+00:00,1.0,1.757237195968628
2022-09-11 00:00:00+00:00,1.0,1.691615104675293
2022-09-11 01:00:00+00:00,3.0,0.4121062159538269
2022-09-11 02:00:00+00:00,0.0,4.017796039581299
2022-09-11 03:00:00+00:00,6.0,1.0353103876113892
2022-09-11 04:00:00+00:00,6.0,12.184467315673828
2022-09-11 05:00:00+00:00,6.0,10.037960052490234
2022-09-11 06:00:00+00:00,22.0,13.996330261230469
2022-09-11 07:00:00+00:00,27.0,41.28083419799805
2022-09-11 08:00:00+00:00,37.0,38.319149017333984
2022-09-11 09:00:00+00:00,55.0,50.70934295654297
2022-09-11 10:00:00+00:00,42.0,72.67352294921875
2022-09-11 11:00:00+00:00,48.0,48.313846588134766
2022-09-11 12:00:00+00:00,54.0,52.52195358276367
2022-09-11 13:00:00+00:00,70.0,57.76641845703125
2022-09-11 14:00:00+00:00,62.0,69.27041625976562
2022-09-11 15:00:00+00:00,65.0,56.115020751953125
2022-09-11 16:00:00+00:00,37.0,55.51008224487305
2022-09-11 17:00:00+00:00,25.0,28.73497200012207
2022-09-11 18:00:00+00:00,12.0,18.104957580566406
2022-09-11 19:00:00+00:00,6.0,5.847269058227539
2022-09-11 20:00:00+00:00,3.0,3.114596366882324
2022-09-11 21:00:00+00:00,1.5,1.4305555820465088
2022-09-11 22:00:00+00:00,0.0,0.5279889702796936
2022-09-11 23:00:00+00:00,0.0,0.4603070914745331
2022-09-12 00:00:00+00:00,0.0,0.3950056731700897
2022-09-12 01:00:00+00:00,8.0,1.9774067401885986
2022-09-12 02:00:00+00:00,10.0,19.759496688842773
2022-09-12 03:00:00+00:00,49.0,38.37105178833008
2022-09-12 04:00:00+00:00,35.0,62.75492477416992
2022-09-12 05:00:00+00:00,27.0,38.14495849609375
2022-09-12 06:00:00+00:00,41.0,28.730289459228516
2022-09-12 07:00:00+00:00,34.0,40.007850646972656
2022-09-12 08:00:00+00:00,27.0,32.21470642089844
2022-09-12 09:00:00+00:00,27.0,25.240812301635742
2022-09-12 10:00:00+00:00,29.0,25.919147491455078
2022-09-12 11:00:00+00:00,22.0,31.751001358032227
2022-09-12 12:00:00+00:00,51.0,29.7620792388916
2022-09-12 13:00:00+00:00,24.0,41.33161544799805
2022-09-12 14:00:00+00:00,20.0,18.330339431762695
2022-09-12 15:00:00+00:00,12.0,16.585002899169922
2022-09-12 16:00:00+00:00,23.0,11.38148021697998
2022-09-12 17:00:00+00:00,12.0,16.5711669921875
2022-09-12 18:00:00+00:00,6.0,9.36251163482666
2022-09-12 19:00:00+00:00,0.0,4.020371437072754
2022-09-12 20:00:00+00:00,1.0,0.22177398204803467
2022-09-12 21:00:00+00:00,0.5,0.832797646522522
2022-09-12 22:00:00+00:00,0.0,-0.04959911108016968
2022-09-12 23:00:00+00:00,0.0,0.011459529399871826
2022-09-13 00:00:00+00:00,0.0,-0.19845443964004517
2022-09-13 01:00:00+00:00,4.0,1.4514412879943848
2022-09-13 02:00:00+00:00,10.0,13.697206497192383
2022-09-13 03:00:00+00:00,41.0,41.1126594543457
2022-09-13 04:00:00+00:00,36.0,54.148536682128906
2022-09-13 05:00:00+00:00,39.0,29.746362686157227
2022-09-13 06:00:00+00:00,31.0,49.30768966674805
2022-09-13 07:00:00+00:00,19.0,29.087007522583008
2022-09-13 08:00:00+00:00,33.0,21.433746337890625
2022-09-13 09:00:00+00:00,27.0,31.46039581298828
2022-09-13 10:00:00+00:00,23.0,27.136188507080078
2022-09-13 11:00:00+00:00,24.0,25.172563552856445
2022-09-13 12:00:00+00:00,53.0,33.27479553222656
2022-09-13 13:00:00+00:00,37.0,42.99713134765625
2022-09-13 14:00:00+00:00,15.0,30.774133682250977
2022-09-13 15:00:00+00:00,24.0,13.752315521240234
2022-09-13 16:00:00+00:00,11.0,18.997453689575195
2022-09-13 17:00:00+00:00,7.0,9.88409423828125
2022-09-13 18:00:00+00:00,5.0,4.404660224914551
2022-09-13 19:00:00+00:00,3.0,3.4004504680633545
2022-09-13 20:00:00+00:00,5.0,2.3599579334259033
2022-09-13 21:00:00+00:00,4.0,4.498002529144287
2022-09-13 22:00:00+00:00,3.0,2.4942243099212646
2022-09-13 23:00:00+00:00,4.0,3.2982146739959717
2022-09-14 00:00:00+00:00,0.0,4.808467388153076
2022-09-14 01:00:00+00:00,2.0,0.6520133018493652
2022-09-14 02:00:00+00:00,9.0,9.345779418945312
2022-09-14 03:00:00+00:00,44.0,37.75358200073242
2022-09-14 04:00:00+00:00,34.0,57.99587631225586
2022-09-14 05:00:00+00:00,38.0,37.38591766357422
2022-09-14 06:00:00+00:00,34.0,48.76057815551758
2022-09-14 07:00:00+00:00,37.0,32.19289779663086
2022-09-14 08:00:00+00:00,40.0,36.08869171142578
2022-09-14 09:00:00+00:00,35.0,43.07908248901367
2022-09-14 10:00:00+00:00,37.0,34.74017333984375
2022-09-14 11:00:00+00:00,46.0,40.25762939453125
2022-09-14 12:00:00+00:00,47.0,67.25162506103516
2022-09-14 13:00:00+00:00,29.0,40.39111328125
2022-09-14 14:00:00+00:00,26.0,23.252254486083984
2022-09-14 15:00:00+00:00,28.0,20.989032745361328
2022-09-14 16:00:00+00:00,16.0,22.12337303161621
2022-09-14 17:00:00+00:00,8.0,13.15299129486084
2022-09-14 18:00:00+00:00,9.0,6.102176189422607
2022-09-14 19:00:00+00:00,6.0,5.399145126342773
2022-09-14 20:00:00+00:00,2.0,4.974539756774902
2022-09-14 21:00:00+00:00,1.0,1.4391655921936035
2022-09-14 22:00:00+00:00,0.0,0.34312981367111206
2022-09-14 23:00:00+00:00,0.0,0.21846646070480347
2022-09-15 00:00:00+00:00,0.0,-0.3859192728996277
2022-09-15 01:00:00+00:00,1.0,0.671152651309967
2022-09-15 02:00:00+00:00,15.0,6.104182243347168
2022-09-15 03:00:00+00:00,37.0,60.86134719848633
2022-09-15 04:00:00+00:00,37.0,51.61285400390625
2022-09-15 05:00:00+00:00,25.0,44.79246139526367
2022-09-15 06:00:00+00:00,35.0,27.90732765197754
2022-09-15 07:00:00+00:00,32.0,33.81995391845703
2022-09-15 08:00:00+00:00,40.0,31.72071075439453
2022-09-15 09:00:00+00:00,38.0,40.76958084106445
2022-09-15 10:00:00+00:00,42.0,38.699161529541016
2022-09-15 11:00:00+00:00,32.0,45.83816909790039
2022-09-15 12:00:00+00:00,52.0,47.1677360534668
2022-09-15 13:00:00+00:00,25.0,43.878883361816406
2022-09-15 14:00:00+00:00,27.0,21.23441505432129
2022-09-15 15:00:00+00:00,13.0,21.86142921447754
2022-09-15 16:00:00+00:00,10.0,11.47020149230957
2022-09-15 17:00:00+00:00,18.0,8.986605644226074
2022-09-15 18:00:00+00:00,10.0,13.648141860961914
2022-09-15 19:00:00+00:00,6.0,6.450558662414551
2022-09-15 20:00:00+00:00,1.0,4.594863414764404
2022-09-15 21:00:00+00:00,1.5,0.26304352283477783
2022-09-15 22:00:00+00:00,2.0,0.5392414927482605
2022-09-15 23:00:00+00:00,3.0,2.350146770477295
2022-09-16 00:00:00+00:00,0.0,3.819253444671631
2022-09-16 01:00:00+00:00,2.0,0.5595629811286926
2022-09-16 02:00:00+00:00,9.0,10.31332015991211
2022-09-16 03:00:00+00:00,33.0,37.41395568847656
2022-09-16 04:00:00+00:00,34.0,52.10617446899414
2022-09-16 05:00:00+00:00,39.0,47.305511474609375
2022-09-16 06:00:00+00:00,44.0,51.34175491333008
2022-09-16 07:00:00+00:00,31.0,55.06966781616211
2022-09-16 08:00:00+00:00,50.0,33.741851806640625
2022-09-16 09:00:00+00:00,52.0,64.8001480102539
2022-09-16 10:00:00+00:00,45.0,68.47225952148438
2022-09-16 11:00:00+00:00,62.0,52.46043395996094
2022-09-16 12:00:00+00:00,74.0,76.22367095947266
2022-09-16 13:00:00+00:00,61.0,75.34425354003906
2022-09-16 14:00:00+00:00,41.0,54.512672424316406
2022-09-16 15:00:00+00:00,17.0,37.30335998535156
2022-09-16 16:00:00+00:00,22.0,13.462284088134766
2022-09-16 17:00:00+00:00,17.0,15.84788703918457
2022-09-16 18:00:00+00:00,6.0,12.907858848571777
2022-09-16 19:00:00+00:00,7.0,4.171339988708496
2022-09-16 20:00:00+00:00,4.0,5.303654193878174
2022-09-16 21:00:00+00:00,2.0,2.936777353286743
2022-09-16 22:00:00+00:00,0.0,0.8134640455245972
2022-09-16 23:00:00+00:00,0.0,-0.263122022151947
2022-09-17 00:00:00+00:00,1.0,-0.012555241584777832
2022-09-17 01:00:00+00:00,0.0,-0.06115376949310303
2022-09-17 02:00:00+00:00,4.0,-0.3811567425727844
2022-09-17 03:00:00+00:00,6.0,11.589902877807617
2022-09-17 04:00:00+00:00,19.0,12.377388000488281
2022-09-17 05:00:00+00:00,45.0,36.43202209472656
2022-09-17 06:00:00+00:00,36.0,79.12151336669922
2022-09-17 07:00:00+00:00,49.0,52.805721282958984
2022-09-17 08:00:00+00:00,47.0,67.18254852294922
2022-09-17 09:00:00+00:00,42.0,59.88887405395508
2022-09-17 10:00:00+00:00,27.0,44.73893356323242
2022-09-17 11:00:00+00:00,22.0,27.818357467651367
2022-09-17 12:00:00+00:00,14.0,19.647518157958984
2022-09-17 13:00:00+00:00,24.0,14.238680839538574
2022-09-17 14:00:00+00:00,28.0,21.626554489135742
2022-09-17 15:00:00+00:00,24.0,24.280885696411133
2022-09-17 16:00:00+00:00,13.0,17.555444717407227
2022-09-17 17:00:00+00:00,11.0,9.250493049621582
2022-09-17 18:00:00+00:00,6.0,7.3583784103393555
2022-09-17 19:00:00+00:00,8.0,4.32108736038208
2022-09-17 20:00:00+00:00,3.0,6.668268203735352
2022-09-17 21:00:00+00:00,1.5,2.3909990787506104
2022-09-17 22:00:00+00:00,0.0,0.9116831421852112
2022-09-17 23:00:00+00:00,1.0,-0.3163456320762634
2022-09-18 00:00:00+00:00,0.0,1.7153722047805786
2022-09-18 01:00:00+00:00,0.0,-0.5957724452018738
2022-09-18 02:00:00+00:00,2.0,-0.4760749936103821
2022-09-18 03:00:00+00:00,7.0,5.115565776824951
2022-09-18 04:00:00+00:00,8.0,13.240992546081543
2022-09-18 05:00:00+00:00,45.0,14.277787208557129
2022-09-18 06:00:00+00:00,27.0,75.83976745605469
2022-09-18 07:00:00+00:00,28.0,44.90885925292969
2022-09-18 08:00:00+00:00,34.0,39.82475662231445
2022-09-18 09:00:00+00:00,44.0,41.24411392211914
2022-09-18 10:00:00+00:00,58.0,55.29087448120117
2022-09-18 11:00:00+00:00,51.0,72.10323333740234
2022-09-18 12:00:00+00:00,48.0,56.37568664550781
2022-09-18 13:00:00+00:00,60.0,51.340362548828125
2022-09-18 14:00:00+00:00,53.0,58.99830627441406
2022-09-18 15:00:00+00:00,49.0,50.51905822753906
2022-09-18 16:00:00+00:00,33.0,42.64113998413086
2022-09-18 17:00:00+00:00,19.0,26.16057777404785
2022-09-18 18:00:00+00:00,10.0,12.935861587524414
2022-09-18 19:00:00+00:00,5.0,4.939456462860107
2022-09-18 20:00:00+00:00,0.0,2.321427822113037
2022-09-18 21:00:00+00:00,0.0,-0.6184317469596863
2022-09-18 22:00:00+00:00,0.0,-0.22326582670211792
2022-09-18 23:00:00+00:00,0.0,0.41520458459854126
2022-09-19 00:00:00+00:00,0.0,0.4305722117424011
2022-09-19 01:00:00+00:00,5.0,1.7079734802246094
2022-09-19 02:00:00+00:00,16.0,15.777886390686035
2022-09-19 03:00:00+00:00,58.0,62.94186782836914
2022-09-19 04:00:00+00:00,43.0,72.78935241699219
2022-09-19 05:00:00+00:00,30.0,49.746315002441406
2022-09-19 06:00:00+00:00,39.0,29.77655029296875
2022-09-19 07:00:00+00:00,38.0,37.4984245300293
2022-09-19 08:00:00+00:00,35.0,36.47944641113281
2022-09-19 09:00:00+00:00,32.0,32.88496017456055
2022-09-19 10:00:00+00:00,28.0,29.941362380981445
2022-09-19 11:00:00+00:00,28.0,30.684589385986328
2022-09-19 12:00:00+00:00,52.0,38.351409912109375
2022-09-19 13:00:00+00:00,31.0,41.12487030029297
2022-09-19 14:00:00+00:00,28.0,24.742450714111328
2022-09-19 15:00:00+00:00,20.0,22.682680130004883
2022-09-19 16:00:00+00:00,22.0,15.282331466674805
2022-09-19 17:00:00+00:00,9.0,16.5535888671875
2022-09-19 18:00:00+00:00,8.0,7.40291690826416
2022-09-19 19:00:00+00:00,2.0,4.995880603790283
2022-09-19 20:00:00+00:00,2.0,2.0141348838806152
2022-09-19 21:00:00+00:00,1.0,1.6524527072906494
2022-09-19 22:00:00+00:00,0.0,0.3179819583892822
2022-09-19 23:00:00+00:00,0.0,0.024296700954437256
2022-09-20 00:00:00+00:00,1.0,0.10886985063552856
2022-09-20 01:00:00+00:00,4.0,3.4642162322998047
2022-09-20 02:00:00+00:00,9.0,14.320762634277344
2022-09-20 03:00:00+00:00,39.0,37.03536605834961
2022-09-20 04:00:00+00:00,34.0,54.03678512573242
2022-09-20 05:00:00+00:00,31.0,32.15925598144531
2022-09-20 06:00:00+00:00,23.0,34.89133834838867
2022-09-20 07:00:00+00:00,32.0,22.36919593811035
2022-09-20 08:00:00+00:00,24.0,31.245149612426758
2022-09-20 09:00:00+00:00,39.0,22.50782012939453
2022-09-20 10:00:00+00:00,24.0,40.00026321411133
2022-09-20 11:00:00+00:00,39.0,28.217267990112305
2022-09-20 12:00:00+00:00,51.0,55.738494873046875
2022-09-20 13:00:00+00:00,36.0,41.59552764892578
2022-09-20 14:00:00+00:00,23.0,30.337678909301758
2022-09-20 15:00:00+00:00,23.0,18.591707229614258
2022-09-20 16:00:00+00:00,22.0,17.833229064941406
2022-09-20 17:00:00+00:00,19.0,16.920236587524414
2022-09-20 18:00:00+00:00,0.0,13.58122444152832
2022-09-20 19:00:00+00:00,4.0,-0.9633693099021912
2022-09-20 20:00:00+00:00,1.0,3.7184388637542725
2022-09-20 21:00:00+00:00,1.0,0.8175559043884277
2022-09-20 22:00:00+00:00,1.0,0.2954060435295105
2022-09-20 23:00:00+00:00,0.0,1.0271645784378052
2022-09-21 00:00:00+00:00,1.0,-0.2689676880836487
2022-09-21 01:00:00+00:00,3.0,2.6394760608673096
2022-09-21 02:00:00+00:00,9.0,12.131196975708008
2022-09-21 03:00:00+00:00,47.0,36.730682373046875
2022-09-21 04:00:00+00:00,41.0,61.63225555419922
2022-09-21 05:00:00+00:00,41.0,50.12288284301758
2022-09-21 06:00:00+00:00,41.0,51.850040435791016
2022-09-21 07:00:00+00:00,34.0,44.058292388916016
2022-09-21 08:00:00+00:00,45.0,32.76112747192383
2022-09-21 09:00:00+00:00,36.0,51.48363494873047
2022-09-21 10:00:00+00:00,32.0,36.002037048339844
2022-09-21 11:00:00+00:00,48.0,34.69572830200195
2022-09-21 12:00:00+00:00,55.0,71.60025787353516
2022-09-21 13:00:00+00:00,38.0,43.09247970581055
2022-09-21 14:00:00+00:00,34.0,33.043861389160156
2022-09-21 15:00:00+00:00,28.0,29.108564376831055
2022-09-21 16:00:00+00:00,14.0,22.37529182434082
2022-09-21 17:00:00+00:00,18.0,12.024408340454102
2022-09-21 18:00:00+00:00,6.0,13.668659210205078
2022-09-21 19:00:00+00:00,9.0,3.9829888343811035
2022-09-21 20:00:00+00:00,6.0,6.41866397857666
2022-09-21 21:00:00+00:00,3.0,5.213669300079346
2022-09-21 22:00:00+00:00,0.0,1.682413101196289
2022-09-21 23:00:00+00:00,0.0,0.24058425426483154
2022-09-22 00:00:00+00:00,1.0,-0.2529934048652649
2022-09-22 01:00:00+00:00,3.0,2.9241416454315186
2022-09-22 02:00:00+00:00,8.0,12.042058944702148
2022-09-22 03:00:00+00:00,39.0,34.10163116455078
2022-09-22 04:00:00+00:00,37.0,52.12415313720703
2022-09-22 05:00:00+00:00,32.0,43.34876251220703
2022-09-22 06:00:00+00:00,32.0,36.570499420166016
2022-09-22 07:00:00+00:00,26.0,31.06766700744629
2022-09-22 08:00:00+00:00,31.0,27.341976165771484
2022-09-22 09:00:00+00:00,28.0,29.30400276184082
2022-09-22 10:00:00+00:00,32.0,27.3195858001709
2022-09-22 11:00:00+00:00,50.0,35.15422821044922
2022-09-22 12:00:00+00:00,53.0,70.110595703125
2022-09-22 13:00:00+00:00,34.0,45.32802963256836
2022-09-22 14:00:00+00:00,36.0,30.29731559753418
2022-09-22 15:00:00+00:00,22.0,30.64321517944336
2022-09-22 16:00:00+00:00,15.0,16.951616287231445
2022-09-22 17:00:00+00:00,10.0,12.172066688537598
2022-09-22 18:00:00+00:00,16.0,7.999522686004639
2022-09-22 19:00:00+00:00,5.0,11.079046249389648
2022-09-22 20:00:00+00:00,3.0,3.1726317405700684
2022-09-22 21:00:00+00:00,1.5,1.6191270351409912
2022-09-22 22:00:00+00:00,0.0,0.6214358806610107
2022-09-22 23:00:00+00:00,0.0,0.39281466603279114
2022-09-23 00:00:00+00:00,2.0,-0.5287291407585144
2022-09-23 01:00:00+00:00,4.0,4.640133857727051
2022-09-23 02:00:00+00:00,4.0,13.8624906539917
2022-09-23 03:00:00+00:00,33.0,23.3980712890625
2022-09-23 04:00:00+00:00,31.0,51.46653747558594
2022-09-23 05:00:00+00:00,35.0,40.21860885620117
2022-09-23 06:00:00+00:00,44.0,44.702674865722656
2022-09-23 07:00:00+00:00,31.0,55.594383239746094
2022-09-23 08:00:00+00:00,43.0,33.2170295715332
2022-09-23 09:00:00+00:00,41.0,49.05539321899414
2022-09-23 10:00:00+00:00,38.0,42.965972900390625
2022-09-23 11:00:00+00:00,63.0,44.447147369384766
2022-09-23 12:00:00+00:00,71.0,76.73419952392578
2022-09-23 13:00:00+00:00,74.0,69.31842803955078
2022-09-23 14:00:00+00:00,47.0,75.8402099609375
2022-09-23 15:00:00+00:00,20.0,40.51438903808594
2022-09-23 16:00:00+00:00,20.0,14.700210571289062
2022-09-23 17:00:00+00:00,14.0,14.4137601852417
2022-09-23 18:00:00+00:00,7.0,10.632238388061523
2022-09-23 19:00:00+00:00,9.0,5.15192174911499
2022-09-23 20:00:00+00:00,3.0,6.177574157714844
2022-09-23 21:00:00+00:00,3.0,2.1486334800720215
2022-09-23 22:00:00+00:00,3.0,1.900451898574829
2022-09-23 23:00:00+00:00,0.0,2.8293509483337402
2022-09-24 00:00:00+00:00,2.0,0.0908890962600708
2022-09-24 01:00:00+00:00,1.0,1.322213888168335
2022-09-24 02:00:00+00:00,9.0,1.4212199449539185
2022-09-24 03:00:00+00:00,2.0,17.78652572631836
2022-09-24 04:00:00+00:00,6.0,4.024033546447754
2022-09-24 05:00:00+00:00,26.0,16.862316131591797
2022-09-24 06:00:00+00:00,44.0,45.381996154785156
2022-09-24 07:00:00+00:00,38.0,63.3230094909668
2022-09-24 08:00:00+00:00,35.0,45.21314239501953
2022-09-24 09:00:00+00:00,37.0,37.55215072631836
2022-09-24 10:00:00+00:00,31.0,36.76346969604492
2022-09-24 11:00:00+00:00,28.0,29.714929580688477
2022-09-24 12:00:00+00:00,27.0,27.62137794494629
2022-09-24 13:00:00+00:00,36.0,24.88819122314453
2022-09-24 14:00:00+00:00,20.0,30.283964157104492
2022-09-24 15:00:00+00:00,25.0,17.171802520751953
2022-09-24 16:00:00+00:00,9.0,18.004796981811523
2022-09-24 17:00:00+00:00,8.0,5.7264485359191895
2022-09-24 18:00:00+00:00,7.0,5.4085516929626465
2022-09-24 19:00:00+00:00,4.0,4.91185188293457
2022-09-24 20:00:00+00:00,6.0,3.027094602584839
2022-09-24 21:00:00+00:00,4.0,4.886122226715088
2022-09-24 22:00:00+00:00,2.0,3.028290033340454
2022-09-24 23:00:00+00:00,7.0,1.8159503936767578
2022-09-25 00:00:00+00:00,0.0,6.2973833084106445
2022-09-25 01:00:00+00:00,1.0,-0.5938927531242371
2022-09-25 02:00:00+00:00,1.0,0.4346344470977783
2022-09-25 03:00:00+00:00,2.0,2.899592399597168
2022-09-25 04:00:00+00:00,7.0,4.327929496765137
2022-09-25 05:00:00+00:00,17.0,13.148625373840332
2022-09-25 06:00:00+00:00,11.0,30.149784088134766
2022-09-25 07:00:00+00:00,24.0,25.32042121887207
2022-09-25 08:00:00+00:00,35.0,35.98649597167969
2022-09-25 09:00:00+00:00,45.0,43.216487884521484
2022-09-25 10:00:00+00:00,60.0,56.73096466064453
2022-09-25 11:00:00+00:00,44.0,73.42962646484375
2022-09-25 12:00:00+00:00,63.0,48.71731185913086
2022-09-25 13:00:00+00:00,64.0,66.81626892089844
2022-09-25 14:00:00+00:00,55.0,62.433074951171875
2022-09-25 15:00:00+00:00,39.0,52.46465301513672
2022-09-25 16:00:00+00:00,24.0,33.85319137573242
2022-09-25 17:00:00+00:00,7.0,20.8675479888916
2022-09-25 18:00:00+00:00,6.0,3.003164529800415
2022-09-25 19:00:00+00:00,4.0,3.095959186553955
2022-09-25 20:00:00+00:00,3.0,1.5167691707611084
2022-09-25 21:00:00+00:00,2.0,1.9231963157653809
2022-09-25 22:00:00+00:00,1.0,1.2990520000457764
2022-09-25 23:00:00+00:00,0.0,1.5065617561340332
2022-09-26 00:00:00+00:00,0.0,0.4471125602722168
2022-09-26 01:00:00+00:00,8.0,1.7148334980010986
2022-09-26 02:00:00+00:00,12.0,19.702951431274414
2022-09-26 03:00:00+00:00,42.0,45.10489273071289
2022-09-26 04:00:00+00:00,43.0,54.82272720336914
2022-09-26 05:00:00+00:00,40.0,54.87724304199219
2022-09-26 06:00:00+00:00,28.0,48.254940032958984
2022-09-26 07:00:00+00:00,34.0,26.579593658447266
2022-09-26 08:00:00+00:00,35.0,31.994754791259766
2022-09-26 09:00:00+00:00,31.0,33.87847137451172
2022-09-26 10:00:00+00:00,31.0,29.004962921142578
2022-09-26 11:00:00+00:00,31.0,33.144954681396484
2022-09-26 12:00:00+00:00,44.0,46.104820251464844
2022-09-26 13:00:00+00:00,31.0,37.2755012512207
2022-09-26 14:00:00+00:00,19.0,23.858736038208008
2022-09-26 15:00:00+00:00,19.0,16.495777130126953
2022-09-26 16:00:00+00:00,12.0,14.59523868560791
2022-09-26 17:00:00+00:00,18.0,10.130789756774902
2022-09-26 18:00:00+00:00,6.0,12.847843170166016
2022-09-26 19:00:00+00:00,5.0,4.262683391571045
2022-09-26 20:00:00+00:00,1.0,4.783294200897217
2022-09-26 21:00:00+00:00,0.5,0.8711650371551514
2022-09-26 22:00:00+00:00,0.0,0.0024499893188476562
2022-09-26 23:00:00+00:00,1.0,0.05917638540267944
2022-09-27 00:00:00+00:00,0.0,1.571626901626587
2022-09-27 01:00:00+00:00,5.0,1.4474849700927734
2022-09-27 02:00:00+00:00,6.0,15.356470108032227
2022-09-27 03:00:00+00:00,43.0,32.08385467529297
2022-09-27 04:00:00+00:00,31.0,57.2986946105957
2022-09-27 05:00:00+00:00,34.0,28.318023681640625
2022-09-27 06:00:00+00:00,25.0,38.592594146728516
2022-09-27 07:00:00+00:00,26.0,24.68328094482422
2022-09-27 08:00:00+00:00,28.0,26.317256927490234
2022-09-27 09:00:00+00:00,30.0,25.191547393798828
2022-09-27 10:00:00+00:00,39.0,28.051258087158203
2022-09-27 11:00:00+00:00,38.0,41.3477783203125
2022-09-27 12:00:00+00:00,48.0,49.689823150634766
2022-09-27 13:00:00+00:00,31.0,39.32255172729492
2022-09-27 14:00:00+00:00,29.0,23.89026641845703
2022-09-27 15:00:00+00:00,27.0,24.42068862915039
2022-09-27 16:00:00+00:00,18.0,21.412979125976562
2022-09-27 17:00:00+00:00,11.0,13.871206283569336
2022-09-27 18:00:00+00:00,11.0,8.620467185974121
2022-09-27 19:00:00+00:00,3.0,6.905574798583984
2022-09-27 20:00:00+00:00,2.0,2.7306618690490723
2022-09-27 21:00:00+00:00,1.0,1.7808512449264526
2022-09-27 22:00:00+00:00,0.0,0.2179129719734192
2022-09-27 23:00:00+00:00,0.0,0.05526226758956909
2022-09-28 00:00:00+00:00,1.0,-0.3716197609901428
2022-09-28 01:00:00+00:00,2.0,3.0103442668914795
2022-09-28 02:00:00+00:00,5.0,9.716361045837402
2022-09-28 03:00:00+00:00,41.0,27.476255416870117
2022-09-28 04:00:00+00:00,38.0,55.73562240600586
2022-09-28 05:00:00+00:00,40.0,44.12245559692383
2022-09-28 06:00:00+00:00,27.0,50.08671569824219
2022-09-28 07:00:00+00:00,36.0,27.440752029418945
2022-09-28 08:00:00+00:00,43.0,35.106468200683594
2022-09-28 09:00:00+00:00,22.0,46.82467269897461
2022-09-28 10:00:00+00:00,33.0,23.183034896850586
2022-09-28 11:00:00+00:00,41.0,35.61967468261719
2022-09-28 12:00:00+00:00,54.0,58.5291862487793
2022-09-28 13:00:00+00:00,46.0,41.920509338378906
2022-09-28 14:00:00+00:00,31.0,36.16353225708008
2022-09-28 15:00:00+00:00,25.0,26.43120765686035
2022-09-28 16:00:00+00:00,9.0,19.286813735961914
2022-09-28 17:00:00+00:00,13.0,8.446257591247559
2022-09-28 18:00:00+00:00,9.0,10.115265846252441
2022-09-28 19:00:00+00:00,9.0,5.458700656890869
2022-09-28 20:00:00+00:00,2.0,6.010843753814697
2022-09-28 21:00:00+00:00,1.0,1.3971352577209473
2022-09-28 22:00:00+00:00,0.0,0.18915778398513794
2022-09-28 23:00:00+00:00,0.0,0.2579640746116638
2022-09-29 00:00:00+00:00,2.0,-0.24883633852005005
2022-09-29 01:00:00+00:00,1.0,5.002004146575928
2022-09-29 02:00:00+00:00,7.0,6.3578596115112305
2022-09-29 03:00:00+00:00,47.0,32.02739334106445
2022-09-29 04:00:00+00:00,28.0,63.49663543701172
2022-09-29 05:00:00+00:00,26.0,29.447586059570312
2022-09-29 06:00:00+00:00,34.0,28.825885772705078
2022-09-29 07:00:00+00:00,32.0,30.799327850341797
2022-09-29 08:00:00+00:00,33.0,31.88947296142578
2022-09-29 09:00:00+00:00,43.0,32.671138763427734
2022-09-29 10:00:00+00:00,37.0,45.7651252746582
2022-09-29 11:00:00+00:00,39.0,40.724571228027344
2022-09-29 12:00:00+00:00,49.0,50.33405685424805
2022-09-29 13:00:00+00:00,32.0,45.78248596191406
2022-09-29 14:00:00+00:00,22.0,26.794654846191406
2022-09-29 15:00:00+00:00,12.0,17.944299697875977
2022-09-29 16:00:00+00:00,14.0,10.921820640563965
2022-09-29 17:00:00+00:00,14.0,11.538865089416504
2022-09-29 18:00:00+00:00,16.0,11.025683403015137
2022-09-29 19:00:00+00:00,9.0,11.068708419799805
2022-09-29 20:00:00+00:00,1.0,5.966072082519531
2022-09-29 21:00:00+00:00,1.5,0.03707641363143921
2022-09-29 22:00:00+00:00,2.0,0.5356600880622864
2022-09-29 23:00:00+00:00,0.0,2.286907196044922
2022-09-30 00:00:00+00:00,1.0,-0.5577210783958435
2022-09-30 01:00:00+00:00,2.0,2.4064252376556396
2022-09-30 02:00:00+00:00,9.0,9.895286560058594
2022-09-30 03:00:00+00:00,32.0,37.68338394165039
2022-09-30 04:00:00+00:00,29.0,50.283203125
2022-09-30 05:00:00+00:00,33.0,34.514583587646484
2022-09-30 06:00:00+00:00,38.0,39.88351821899414
2022-09-30 07:00:00+00:00,27.0,40.66972351074219
2022-09-30 08:00:00+00:00,37.0,29.79238510131836
2022-09-30 09:00:00+00:00,49.0,39.578556060791016
2022-09-30 10:00:00+00:00,44.0,62.739559173583984
2022-09-30 11:00:00+00:00,34.0,52.288700103759766
2022-09-30 12:00:00+00:00,67.0,48.54161071777344
2022-09-30 13:00:00+00:00,62.0,65.4178466796875
2022-09-30 14:00:00+00:00,46.0,55.25350570678711
2022-09-30 15:00:00+00:00,31.0,40.9974250793457
2022-09-30 16:00:00+00:00,21.0,23.34869956970215
2022-09-30 17:00:00+00:00,8.0,15.170312881469727
2022-09-30 18:00:00+00:00,9.0,6.541408061981201
2022-09-30 19:00:00+00:00,6.0,6.38358736038208
2022-09-30 20:00:00+00:00,3.0,4.206714153289795
2022-09-30 21:00:00+00:00,1.5,2.218395709991455
2022-09-30 22:00:00+00:00,0.0,0.7155759334564209
2022-09-30 23:00:00+00:00,1.0,-0.22300773859024048
2022-10-01 00:00:00+00:00,0.0,1.1032683849334717
2022-10-01 01:00:00+00:00,1.0,-0.883261501789093
2022-10-01 02:00:00+00:00,7.0,1.063072919845581
2022-10-01 03:00:00+00:00,1.0,15.484613418579102
2022-10-01 04:00:00+00:00,12.0,1.067286491394043
2022-10-01 05:00:00+00:00,21.0,25.350341796875
2022-10-01 06:00:00+00:00,40.0,41.59972381591797
2022-10-01 07:00:00+00:00,48.0,58.54880142211914
2022-10-01 08:00:00+00:00,39.0,66.24276733398438
2022-10-01 09:00:00+00:00,29.0,44.3463249206543
2022-10-01 10:00:00+00:00,26.0,28.389070510864258
2022-10-01 11:00:00+00:00,25.0,26.256847381591797
2022-10-01 12:00:00+00:00,35.0,24.715333938598633
2022-10-01 13:00:00+00:00,30.0,32.73600387573242
2022-10-01 14:00:00+00:00,27.0,26.74486541748047
2022-10-01 15:00:00+00:00,18.0,24.062314987182617
2022-10-01 16:00:00+00:00,7.0,14.028669357299805
2022-10-01 17:00:00+00:00,16.0,5.0268144607543945
2022-10-01 18:00:00+00:00,5.0,11.208163261413574
2022-10-01 19:00:00+00:00,2.0,3.4847755432128906
2022-10-01 20:00:00+00:00,2.0,1.4728877544403076
2022-10-01 21:00:00+00:00,2.0,1.6024808883666992
2022-10-01 22:00:00+00:00,2.0,1.5965194702148438
2022-10-01 23:00:00+00:00,3.0,1.6579670906066895
2022-10-02 00:00:00+00:00,2.0,2.8041608333587646
2022-10-02 01:00:00+00:00,1.0,1.3459724187850952
2022-10-02 02:00:00+00:00,1.0,0.5406793355941772
2022-10-02 03:00:00+00:00,5.0,2.915215492248535
2022-10-02 04:00:00+00:00,10.0,10.715876579284668
2022-10-02 05:00:00+00:00,7.0,19.2468318939209
2022-10-02 06:00:00+00:00,24.0,15.33677864074707
2022-10-02 07:00:00+00:00,40.0,44.54742431640625
2022-10-02 08:00:00+00:00,43.0,65.24884796142578
2022-10-02 09:00:00+00:00,33.0,63.23933029174805
2022-10-02 10:00:00+00:00,61.0,35.42643737792969
2022-10-02 11:00:00+00:00,57.0,76.76280212402344
2022-10-02 12:00:00+00:00,59.0,67.33560943603516
2022-10-02 13:00:00+00:00,43.0,63.00518035888672
2022-10-02 14:00:00+00:00,57.0,40.11078643798828
2022-10-02 15:00:00+00:00,43.0,55.44557189941406
2022-10-02 16:00:00+00:00,30.0,39.72697448730469
2022-10-02 17:00:00+00:00,21.0,25.988344192504883
2022-10-02 18:00:00+00:00,11.0,14.746258735656738
2022-10-02 19:00:00+00:00,7.0,5.9833173751831055
2022-10-02 20:00:00+00:00,4.0,3.612670421600342
2022-10-02 21:00:00+00:00,2.5,2.5117413997650146
2022-10-02 22:00:00+00:00,1.0,1.5270410776138306
2022-10-02 23:00:00+00:00,0.0,1.3279908895492554
2022-10-03 00:00:00+00:00,1.0,0.07368028163909912
2022-10-03 01:00:00+00:00,4.0,2.9779069423675537
2022-10-03 02:00:00+00:00,15.0,13.144895553588867
2022-10-03 03:00:00+00:00,50.0,57.70353698730469
2022-10-03 04:00:00+00:00,41.0,60.56697082519531
2022-10-03 05:00:00+00:00,33.0,45.696956634521484
2022-10-03 06:00:00+00:00,31.0,33.988685607910156
2022-10-03 07:00:00+00:00,24.0,28.552656173706055
2022-10-03 08:00:00+00:00,43.0,24.995710372924805
2022-10-03 09:00:00+00:00,36.0,44.1572151184082
2022-10-03 10:00:00+00:00,34.0,33.260955810546875
2022-10-03 11:00:00+00:00,45.0,32.84607696533203
2022-10-03 12:00:00+00:00,53.0,53.685665130615234
2022-10-03 13:00:00+00:00,28.0,39.50614929199219
2022-10-03 14:00:00+00:00,21.0,21.55475616455078
2022-10-03 15:00:00+00:00,21.0,18.538423538208008
2022-10-03 16:00:00+00:00,16.0,17.337181091308594
2022-10-03 17:00:00+00:00,21.0,13.344112396240234
2022-10-03 18:00:00+00:00,8.0,15.776313781738281
2022-10-03 19:00:00+00:00,0.0,5.94844913482666
2022-10-03 20:00:00+00:00,1.0,0.2262876033782959
2022-10-03 21:00:00+00:00,1.0,0.5150617361068726
2022-10-03 22:00:00+00:00,1.0,0.387981116771698
2022-10-03 23:00:00+00:00,0.0,0.7973549365997314
2022-10-04 00:00:00+00:00,0.0,-0.2882336974143982
2022-10-04 01:00:00+00:00,2.0,0.604981005191803
2022-10-04 02:00:00+00:00,12.0,7.49337911605835
2022-10-04 03:00:00+00:00,45.0,49.87385177612305
2022-10-04 04:00:00+00:00,37.0,52.52013397216797
2022-10-04 05:00:00+00:00,37.0,46.34320068359375
2022-10-04 06:00:00+00:00,42.0,43.27037811279297
2022-10-04 07:00:00+00:00,32.0,45.03890609741211
2022-10-04 08:00:00+00:00,26.0,31.407739639282227
2022-10-04 09:00:00+00:00,39.0,24.60507583618164
2022-10-04 10:00:00+00:00,38.0,39.4003791809082
2022-10-04 11:00:00+00:00,35.0,39.354957580566406
2022-10-04 12:00:00+00:00,47.0,44.72036361694336
2022-10-04 13:00:00+00:00,29.0,39.86896514892578
2022-10-04 14:00:00+00:00,26.0,22.33676528930664
2022-10-04 15:00:00+00:00,16.0,23.20245933532715
2022-10-04 16:00:00+00:00,8.0,14.23656940460205
2022-10-04 17:00:00+00:00,12.0,8.632379531860352
2022-10-04 18:00:00+00:00,3.0,9.595168113708496
2022-10-04 19:00:00+00:00,1.0,1.6876130104064941
2022-10-04 20:00:00+00:00,3.0,0.17902928590774536
2022-10-04 21:00:00+00:00,1.5,1.984726905822754
2022-10-04 22:00:00+00:00,0.0,0.7263016700744629
2022-10-04 23:00:00+00:00,0.0,-0.11931115388870239
2022-10-05 00:00:00+00:00,1.0,-0.5216056704521179
2022-10-05 01:00:00+00:00,6.0,2.140742063522339
2022-10-05 02:00:00+00:00,8.0,14.746103286743164
2022-10-05 03:00:00+00:00,43.0,37.02950668334961
2022-10-05 04:00:00+00:00,42.0,51.42502975463867
2022-10-05 05:00:00+00:00,20.0,51.1609001159668
2022-10-05 06:00:00+00:00,36.0,18.484176635742188
2022-10-05 07:00:00+00:00,42.0,31.92441177368164
2022-10-05 08:00:00+00:00,29.0,45.13446807861328
2022-10-05 09:00:00+00:00,46.0,26.374954223632812
2022-10-05 10:00:00+00:00,49.0,51.124916076660156
2022-10-05 11:00:00+00:00,39.0,54.378936767578125
2022-10-05 12:00:00+00:00,45.0,48.13993453979492
2022-10-05 13:00:00+00:00,33.0,38.960052490234375
2022-10-05 14:00:00+00:00,22.0,26.461870193481445
2022-10-05 15:00:00+00:00,14.0,19.512367248535156
2022-10-05 16:00:00+00:00,10.0,12.987414360046387
2022-10-05 17:00:00+00:00,8.0,9.423226356506348
2022-10-05 18:00:00+00:00,11.0,7.40688943862915
2022-10-05 19:00:00+00:00,5.0,7.715671539306641
2022-10-05 20:00:00+00:00,2.0,4.107651710510254
2022-10-05 21:00:00+00:00,1.0,0.89725661277771
2022-10-05 22:00:00+00:00,0.0,0.32722747325897217
2022-10-05 23:00:00+00:00,0.0,0.025136172771453857
2022-10-06 00:00:00+00:00,3.0,-0.13788384199142456
2022-10-06 01:00:00+00:00,5.0,5.062242031097412
2022-10-06 02:00:00+00:00,9.0,13.89388656616211
2022-10-06 03:00:00+00:00,37.0,37.15757751464844
2022-10-06 04:00:00+00:00,45.0,43.59170913696289
2022-10-06 05:00:00+00:00,33.0,55.35150909423828
2022-10-06 06:00:00+00:00,31.0,39.46758270263672
2022-10-06 07:00:00+00:00,34.0,29.431499481201172
2022-10-06 08:00:00+00:00,26.0,33.010887145996094
2022-10-06 09:00:00+00:00,29.0,23.969324111938477
2022-10-06 10:00:00+00:00,41.0,26.9093074798584
2022-10-06 11:00:00+00:00,42.0,42.80181121826172
2022-10-06 12:00:00+00:00,52.0,52.5623779296875
2022-10-06 13:00:00+00:00,37.0,45.79508972167969
2022-10-06 14:00:00+00:00,18.0,32.600181579589844
2022-10-06 15:00:00+00:00,21.0,15.595178604125977
2022-10-06 16:00:00+00:00,11.0,17.288515090942383
2022-10-06 17:00:00+00:00,8.0,10.032022476196289
2022-10-06 18:00:00+00:00,16.0,7.095013618469238
2022-10-06 19:00:00+00:00,0.0,11.860026359558105
2022-10-06 20:00:00+00:00,2.0,-0.6164340376853943
2022-10-06 21:00:00+00:00,1.0,0.7290809154510498
2022-10-06 22:00:00+00:00,0.0,0.29453933238983154
2022-10-06 23:00:00+00:00,0.0,0.16825908422470093
2022-10-07 00:00:00+00:00,1.0,-0.6580333113670349
2022-10-07 01:00:00+00:00,4.0,2.2599945068359375
2022-10-07 02:00:00+00:00,8.0,11.7527437210083
2022-10-07 03:00:00+00:00,28.0,35.41746139526367
2022-10-07 04:00:00+00:00,26.0,36.400840759277344
2022-10-07 05:00:00+00:00,22.0,30.554359436035156
2022-10-07 06:00:00+00:00,42.0,25.195037841796875
2022-10-07 07:00:00+00:00,38.0,48.70814514160156
2022-10-07 08:00:00+00:00,35.0,37.71631622314453
2022-10-07 09:00:00+00:00,54.0,35.86675262451172
2022-10-07 10:00:00+00:00,36.0,71.34272766113281
2022-10-07 11:00:00+00:00,61.0,42.18229293823242
2022-10-07 12:00:00+00:00,61.0,70.13525390625
2022-10-07 13:00:00+00:00,64.0,54.3389778137207
2022-10-07 14:00:00+00:00,44.0,59.90877914428711
2022-10-07 15:00:00+00:00,25.0,40.1592903137207
2022-10-07 16:00:00+00:00,17.0,19.717166900634766
2022-10-07 17:00:00+00:00,12.0,12.2872314453125
2022-10-07 18:00:00+00:00,5.0,9.938755989074707
2022-10-07 19:00:00+00:00,3.0,4.280271530151367
2022-10-07 20:00:00+00:00,3.0,1.6868531703948975
2022-10-07 21:00:00+00:00,2.0,2.354849338531494
2022-10-07 22:00:00+00:00,1.0,1.0573581457138062
2022-10-07 23:00:00+00:00,0.0,0.6869392395019531
2022-10-08 00:00:00+00:00,1.0,-0.1946139931678772
2022-10-08 01:00:00+00:00,1.0,-0.28228384256362915
2022-10-08 02:00:00+00:00,6.0,0.5851876735687256
2022-10-08 03:00:00+00:00,10.0,13.970069885253906
2022-10-08 04:00:00+00:00,12.0,20.73015785217285
2022-10-08 05:00:00+00:00,24.0,25.660303115844727
2022-10-08 06:00:00+00:00,31.0,47.737632751464844
2022-10-08 07:00:00+00:00,47.0,47.165382385253906
2022-10-08 08:00:00+00:00,46.0,66.92677307128906
2022-10-08 09:00:00+00:00,43.0,60.89514923095703
2022-10-08 10:00:00+00:00,44.0,48.369197845458984
2022-10-08 11:00:00+00:00,27.0,46.797454833984375
2022-10-08 12:00:00+00:00,26.0,26.709028244018555
2022-10-08 13:00:00+00:00,23.0,23.947797775268555
2022-10-08 14:00:00+00:00,21.0,21.538244247436523
2022-10-08 15:00:00+00:00,20.0,18.986541748046875
2022-10-08 16:00:00+00:00,10.0,15.465296745300293
2022-10-08 17:00:00+00:00,14.0,7.9332427978515625
2022-10-08 18:00:00+00:00,7.0,10.126996040344238
2022-10-08 19:00:00+00:00,2.0,4.945128440856934
2022-10-08 20:00:00+00:00,5.0,1.2230892181396484
2022-10-08 21:00:00+00:00,3.0,4.24010705947876
2022-10-08 22:00:00+00:00,1.0,2.418973922729492
2022-10-08 23:00:00+00:00,1.0,0.6591326594352722
2022-10-09 00:00:00+00:00,0.0,1.583601713180542
2022-10-09 01:00:00+00:00,0.0,-0.7182562947273254
2022-10-09 02:00:00+00:00,1.0,-0.030844449996948242
2022-10-09 03:00:00+00:00,0.0,2.5813980102539062
2022-10-09 04:00:00+00:00,6.0,0.33354198932647705
2022-10-09 05:00:00+00:00,5.0,10.830674171447754
2022-10-09 06:00:00+00:00,23.0,11.089545249938965
2022-10-09 07:00:00+00:00,32.0,45.292884826660156
2022-10-09 08:00:00+00:00,35.0,52.324195861816406
2022-10-09 09:00:00+00:00,41.0,49.177391052246094
2022-10-09 10:00:00+00:00,57.0,53.54957962036133
2022-10-09 11:00:00+00:00,49.0,70.8005142211914
2022-10-09 12:00:00+00:00,45.0,55.32280731201172
2022-10-09 13:00:00+00:00,56.0,44.24615478515625
2022-10-09 14:00:00+00:00,49.0,55.35376739501953
2022-10-09 15:00:00+00:00,39.0,46.163307189941406
2022-10-09 16:00:00+00:00,23.0,37.72274398803711
2022-10-09 17:00:00+00:00,14.0,20.821802139282227
2022-10-09 18:00:00+00:00,8.0,10.481081008911133
2022-10-09 19:00:00+00:00,5.0,4.761195659637451
2022-10-09 20:00:00+00:00,1.0,2.4396371841430664
2022-10-09 21:00:00+00:00,1.0,0.22458100318908691
2022-10-09 22:00:00+00:00,1.0,0.5629614591598511
2022-10-09 23:00:00+00:00,0.0,1.4631047248840332
2022-10-10 00:00:00+00:00,1.0,-0.08798128366470337
2022-10-10 01:00:00+00:00,2.0,3.113243579864502
2022-10-10 02:00:00+00:00,15.0,8.38589096069336
2022-10-10 03:00:00+00:00,45.0,61.27683639526367
2022-10-10 04:00:00+00:00,24.0,55.30791473388672
2022-10-10 05:00:00+00:00,33.0,26.267881393432617
2022-10-10 06:00:00+00:00,40.0,34.414791107177734
2022-10-10 07:00:00+00:00,33.0,40.138614654541016
2022-10-10 08:00:00+00:00,51.0,30.874101638793945
2022-10-10 09:00:00+00:00,29.0,56.7288818359375
2022-10-10 10:00:00+00:00,30.0,24.944055557250977
2022-10-10 11:00:00+00:00,42.0,28.511117935180664
2022-10-10 12:00:00+00:00,47.0,51.721378326416016
2022-10-10 13:00:00+00:00,37.0,39.4695930480957
2022-10-10 14:00:00+00:00,23.0,29.98007583618164
2022-10-10 15:00:00+00:00,23.0,19.484956741333008
2022-10-10 16:00:00+00:00,18.0,18.79315757751465
2022-10-10 17:00:00+00:00,8.0,14.171077728271484
2022-10-10 18:00:00+00:00,5.0,7.353503704071045
2022-10-10 19:00:00+00:00,1.0,4.2899580001831055
2022-10-10 20:00:00+00:00,1.0,1.025344967842102
2022-10-10 21:00:00+00:00,0.5,0.4478153586387634
2022-10-10 22:00:00+00:00,0.0,0.01591193675994873
2022-10-10 23:00:00+00:00,0.0,-0.01769500970840454
2022-10-11 00:00:00+00:00,1.0,-0.17890208959579468
2022-10-11 01:00:00+00:00,4.0,2.5749526023864746
2022-10-11 02:00:00+00:00,7.0,11.70058536529541
2022-10-11 03:00:00+00:00,37.0,36.585758209228516
2022-10-11 04:00:00+00:00,32.0,46.19706344604492
2022-10-11 05:00:00+00:00,29.0,34.709869384765625
2022-10-11 06:00:00+00:00,43.0,30.507888793945312
2022-10-11 07:00:00+00:00,52.0,49.988075256347656
2022-10-11 08:00:00+00:00,49.0,62.7032470703125
2022-10-11 09:00:00+00:00,34.0,56.60320281982422
2022-10-11 10:00:00+00:00,34.0,31.128103256225586
2022-10-11 11:00:00+00:00,41.0,32.0065803527832
2022-10-11 12:00:00+00:00,54.0,53.351566314697266
2022-10-11 13:00:00+00:00,35.0,45.94265365600586
2022-10-11 14:00:00+00:00,24.0,28.730514526367188
2022-10-11 15:00:00+00:00,29.0,20.434837341308594
2022-10-11 16:00:00+00:00,17.0,23.99652099609375
2022-10-11 17:00:00+00:00,14.0,12.891764640808105
2022-10-11 18:00:00+00:00,6.0,11.50123119354248
2022-10-11 19:00:00+00:00,5.0,4.952467441558838
2022-10-11 20:00:00+00:00,0.0,4.310662746429443
2022-10-11 21:00:00+00:00,0.0,-0.3433977961540222
2022-10-11 22:00:00+00:00,0.0,-0.4905298352241516
2022-10-11 23:00:00+00:00,0.0,-0.07728677988052368
2022-10-12 00:00:00+00:00,1.0,-0.26199692487716675
2022-10-12 01:00:00+00:00,3.0,2.495265007019043
2022-10-12 02:00:00+00:00,10.0,10.20210075378418
2022-10-12 03:00:00+00:00,35.0,44.04532241821289
2022-10-12 04:00:00+00:00,36.0,42.416404724121094
2022-10-12 05:00:00+00:00,39.0,43.463951110839844
2022-10-12 06:00:00+00:00,28.0,47.63336944580078
2022-10-12 07:00:00+00:00,48.0,29.9599552154541
2022-10-12 08:00:00+00:00,49.0,55.45283508300781
2022-10-12 09:00:00+00:00,49.0,56.399723052978516
2022-10-12 10:00:00+00:00,41.0,54.17582321166992
2022-10-12 11:00:00+00:00,33.0,42.192142486572266
2022-10-12 12:00:00+00:00,55.0,44.216434478759766
2022-10-12 13:00:00+00:00,46.0,45.250030517578125
2022-10-12 14:00:00+00:00,33.0,40.99214172363281
2022-10-12 15:00:00+00:00,21.0,26.710041046142578
2022-10-12 16:00:00+00:00,21.0,15.426375389099121
2022-10-12 17:00:00+00:00,12.0,15.875761985778809
2022-10-12 18:00:00+00:00,3.0,10.526446342468262
2022-10-12 19:00:00+00:00,3.0,2.7208898067474365
2022-10-12 20:00:00+00:00,1.0,2.0280685424804688
2022-10-12 21:00:00+00:00,0.5,0.28512120246887207
2022-10-12 22:00:00+00:00,0.0,-0.2660108208656311
2022-10-12 23:00:00+00:00,0.0,0.0748295783996582
2022-10-13 00:00:00+00:00,0.0,-0.28524309396743774
2022-10-13 01:00:00+00:00,3.0,0.8384290933609009
2022-10-13 02:00:00+00:00,6.0,10.86171817779541
2022-10-13 03:00:00+00:00,31.0,31.90535545349121
2022-10-13 04:00:00+00:00,26.0,41.94853973388672
2022-10-13 05:00:00+00:00,22.0,28.518869400024414
2022-10-13 06:00:00+00:00,35.0,23.953027725219727
2022-10-13 07:00:00+00:00,50.0,33.55378723144531
2022-10-13 08:00:00+00:00,50.0,59.6094970703125
2022-10-13 09:00:00+00:00,43.0,58.986305236816406
2022-10-13 10:00:00+00:00,51.0,43.79558181762695
2022-10-13 11:00:00+00:00,38.0,55.488433837890625
2022-10-13 12:00:00+00:00,65.0,47.33085250854492
2022-10-13 13:00:00+00:00,34.0,61.03361511230469
2022-10-13 14:00:00+00:00,35.0,29.024423599243164
2022-10-13 15:00:00+00:00,25.0,28.909347534179688
2022-10-13 16:00:00+00:00,19.0,18.390348434448242
2022-10-13 17:00:00+00:00,22.0,14.101689338684082
2022-10-13 18:00:00+00:00,8.0,16.14647102355957
2022-10-13 19:00:00+00:00,4.0,5.861866474151611
2022-10-13 20:00:00+00:00,1.0,2.749403476715088
2022-10-13 21:00:00+00:00,0.5,0.10928541421890259
2022-10-13 22:00:00+00:00,0.0,-0.25854963064193726
2022-10-13 23:00:00+00:00,1.0,0.1915198564529419
2022-10-14 00:00:00+00:00,1.0,0.6551114320755005
2022-10-14 01:00:00+00:00,2.0,2.3892769813537598
2022-10-14 02:00:00+00:00,4.0,8.78352165222168
2022-10-14 03:00:00+00:00,36.0,23.744808197021484
2022-10-14 04:00:00+00:00,18.0,50.14253234863281
2022-10-14 05:00:00+00:00,21.0,23.829639434814453
2022-10-14 06:00:00+00:00,43.0,26.177492141723633
2022-10-14 07:00:00+00:00,47.0,51.32814407348633
2022-10-14 08:00:00+00:00,55.0,57.94464874267578
2022-10-14 09:00:00+00:00,48.0,71.37033081054688
2022-10-14 10:00:00+00:00,46.0,56.9625244140625
2022-10-14 11:00:00+00:00,61.0,51.943634033203125
2022-10-14 12:00:00+00:00,64.0,76.0713119506836
2022-10-14 13:00:00+00:00,47.0,65.23265838623047
2022-10-14 14:00:00+00:00,30.0,48.82520294189453
2022-10-14 15:00:00+00:00,19.0,24.47262954711914
2022-10-14 16:00:00+00:00,12.0,14.29617977142334
2022-10-14 17:00:00+00:00,9.0,9.492912292480469
2022-10-14 18:00:00+00:00,7.0,7.771952152252197
2022-10-14 19:00:00+00:00,5.0,5.09037971496582
2022-10-14 20:00:00+00:00,4.0,3.4848945140838623
2022-10-14 21:00:00+00:00,2.0,3.384326457977295
2022-10-14 22:00:00+00:00,0.0,0.9475976228713989
2022-10-14 23:00:00+00:00,1.0,-0.372062623500824
2022-10-15 00:00:00+00:00,0.0,1.0612298250198364
2022-10-15 01:00:00+00:00,1.0,-0.7915589213371277
2022-10-15 02:00:00+00:00,5.0,1.2821992635726929
2022-10-15 03:00:00+00:00,4.0,12.902461051940918
2022-10-15 04:00:00+00:00,11.0,9.406676292419434
2022-10-15 05:00:00+00:00,16.0,22.587507247924805
2022-10-15 06:00:00+00:00,35.0,39.31040573120117
2022-10-15 07:00:00+00:00,39.0,53.32712173461914
2022-10-15 08:00:00+00:00,43.0,49.37866973876953
2022-10-15 09:00:00+00:00,37.0,52.14634704589844
2022-10-15 10:00:00+00:00,47.0,38.364051818847656
2022-10-15 11:00:00+00:00,40.0,53.553260803222656
2022-10-15 12:00:00+00:00,23.0,34.165645599365234
2022-10-15 13:00:00+00:00,27.0,21.01032829284668
2022-10-15 14:00:00+00:00,26.0,24.437915802001953
2022-10-15 15:00:00+00:00,20.0,23.363422393798828
2022-10-15 16:00:00+00:00,14.0,16.08358383178711
2022-10-15 17:00:00+00:00,10.0,10.471973419189453
2022-10-15 18:00:00+00:00,4.0,6.499800205230713
2022-10-15 19:00:00+00:00,3.0,2.9234259128570557
2022-10-15 20:00:00+00:00,3.0,2.378828287124634
2022-10-15 21:00:00+00:00,4.0,2.5722668170928955
2022-10-15 22:00:00+00:00,5.0,3.3564727306365967
2022-10-15 23:00:00+00:00,3.0,4.474432945251465
2022-10-16 00:00:00+00:00,0.0,2.809809446334839
2022-10-16 01:00:00+00:00,0.0,-0.713196337223053
2022-10-16 02:00:00+00:00,3.0,-0.06030219793319702
2022-10-16 03:00:00+00:00,2.0,5.768275737762451
2022-10-16 04:00:00+00:00,12.0,5.427700519561768
2022-10-16 05:00:00+00:00,10.0,20.115406036376953
2022-10-16 06:00:00+00:00,15.0,18.504798889160156
2022-10-16 07:00:00+00:00,21.0,30.003738403320312
2022-10-16 08:00:00+00:00,38.0,31.01255989074707
2022-10-16 09:00:00+00:00,60.0,57.54484558105469
2022-10-16 10:00:00+00:00,58.0,76.63013458251953
2022-10-16 11:00:00+00:00,65.0,69.84330749511719
2022-10-16 12:00:00+00:00,61.0,73.27288055419922
2022-10-16 13:00:00+00:00,48.0,63.42861557006836
2022-10-16 14:00:00+00:00,47.0,48.932552337646484
2022-10-16 15:00:00+00:00,49.0,42.509403228759766
2022-10-16 16:00:00+00:00,31.0,44.162376403808594
2022-10-16 17:00:00+00:00,17.0,26.967313766479492
2022-10-16 18:00:00+00:00,6.0,12.862363815307617
2022-10-16 19:00:00+00:00,2.0,3.3680896759033203
2022-10-16 20:00:00+00:00,3.0,0.08142787218093872
2022-10-16 21:00:00+00:00,1.5,1.879485845565796
2022-10-16 22:00:00+00:00,0.0,0.7180931568145752
2022-10-16 23:00:00+00:00,0.0,0.3967773914337158
2022-10-17 00:00:00+00:00,0.0,0.008422315120697021
2022-10-17 01:00:00+00:00,4.0,1.1050455570220947
2022-10-17 02:00:00+00:00,14.0,13.986679077148438
2022-10-17 03:00:00+00:00,42.0,54.7447509765625
2022-10-17 04:00:00+00:00,35.0,46.981178283691406
2022-10-17 05:00:00+00:00,41.0,31.499052047729492
2022-10-17 06:00:00+00:00,37.0,48.356754302978516
2022-10-17 07:00:00+00:00,30.0,33.238250732421875
2022-10-17 08:00:00+00:00,47.0,30.406333923339844
2022-10-17 09:00:00+00:00,29.0,50.128944396972656
2022-10-17 10:00:00+00:00,23.0,26.348819732666016
2022-10-17 11:00:00+00:00,34.0,24.053848266601562
2022-10-17 12:00:00+00:00,38.0,47.42133712768555
2022-10-17 13:00:00+00:00,40.0,30.780534744262695
2022-10-17 14:00:00+00:00,23.0,32.3677978515625
2022-10-17 15:00:00+00:00,15.0,19.62118911743164
2022-10-17 16:00:00+00:00,13.0,12.97175121307373
2022-10-17 17:00:00+00:00,27.0,11.324060440063477
2022-10-17 18:00:00+00:00,5.0,20.254905700683594
2022-10-17 19:00:00+00:00,0.0,3.5364444255828857
2022-10-17 20:00:00+00:00,2.0,0.21480268239974976
2022-10-17 21:00:00+00:00,1.0,1.6041271686553955
2022-10-17 22:00:00+00:00,0.0,0.4062154293060303
2022-10-17 23:00:00+00:00,0.0,-0.02088218927383423
2022-10-18 00:00:00+00:00,1.0,-0.1701081395149231
2022-10-18 01:00:00+00:00,2.0,2.8077452182769775
2022-10-18 02:00:00+00:00,11.0,8.501055717468262
2022-10-18 03:00:00+00:00,40.0,44.887657165527344
2022-10-18 04:00:00+00:00,32.0,49.519935607910156
2022-10-18 05:00:00+00:00,38.0,30.763505935668945
2022-10-18 06:00:00+00:00,34.0,44.48343276977539
2022-10-18 07:00:00+00:00,27.0,30.671274185180664
2022-10-18 08:00:00+00:00,35.0,27.536977767944336
2022-10-18 09:00:00+00:00,27.0,33.99604797363281
2022-10-18 10:00:00+00:00,29.0,24.793315887451172
2022-10-18 11:00:00+00:00,29.0,30.617536544799805
2022-10-18 12:00:00+00:00,48.0,40.080352783203125
2022-10-18 13:00:00+00:00,33.0,39.833740234375
2022-10-18 14:00:00+00:00,19.0,25.528701782226562
2022-10-18 15:00:00+00:00,24.0,16.163524627685547
2022-10-18 16:00:00+00:00,21.0,19.392784118652344
2022-10-18 17:00:00+00:00,14.0,15.311394691467285
2022-10-18 18:00:00+00:00,7.0,11.331220626831055
2022-10-18 19:00:00+00:00,2.0,4.66741418838501
2022-10-18 20:00:00+00:00,4.0,1.3408691883087158
2022-10-18 21:00:00+00:00,2.5,2.930145263671875
2022-10-18 22:00:00+00:00,1.0,1.3326094150543213
2022-10-18 23:00:00+00:00,1.0,0.8477079272270203
2022-10-19 00:00:00+00:00,0.0,1.1501469612121582
2022-10-19 01:00:00+00:00,1.0,0.6533200740814209
2022-10-19 02:00:00+00:00,9.0,5.941514015197754
2022-10-19 03:00:00+00:00,43.0,36.795433044433594
2022-10-19 04:00:00+00:00,46.0,50.8805046081543
2022-10-19 05:00:00+00:00,42.0,57.166038513183594
2022-10-19 06:00:00+00:00,33.0,51.04884338378906
2022-10-19 07:00:00+00:00,41.0,30.093461990356445
2022-10-19 08:00:00+00:00,37.0,41.41765213012695
2022-10-19 09:00:00+00:00,29.0,36.20292663574219
2022-10-19 10:00:00+00:00,24.0,25.488832473754883
2022-10-19 11:00:00+00:00,55.0,26.487001419067383
2022-10-19 12:00:00+00:00,52.0,77.38975524902344
2022-10-19 13:00:00+00:00,47.0,43.790016174316406
2022-10-19 14:00:00+00:00,28.0,37.16277313232422
2022-10-19 15:00:00+00:00,29.0,22.676416397094727
2022-10-19 16:00:00+00:00,19.0,23.415584564208984
2022-10-19 17:00:00+00:00,20.0,14.542900085449219
2022-10-19 18:00:00+00:00,13.0,14.442529678344727
2022-10-19 19:00:00+00:00,7.0,8.763766288757324
2022-10-19 20:00:00+00:00,3.0,5.2877678871154785
2022-10-19 21:00:00+00:00,1.5,2.025146245956421
2022-10-19 22:00:00+00:00,0.0,0.5559219121932983
2022-10-19 23:00:00+00:00,1.0,0.07615655660629272
2022-10-20 00:00:00+00:00,0.0,1.3391046524047852
2022-10-20 01:00:00+00:00,3.0,0.47706669569015503
2022-10-20 02:00:00+00:00,4.0,11.153079986572266
2022-10-20 03:00:00+00:00,36.0,23.428871154785156
2022-10-20 04:00:00+00:00,37.0,46.012054443359375
2022-10-20 05:00:00+00:00,33.0,43.135433197021484
2022-10-20 06:00:00+00:00,27.0,36.2647819519043
2022-10-20 07:00:00+00:00,36.0,27.75586700439453
2022-10-20 08:00:00+00:00,46.0,35.98639678955078
2022-10-20 09:00:00+00:00,31.0,52.98337936401367
2022-10-20 10:00:00+00:00,38.0,29.787240982055664
2022-10-20 11:00:00+00:00,37.0,43.52241897583008
2022-10-20 12:00:00+00:00,64.0,47.314964294433594
2022-10-20 13:00:00+00:00,42.0,57.84709548950195
2022-10-20 14:00:00+00:00,42.0,37.86893844604492
2022-10-20 15:00:00+00:00,29.0,35.005035400390625
2022-10-20 16:00:00+00:00,22.0,23.37057876586914
2022-10-20 17:00:00+00:00,9.0,16.652311325073242
2022-10-20 18:00:00+00:00,9.0,7.772838115692139
2022-10-20 19:00:00+00:00,3.0,6.2044148445129395
2022-10-20 20:00:00+00:00,3.0,2.0522472858428955
2022-10-20 21:00:00+00:00,2.0,1.4582321643829346
2022-10-20 22:00:00+00:00,1.0,0.9178255796432495
2022-10-20 23:00:00+00:00,1.0,1.2789041996002197
2022-10-21 00:00:00+00:00,0.0,0.9099034070968628
2022-10-21 01:00:00+00:00,5.0,0.450208842754364
2022-10-21 02:00:00+00:00,9.0,14.013638496398926
2022-10-21 03:00:00+00:00,37.0,37.49571990966797
2022-10-21 04:00:00+00:00,20.0,50.243141174316406
2022-10-21 05:00:00+00:00,31.0,26.632837295532227
2022-10-21 06:00:00+00:00,41.0,35.36362075805664
2022-10-21 07:00:00+00:00,43.0,49.72709274291992
2022-10-21 08:00:00+00:00,44.0,49.954139709472656
2022-10-21 09:00:00+00:00,39.0,52.04545974731445
2022-10-21 10:00:00+00:00,52.0,41.01762008666992
2022-10-21 11:00:00+00:00,55.0,63.04519271850586
2022-10-21 12:00:00+00:00,63.0,66.14305114746094
2022-10-21 13:00:00+00:00,53.0,63.9146728515625
2022-10-21 14:00:00+00:00,34.0,52.363258361816406
2022-10-21 15:00:00+00:00,20.0,28.465299606323242
2022-10-21 16:00:00+00:00,10.0,14.016775131225586
2022-10-21 17:00:00+00:00,8.0,8.46085262298584
2022-10-21 18:00:00+00:00,5.0,7.192889213562012
2022-10-21 19:00:00+00:00,4.0,3.6283040046691895
2022-10-21 20:00:00+00:00,2.0,2.8665459156036377
2022-10-21 21:00:00+00:00,3.0,1.4476330280303955
2022-10-21 22:00:00+00:00,4.0,1.8808808326721191
2022-10-21 23:00:00+00:00,2.0,3.317469835281372
2022-10-22 00:00:00+00:00,1.0,2.5852081775665283
2022-10-22 01:00:00+00:00,1.0,-0.01737147569656372
2022-10-22 02:00:00+00:00,8.0,1.1451115608215332
2022-10-22 03:00:00+00:00,7.0,16.483301162719727
2022-10-22 04:00:00+00:00,15.0,15.468244552612305
2022-10-22 05:00:00+00:00,17.0,32.55526351928711
2022-10-22 06:00:00+00:00,48.0,39.820804595947266
2022-10-22 07:00:00+00:00,63.0,70.43158721923828
2022-10-22 08:00:00+00:00,42.0,76.31266784667969
2022-10-22 09:00:00+00:00,31.0,57.171234130859375
2022-10-22 10:00:00+00:00,30.0,32.027950286865234
2022-10-22 11:00:00+00:00,21.0,28.361431121826172
2022-10-22 12:00:00+00:00,27.0,18.8470516204834
2022-10-22 13:00:00+00:00,15.0,25.121042251586914
2022-10-22 14:00:00+00:00,25.0,14.813480377197266
2022-10-22 15:00:00+00:00,18.0,23.507936477661133
2022-10-22 16:00:00+00:00,9.0,13.603964805603027
2022-10-22 17:00:00+00:00,9.0,6.6949052810668945
2022-10-22 18:00:00+00:00,10.0,6.023433685302734
2022-10-22 19:00:00+00:00,8.0,7.540149688720703
2022-10-22 20:00:00+00:00,2.0,6.273077964782715
2022-10-22 21:00:00+00:00,2.0,1.9755520820617676
2022-10-22 22:00:00+00:00,2.0,1.988593578338623
2022-10-22 23:00:00+00:00,0.0,2.3030431270599365
2022-10-23 00:00:00+00:00,0.0,0.15108001232147217
2022-10-23 01:00:00+00:00,1.0,-0.8688883185386658
2022-10-23 02:00:00+00:00,1.0,1.9156031608581543
2022-10-23 03:00:00+00:00,2.0,4.004672050476074
2022-10-23 04:00:00+00:00,7.0,6.700352191925049
2022-10-23 05:00:00+00:00,8.0,13.84869384765625
2022-10-23 06:00:00+00:00,12.0,17.29736328125
2022-10-23 07:00:00+00:00,36.0,25.527462005615234
2022-10-23 08:00:00+00:00,34.0,58.224857330322266
2022-10-23 09:00:00+00:00,40.0,46.97407913208008
2022-10-23 10:00:00+00:00,57.0,53.08193588256836
2022-10-23 11:00:00+00:00,35.0,72.2052230834961
2022-10-23 12:00:00+00:00,62.0,35.86786651611328
2022-10-23 13:00:00+00:00,53.0,67.84207916259766
2022-10-23 14:00:00+00:00,44.0,55.00292205810547
2022-10-23 15:00:00+00:00,37.0,41.90205764770508
2022-10-23 16:00:00+00:00,31.0,34.66352462768555
2022-10-23 17:00:00+00:00,16.0,26.505556106567383
2022-10-23 18:00:00+00:00,7.0,10.145610809326172
2022-10-23 19:00:00+00:00,4.0,3.9198992252349854
2022-10-23 20:00:00+00:00,4.0,1.6879136562347412
2022-10-23 21:00:00+00:00,2.5,2.7733519077301025
2022-10-23 22:00:00+00:00,1.0,1.6521389484405518
2022-10-23 23:00:00+00:00,0.0,1.4295642375946045
2022-10-24 00:00:00+00:00,1.0,0.17275553941726685
2022-10-24 01:00:00+00:00,5.0,3.3030683994293213
2022-10-24 02:00:00+00:00,14.0,15.300372123718262
2022-10-24 03:00:00+00:00,49.0,59.042144775390625
2022-10-24 04:00:00+00:00,35.0,70.17530059814453
2022-10-24 05:00:00+00:00,49.0,35.96438980102539
2022-10-24 06:00:00+00:00,29.0,56.35261535644531
2022-10-24 07:00:00+00:00,24.0,28.73941993713379
2022-10-24 08:00:00+00:00,36.0,24.455081939697266
2022-10-24 09:00:00+00:00,35.0,39.85688018798828
2022-10-24 10:00:00+00:00,28.0,35.70489501953125
2022-10-24 11:00:00+00:00,43.0,28.674562454223633
2022-10-24 12:00:00+00:00,44.0,57.8376350402832
2022-10-24 13:00:00+00:00,24.0,38.833595275878906
2022-10-24 14:00:00+00:00,31.0,20.187702178955078
2022-10-24 15:00:00+00:00,22.0,27.980270385742188
2022-10-24 16:00:00+00:00,21.0,18.193950653076172
2022-10-24 17:00:00+00:00,6.0,16.033647537231445
2022-10-24 18:00:00+00:00,7.0,5.145575523376465
2022-10-24 19:00:00+00:00,5.0,5.275449752807617
2022-10-24 20:00:00+00:00,1.0,4.792082786560059
2022-10-24 21:00:00+00:00,0.5,0.5721259713172913
2022-10-24 22:00:00+00:00,0.0,0.05625885725021362
2022-10-24 23:00:00+00:00,1.0,0.00936269760131836
2022-10-25 00:00:00+00:00,0.0,1.4386340379714966
2022-10-25 01:00:00+00:00,4.0,0.9948911070823669
2022-10-25 02:00:00+00:00,13.0,12.196089744567871
2022-10-25 03:00:00+00:00,38.0,52.76198196411133
2022-10-25 04:00:00+00:00,33.0,58.39171600341797
2022-10-25 05:00:00+00:00,30.0,33.02855682373047
2022-10-25 06:00:00+00:00,33.0,34.302589416503906
2022-10-25 07:00:00+00:00,27.0,39.62580108642578
2022-10-25 08:00:00+00:00,24.0,29.515605926513672
2022-10-25 09:00:00+00:00,24.0,22.910327911376953
2022-10-25 10:00:00+00:00,32.0,22.555349349975586
2022-10-25 11:00:00+00:00,38.0,34.83638381958008
2022-10-25 12:00:00+00:00,45.0,49.633277893066406
2022-10-25 13:00:00+00:00,27.0,39.867462158203125
2022-10-25 14:00:00+00:00,30.0,22.36616325378418
2022-10-25 15:00:00+00:00,19.0,27.30281639099121
2022-10-25 16:00:00+00:00,10.0,16.133129119873047
2022-10-25 17:00:00+00:00,8.0,9.798617362976074
2022-10-25 18:00:00+00:00,5.0,7.094054222106934
2022-10-25 19:00:00+00:00,4.0,3.5142822265625
2022-10-25 20:00:00+00:00,4.0,3.611267328262329
2022-10-25 21:00:00+00:00,2.0,2.9389867782592773
2022-10-25 22:00:00+00:00,0.0,0.98618483543396
2022-10-25 23:00:00+00:00,0.0,-0.0004150271415710449
2022-10-26 00:00:00+00:00,0.0,-0.20607107877731323
2022-10-26 01:00:00+00:00,6.0,0.7244450449943542
2022-10-26 02:00:00+00:00,6.0,15.366929054260254
2022-10-26 03:00:00+00:00,38.0,29.579105377197266
2022-10-26 04:00:00+00:00,39.0,59.92018127441406
2022-10-26 05:00:00+00:00,33.0,48.8065185546875
2022-10-26 06:00:00+00:00,31.0,44.48507308959961
2022-10-26 07:00:00+00:00,18.0,35.0773811340332
2022-10-26 08:00:00+00:00,33.0,20.59258460998535
2022-10-26 09:00:00+00:00,27.0,36.284263610839844
2022-10-26 10:00:00+00:00,30.0,25.257028579711914
2022-10-26 11:00:00+00:00,37.0,32.53826141357422
2022-10-26 12:00:00+00:00,47.0,49.005619049072266
2022-10-26 13:00:00+00:00,50.0,42.04151153564453
2022-10-26 14:00:00+00:00,30.0,36.14136505126953
2022-10-26 15:00:00+00:00,22.0,27.15555763244629
2022-10-26 16:00:00+00:00,9.0,18.727237701416016
2022-10-26 17:00:00+00:00,11.0,8.835516929626465
2022-10-26 18:00:00+00:00,1.0,9.377092361450195
2022-10-26 19:00:00+00:00,1.0,-0.2490198016166687
2022-10-26 20:00:00+00:00,4.0,0.6068676710128784
2022-10-26 21:00:00+00:00,2.5,2.7717177867889404
2022-10-26 22:00:00+00:00,1.0,1.2722747325897217
2022-10-26 23:00:00+00:00,0.0,0.9974823594093323
2022-10-27 00:00:00+00:00,2.0,0.06261694431304932
2022-10-27 01:00:00+00:00,3.0,4.220829486846924
2022-10-27 02:00:00+00:00,8.0,11.31134033203125
2022-10-27 03:00:00+00:00,34.0,33.88176727294922
2022-10-27 04:00:00+00:00,32.0,55.813228607177734
2022-10-27 05:00:00+00:00,31.0,32.84145736694336
2022-10-27 06:00:00+00:00,42.0,38.07715606689453
2022-10-27 07:00:00+00:00,39.0,57.244441986083984
2022-10-27 08:00:00+00:00,37.0,51.247039794921875
2022-10-27 09:00:00+00:00,28.0,45.07011413574219
2022-10-27 10:00:00+00:00,30.0,30.015947341918945
2022-10-27 11:00:00+00:00,51.0,33.186439514160156
2022-10-27 12:00:00+00:00,51.0,72.39988708496094
2022-10-27 13:00:00+00:00,43.0,46.32235336303711
2022-10-27 14:00:00+00:00,27.0,38.5242805480957
2022-10-27 15:00:00+00:00,13.0,24.022327423095703
2022-10-27 16:00:00+00:00,11.0,11.926898956298828
2022-10-27 17:00:00+00:00,5.0,10.102108001708984
2022-10-27 18:00:00+00:00,9.0,3.8335835933685303
2022-10-27 19:00:00+00:00,4.0,6.242836952209473
2022-10-27 20:00:00+00:00,1.0,2.6309263706207275
2022-10-27 21:00:00+00:00,0.5,0.18278342485427856
2022-10-27 22:00:00+00:00,0.0,-0.009866058826446533
2022-10-27 23:00:00+00:00,1.0,0.26930946111679077
2022-10-28 00:00:00+00:00,0.0,1.3327436447143555
2022-10-28 01:00:00+00:00,2.0,0.8167562484741211
2022-10-28 02:00:00+00:00,5.0,8.988676071166992
2022-10-28 03:00:00+00:00,33.0,26.01643943786621
2022-10-28 04:00:00+00:00,29.0,55.82094192504883
2022-10-28 05:00:00+00:00,27.0,35.69795608520508
2022-10-28 06:00:00+00:00,34.0,31.947423934936523
2022-10-28 07:00:00+00:00,32.0,43.286048889160156
2022-10-28 08:00:00+00:00,32.0,34.08591079711914
2022-10-28 09:00:00+00:00,40.0,34.32430648803711
2022-10-28 10:00:00+00:00,36.0,48.67788314819336
2022-10-28 11:00:00+00:00,41.0,42.22824478149414
2022-10-28 12:00:00+00:00,57.0,51.199378967285156
2022-10-28 13:00:00+00:00,52.0,54.941184997558594
2022-10-28 14:00:00+00:00,27.0,51.77232360839844
2022-10-28 15:00:00+00:00,17.0,23.470788955688477
2022-10-28 16:00:00+00:00,13.0,13.435932159423828
2022-10-28 17:00:00+00:00,17.0,10.361505508422852
2022-10-28 18:00:00+00:00,5.0,13.306396484375
2022-10-28 19:00:00+00:00,3.0,3.5543372631073
2022-10-28 20:00:00+00:00,4.0,2.0339086055755615
2022-10-28 21:00:00+00:00,2.5,3.409646511077881
2022-10-28 22:00:00+00:00,1.0,1.8389217853546143
2022-10-28 23:00:00+00:00,2.0,0.7493115067481995
2022-10-29 00:00:00+00:00,2.0,2.1499903202056885
2022-10-29 01:00:00+00:00,2.0,1.9020438194274902
2022-10-29 02:00:00+00:00,5.0,3.9169838428497314
2022-10-29 03:00:00+00:00,9.0,13.238174438476562
2022-10-29 04:00:00+00:00,2.0,17.93483543395996
2022-10-29 05:00:00+00:00,32.0,4.922529697418213
2022-10-29 06:00:00+00:00,27.0,53.58983612060547
2022-10-29 07:00:00+00:00,43.0,37.12046813964844
2022-10-29 08:00:00+00:00,32.0,59.60639190673828
2022-10-29 09:00:00+00:00,34.0,36.18536376953125
2022-10-29 10:00:00+00:00,29.0,35.292724609375
2022-10-29 11:00:00+00:00,32.0,27.442873001098633
2022-10-29 12:00:00+00:00,26.0,30.924428939819336
2022-10-29 13:00:00+00:00,45.0,23.336782455444336
2022-10-29 14:00:00+00:00,22.0,39.91829299926758
2022-10-29 15:00:00+00:00,16.0,20.26834487915039
2022-10-29 16:00:00+00:00,16.0,12.48415756225586
2022-10-29 17:00:00+00:00,6.0,11.182929039001465
2022-10-29 18:00:00+00:00,6.0,4.016018867492676
2022-10-29 19:00:00+00:00,10.0,3.8578543663024902
2022-10-29 20:00:00+00:00,6.0,7.815216541290283
2022-10-29 21:00:00+00:00,6.5,5.263796806335449
2022-10-29 22:00:00+00:00,7.0,6.062286376953125
2022-10-29 23:00:00+00:00,2.0,6.723762035369873
2022-10-30 00:00:00+00:00,1.0,2.6280457973480225
2022-10-30 01:00:00+00:00,2.0,0.5536255836486816
2022-10-30 02:00:00+00:00,1.0,2.3533129692077637
2022-10-30 03:00:00+00:00,0.0,3.8293447494506836
2022-10-30 04:00:00+00:00,6.0,2.377014398574829
2022-10-30 05:00:00+00:00,8.0,13.786417961120605
2022-10-30 06:00:00+00:00,18.0,15.71020793914795
2022-10-30 07:00:00+00:00,17.0,29.272314071655273
2022-10-30 08:00:00+00:00,29.0,27.2003116607666
2022-10-30 09:00:00+00:00,37.0,39.7526741027832
2022-10-30 10:00:00+00:00,42.0,49.36497116088867
2022-10-30 11:00:00+00:00,40.0,52.49122619628906
2022-10-30 12:00:00+00:00,51.0,42.96400451660156
2022-10-30 13:00:00+00:00,50.0,55.36148452758789
2022-10-30 14:00:00+00:00,47.0,52.642398834228516
2022-10-30 15:00:00+00:00,39.0,43.850406646728516
2022-10-30 16:00:00+00:00,38.0,37.65812683105469
2022-10-30 17:00:00+00:00,22.0,31.369949340820312
2022-10-30 18:00:00+00:00,15.0,16.669519424438477
2022-10-30 19:00:00+00:00,3.0,8.208808898925781
2022-10-30 20:00:00+00:00,7.0,1.3848893642425537
2022-10-30 21:00:00+00:00,4.0,3.1180179119110107
2022-10-30 22:00:00+00:00,1.0,1.542128324508667
2022-10-30 23:00:00+00:00,1.0,1.478623867034912
2022-10-31 00:00:00+00:00,0.0,1.6280077695846558
2022-10-31 01:00:00+00:00,2.0,1.4726810455322266
2022-10-31 02:00:00+00:00,3.0,6.0746636390686035
2022-10-31 03:00:00+00:00,13.0,13.288305282592773
2022-10-31 04:00:00+00:00,48.0,56.558258056640625
2022-10-31 05:00:00+00:00,40.0,74.43234252929688
2022-10-31 06:00:00+00:00,38.0,40.275604248046875
2022-10-31 07:00:00+00:00,25.0,45.85424041748047
2022-10-31 08:00:00+00:00,24.0,25.559316635131836
2022-10-31 09:00:00+00:00,31.0,23.389623641967773
2022-10-31 10:00:00+00:00,33.0,29.878822326660156
2022-10-31 11:00:00+00:00,20.0,33.661865234375
2022-10-31 12:00:00+00:00,25.0,24.061363220214844
2022-10-31 13:00:00+00:00,39.0,31.16741180419922
2022-10-31 14:00:00+00:00,30.0,31.14873695373535
2022-10-31 15:00:00+00:00,17.0,23.163663864135742
2022-10-31 16:00:00+00:00,20.0,14.853961944580078
2022-10-31 17:00:00+00:00,16.0,15.240253448486328
2022-10-31 18:00:00+00:00,12.0,13.380484580993652
2022-10-31 19:00:00+00:00,6.0,8.677780151367188
2022-10-31 20:00:00+00:00,3.0,4.065320014953613
2022-10-31 21:00:00+00:00,3.0,2.336684465408325
2022-10-31 22:00:00+00:00,3.0,1.0989221334457397
2022-10-31 23:00:00+00:00,0.0,2.753023624420166
2022-11-01 00:00:00+00:00,0.0,-0.3274192214012146
2022-11-01 01:00:00+00:00,1.0,0.024141311645507812
2022-11-01 02:00:00+00:00,4.0,4.2891364097595215
2022-11-01 03:00:00+00:00,10.0,14.369166374206543
2022-11-01 04:00:00+00:00,42.0,43.14047622680664
2022-11-01 05:00:00+00:00,35.0,63.85972213745117
2022-11-01 06:00:00+00:00,39.0,37.90711212158203
2022-11-01 07:00:00+00:00,40.0,48.56135559082031
2022-11-01 08:00:00+00:00,19.0,50.475730895996094
2022-11-01 09:00:00+00:00,44.0,20.54634666442871
2022-11-01 10:00:00+00:00,24.0,57.30009841918945
2022-11-01 11:00:00+00:00,26.0,23.448944091796875
2022-11-01 12:00:00+00:00,46.0,27.3380184173584
2022-11-01 13:00:00+00:00,45.0,72.22942352294922
2022-11-01 14:00:00+00:00,40.0,39.05339813232422
2022-11-01 15:00:00+00:00,20.0,33.14436721801758
2022-11-01 16:00:00+00:00,14.0,17.548423767089844
2022-11-01 17:00:00+00:00,15.0,12.773656845092773
2022-11-01 18:00:00+00:00,8.0,13.003169059753418
2022-11-01 19:00:00+00:00,5.0,6.886402606964111
2022-11-01 20:00:00+00:00,2.0,3.670741319656372
2022-11-01 21:00:00+00:00,1.0,1.558945894241333
2022-11-01 22:00:00+00:00,0.0,0.3599017262458801
2022-11-01 23:00:00+00:00,0.0,-0.24904519319534302
2022-11-02 00:00:00+00:00,0.0,-0.4812491536140442
2022-11-02 01:00:00+00:00,1.0,-0.14928573369979858
2022-11-02 02:00:00+00:00,5.0,3.808028221130371
2022-11-02 03:00:00+00:00,8.0,16.486003875732422
2022-11-02 04:00:00+00:00,36.0,37.10097122192383
2022-11-02 05:00:00+00:00,34.0,57.01051330566406
2022-11-02 06:00:00+00:00,29.0,38.13858413696289
2022-11-02 07:00:00+00:00,35.0,30.55310821533203
2022-11-02 08:00:00+00:00,35.0,39.444950103759766
2022-11-02 09:00:00+00:00,40.0,40.335479736328125
2022-11-02 10:00:00+00:00,37.0,48.85000228881836
2022-11-02 11:00:00+00:00,30.0,42.69221878051758
2022-11-02 12:00:00+00:00,37.0,33.37112808227539
2022-11-02 13:00:00+00:00,57.0,54.27730178833008
2022-11-02 14:00:00+00:00,32.0,49.43032455444336
2022-11-02 15:00:00+00:00,25.0,26.17613410949707
2022-11-02 16:00:00+00:00,14.0,21.916263580322266
2022-11-02 17:00:00+00:00,18.0,12.867568969726562
2022-11-02 18:00:00+00:00,14.0,14.357220649719238
2022-11-02 19:00:00+00:00,4.0,11.510149002075195
2022-11-02 20:00:00+00:00,3.0,2.4808740615844727
2022-11-02 21:00:00+00:00,1.5,2.1776487827301025
2022-11-02 22:00:00+00:00,0.0,0.8372006416320801
2022-11-02 23:00:00+00:00,0.0,-0.16528862714767456
2022-11-03 00:00:00+00:00,0.0,-0.3515564799308777
2022-11-03 01:00:00+00:00,1.0,-0.13093656301498413
2022-11-03 02:00:00+00:00,0.0,4.188446998596191
2022-11-03 03:00:00+00:00,5.0,5.481420516967773
2022-11-03 04:00:00+00:00,40.0,26.799161911010742
2022-11-03 05:00:00+00:00,42.0,61.462520599365234
2022-11-03 06:00:00+00:00,35.0,55.37374496459961
2022-11-03 07:00:00+00:00,19.0,45.572269439697266
2022-11-03 08:00:00+00:00,22.0,21.33179473876953
2022-11-03 09:00:00+00:00,31.0,24.392662048339844
2022-11-03 10:00:00+00:00,36.0,32.72968292236328
2022-11-03 11:00:00+00:00,33.0,41.642974853515625
2022-11-03 12:00:00+00:00,35.0,36.4195442199707
2022-11-03 13:00:00+00:00,38.0,51.017189025878906
2022-11-03 14:00:00+00:00,37.0,31.769336700439453
2022-11-03 15:00:00+00:00,31.0,32.50920104980469
2022-11-03 16:00:00+00:00,17.0,26.723604202270508
2022-11-03 17:00:00+00:00,12.0,13.988347053527832
2022-11-03 18:00:00+00:00,7.0,9.49866008758545
2022-11-03 19:00:00+00:00,6.0,5.424523830413818
2022-11-03 20:00:00+00:00,2.0,3.955324172973633
2022-11-03 21:00:00+00:00,1.0,0.8279736042022705
2022-11-03 22:00:00+00:00,0.0,0.30865007638931274
2022-11-03 23:00:00+00:00,2.0,-0.32136064767837524
2022-11-04 00:00:00+00:00,1.0,2.1934728622436523
2022-11-04 01:00:00+00:00,0.0,1.681199550628662
2022-11-04 02:00:00+00:00,1.0,1.445011019706726
2022-11-04 03:00:00+00:00,9.0,9.92828369140625
2022-11-04 04:00:00+00:00,28.0,38.68619918823242
2022-11-04 05:00:00+00:00,26.0,46.91395568847656
2022-11-04 06:00:00+00:00,32.0,30.70806884765625
2022-11-04 07:00:00+00:00,33.0,40.0477180480957
2022-11-04 08:00:00+00:00,41.0,36.40961456298828
2022-11-04 09:00:00+00:00,34.0,53.879241943359375
2022-11-04 10:00:00+00:00,30.0,36.6839714050293
2022-11-04 11:00:00+00:00,59.0,30.023778915405273
2022-11-04 12:00:00+00:00,58.0,76.31648254394531
2022-11-04 13:00:00+00:00,68.0,74.472412109375
2022-11-04 14:00:00+00:00,49.0,69.00546264648438
2022-11-04 15:00:00+00:00,35.0,52.726829528808594
2022-11-04 16:00:00+00:00,22.0,28.852577209472656
2022-11-04 17:00:00+00:00,12.0,15.13283634185791
2022-11-04 18:00:00+00:00,10.0,9.100139617919922
2022-11-04 19:00:00+00:00,5.0,8.131990432739258
2022-11-04 20:00:00+00:00,4.0,3.91931414604187
2022-11-04 21:00:00+00:00,2.0,3.499783515930176
2022-11-04 22:00:00+00:00,0.0,1.7841737270355225
2022-11-04 23:00:00+00:00,1.0,-0.4503304362297058
2022-11-05 00:00:00+00:00,1.0,0.19911545515060425
2022-11-05 01:00:00+00:00,0.0,0.21559453010559082
2022-11-05 02:00:00+00:00,0.0,-0.8112468123435974
2022-11-05 03:00:00+00:00,1.0,1.225588083267212
2022-11-05 04:00:00+00:00,4.0,8.033491134643555
2022-11-05 05:00:00+00:00,14.0,9.440390586853027
2022-11-05 06:00:00+00:00,20.0,26.801786422729492
2022-11-05 07:00:00+00:00,21.0,42.87297821044922
2022-11-05 08:00:00+00:00,38.0,34.94906997680664
2022-11-05 09:00:00+00:00,43.0,46.31007385253906
2022-11-05 10:00:00+00:00,30.0,56.85831832885742
2022-11-05 11:00:00+00:00,25.0,28.02757453918457
2022-11-05 12:00:00+00:00,31.0,23.345293045043945
2022-11-05 13:00:00+00:00,17.0,29.290342330932617
2022-11-05 14:00:00+00:00,30.0,16.46120262145996
2022-11-05 15:00:00+00:00,17.0,27.579395294189453
2022-11-05 16:00:00+00:00,18.0,14.03725814819336
2022-11-05 17:00:00+00:00,6.0,11.530462265014648
2022-11-05 18:00:00+00:00,6.0,4.833864212036133
2022-11-05 19:00:00+00:00,3.0,4.079686641693115
2022-11-05 20:00:00+00:00,3.0,2.873995542526245
2022-11-05 21:00:00+00:00,2.5,3.122612714767456
2022-11-05 22:00:00+00:00,2.0,2.6987144947052
2022-11-05 23:00:00+00:00,2.0,2.493223190307617
2022-11-06 00:00:00+00:00,0.0,2.250340223312378
2022-11-06 01:00:00+00:00,0.0,-0.8182644248008728
2022-11-06 02:00:00+00:00,0.0,-0.7983859181404114
2022-11-06 03:00:00+00:00,0.0,0.7445998787879944
2022-11-06 04:00:00+00:00,2.0,2.173450469970703
2022-11-06 05:00:00+00:00,5.0,7.798567295074463
2022-11-06 06:00:00+00:00,13.0,11.089402198791504
2022-11-06 07:00:00+00:00,16.0,24.157238006591797
2022-11-06 08:00:00+00:00,17.0,32.372337341308594
2022-11-06 09:00:00+00:00,41.0,23.535104751586914
2022-11-06 10:00:00+00:00,38.0,59.768856048583984
2022-11-06 11:00:00+00:00,45.0,45.77053451538086
2022-11-06 12:00:00+00:00,44.0,53.36296844482422
2022-11-06 13:00:00+00:00,55.0,45.451751708984375
2022-11-06 14:00:00+00:00,58.0,55.12577438354492
2022-11-06 15:00:00+00:00,48.0,55.131324768066406
2022-11-06 16:00:00+00:00,36.0,44.658668518066406
2022-11-06 17:00:00+00:00,22.0,32.35845947265625
2022-11-06 18:00:00+00:00,16.0,18.17011260986328
2022-11-06 19:00:00+00:00,13.0,9.8911771774292
2022-11-06 20:00:00+00:00,3.0,7.101512432098389
2022-11-06 21:00:00+00:00,2.5,0.8239576816558838
2022-11-06 22:00:00+00:00,2.0,0.7786738872528076
2022-11-06 23:00:00+00:00,2.0,2.3429572582244873
2022-11-07 00:00:00+00:00,0.0,2.9966769218444824
2022-11-07 01:00:00+00:00,0.0,0.4259493947029114
2022-11-07 02:00:00+00:00,6.0,1.993943452835083
2022-11-07 03:00:00+00:00,15.0,17.402578353881836
2022-11-07 04:00:00+00:00,51.0,62.724342346191406
2022-11-07 05:00:00+00:00,55.0,73.14527893066406
2022-11-07 06:00:00+00:00,31.0,62.01600646972656
2022-11-07 07:00:00+00:00,36.0,30.45597267150879
2022-11-07 08:00:00+00:00,21.0,40.61128616333008
2022-11-07 09:00:00+00:00,34.0,23.242677688598633
2022-11-07 10:00:00+00:00,36.0,32.523136138916016
2022-11-07 11:00:00+00:00,28.0,36.46442794799805
2022-11-07 12:00:00+00:00,32.0,29.7797794342041
2022-11-07 13:00:00+00:00,37.0,42.00675964355469
2022-11-07 14:00:00+00:00,35.0,28.347078323364258
2022-11-07 15:00:00+00:00,14.0,27.41826629638672
2022-11-07 16:00:00+00:00,12.0,13.606411933898926
2022-11-07 17:00:00+00:00,15.0,11.824419975280762
2022-11-07 18:00:00+00:00,8.0,12.718335151672363
2022-11-07 19:00:00+00:00,6.0,6.646409511566162
2022-11-07 20:00:00+00:00,1.0,4.407504558563232
2022-11-07 21:00:00+00:00,2.0,0.780829906463623
2022-11-07 22:00:00+00:00,3.0,0.7734438180923462
2022-11-07 23:00:00+00:00,0.0,2.9536712169647217
2022-11-08 00:00:00+00:00,0.0,-0.2666141390800476
2022-11-08 01:00:00+00:00,0.0,0.03349804878234863
2022-11-08 02:00:00+00:00,3.0,1.6418201923370361
2022-11-08 03:00:00+00:00,6.0,12.239641189575195
2022-11-08 04:00:00+00:00,40.0,31.340892791748047
2022-11-08 05:00:00+00:00,41.0,60.72046661376953
2022-11-08 06:00:00+00:00,31.0,51.440006256103516
2022-11-08 07:00:00+00:00,24.0,34.7042350769043
2022-11-08 08:00:00+00:00,28.0,25.166221618652344
2022-11-08 09:00:00+00:00,31.0,29.595905303955078
2022-11-08 10:00:00+00:00,39.0,29.756271362304688
2022-11-08 11:00:00+00:00,27.0,44.16440200805664
2022-11-08 12:00:00+00:00,37.0,28.01544952392578
2022-11-08 13:00:00+00:00,45.0,52.58198928833008
2022-11-08 14:00:00+00:00,39.0,39.468135833740234
2022-11-08 15:00:00+00:00,25.0,32.41218948364258
2022-11-08 16:00:00+00:00,16.0,21.985130310058594
2022-11-08 17:00:00+00:00,11.0,13.904611587524414
2022-11-08 18:00:00+00:00,10.0,9.833264350891113
2022-11-08 19:00:00+00:00,10.0,8.038275718688965
2022-11-08 20:00:00+00:00,4.0,6.674793243408203
2022-11-08 21:00:00+00:00,2.0,3.5951383113861084
2022-11-08 22:00:00+00:00,0.0,0.86170494556427
2022-11-08 23:00:00+00:00,2.0,-0.2570670247077942
2022-11-09 00:00:00+00:00,1.0,2.72403883934021
2022-11-09 01:00:00+00:00,0.0,1.573990821838379
2022-11-09 02:00:00+00:00,1.0,1.6315276622772217
2022-11-09 03:00:00+00:00,9.0,8.830297470092773
2022-11-09 04:00:00+00:00,38.0,38.759727478027344
2022-11-09 05:00:00+00:00,38.0,58.863975524902344
2022-11-09 06:00:00+00:00,41.0,48.15654373168945
2022-11-09 07:00:00+00:00,26.0,52.703739166259766
2022-11-09 08:00:00+00:00,25.0,29.23143768310547
2022-11-09 09:00:00+00:00,52.0,26.28175163269043
2022-11-09 10:00:00+00:00,29.0,70.00330352783203
2022-11-09 11:00:00+00:00,19.0,30.452816009521484
2022-11-09 12:00:00+00:00,45.0,22.16670036315918
2022-11-09 13:00:00+00:00,46.0,67.8570327758789
2022-11-09 14:00:00+00:00,42.0,40.854652404785156
2022-11-09 15:00:00+00:00,26.0,35.862674713134766
2022-11-09 16:00:00+00:00,22.0,22.6706485748291
2022-11-09 17:00:00+00:00,12.0,17.141752243041992
2022-11-09 18:00:00+00:00,9.0,10.372769355773926
2022-11-09 19:00:00+00:00,13.0,6.818846702575684
2022-11-09 20:00:00+00:00,6.0,8.445979118347168
2022-11-09 21:00:00+00:00,3.0,4.636612892150879
2022-11-09 22:00:00+00:00,0.0,1.3257845640182495
2022-11-09 23:00:00+00:00,1.0,-0.10533827543258667
2022-11-10 00:00:00+00:00,0.0,1.0912175178527832
2022-11-10 01:00:00+00:00,0.0,-0.12526655197143555
2022-11-10 02:00:00+00:00,0.0,1.3954555988311768
2022-11-10 03:00:00+00:00,6.0,5.024226665496826
2022-11-10 04:00:00+00:00,35.0,31.55919647216797
2022-11-10 05:00:00+00:00,31.0,55.527687072753906
2022-11-10 06:00:00+00:00,33.0,35.76750183105469
2022-11-10 07:00:00+00:00,24.0,42.27690124511719
2022-11-10 08:00:00+00:00,21.0,27.014995574951172
2022-11-10 09:00:00+00:00,38.0,23.750652313232422
2022-11-10 10:00:00+00:00,25.0,46.102455139160156
2022-11-10 11:00:00+00:00,28.0,25.31557273864746
2022-11-10 12:00:00+00:00,43.0,30.25125503540039
2022-11-10 13:00:00+00:00,67.0,62.65026092529297
2022-11-10 14:00:00+00:00,39.0,64.2109146118164
2022-11-10 15:00:00+00:00,24.0,34.595359802246094
2022-11-10 16:00:00+00:00,13.0,21.4533748626709
2022-11-10 17:00:00+00:00,12.0,11.74646282196045
2022-11-10 18:00:00+00:00,7.0,10.183341026306152
2022-11-10 19:00:00+00:00,6.0,5.464352607727051
2022-11-10 20:00:00+00:00,2.0,4.201393127441406
2022-11-10 21:00:00+00:00,1.0,0.8729146122932434
2022-11-10 22:00:00+00:00,0.0,0.36368197202682495
2022-11-10 23:00:00+00:00,1.0,-0.11875259876251221
2022-11-11 00:00:00+00:00,0.0,0.9333603978157043
2022-11-11 01:00:00+00:00,0.0,-0.052840232849121094
2022-11-11 02:00:00+00:00,4.0,1.4136747121810913
2022-11-11 03:00:00+00:00,6.0,15.177735328674316
2022-11-11 04:00:00+00:00,29.0,30.10723876953125
2022-11-11 05:00:00+00:00,22.0,48.41700744628906
2022-11-11 06:00:00+00:00,35.0,32.285858154296875
2022-11-11 07:00:00+00:00,34.0,48.355709075927734
2022-11-11 08:00:00+00:00,30.0,38.756160736083984
2022-11-11 09:00:00+00:00,46.0,32.72735595703125
2022-11-11 10:00:00+00:00,43.0,64.56671905517578
2022-11-11 11:00:00+00:00,47.0,53.72222137451172
2022-11-11 12:00:00+00:00,37.0,57.74064254760742
2022-11-11 13:00:00+00:00,60.0,45.72157287597656
2022-11-11 14:00:00+00:00,58.0,59.65066909790039
2022-11-11 15:00:00+00:00,29.0,49.56523513793945
2022-11-11 16:00:00+00:00,9.0,23.31968879699707
2022-11-11 17:00:00+00:00,13.0,7.944036483764648
2022-11-11 18:00:00+00:00,12.0,9.800552368164062
2022-11-11 19:00:00+00:00,6.0,9.013603210449219
2022-11-11 20:00:00+00:00,4.0,3.8781421184539795
2022-11-11 21:00:00+00:00,2.0,3.4909255504608154
2022-11-11 22:00:00+00:00,0.0,2.0907912254333496
2022-11-11 23:00:00+00:00,1.0,-0.3421068787574768
2022-11-12 00:00:00+00:00,0.0,0.18382245302200317
2022-11-12 01:00:00+00:00,0.0,-0.7610265612602234
2022-11-12 02:00:00+00:00,1.0,-0.7599702477455139
2022-11-12 03:00:00+00:00,2.0,4.2887163162231445
2022-11-12 04:00:00+00:00,6.0,10.556544303894043
2022-11-12 05:00:00+00:00,11.0,12.765944480895996
2022-11-12 06:00:00+00:00,26.0,20.953163146972656
2022-11-12 07:00:00+00:00,27.0,49.1947021484375
2022-11-12 08:00:00+00:00,32.0,40.180545806884766
2022-11-12 09:00:00+00:00,45.0,37.12549591064453
2022-11-12 10:00:00+00:00,48.0,59.965065002441406
2022-11-12 11:00:00+00:00,50.0,61.489925384521484
2022-11-12 12:00:00+00:00,39.0,57.894935607910156
2022-11-12 13:00:00+00:00,43.0,33.43426513671875
2022-11-12 14:00:00+00:00,13.0,36.33806228637695
2022-11-12 15:00:00+00:00,28.0,13.551925659179688
2022-11-12 16:00:00+00:00,9.0,22.70797348022461
2022-11-12 17:00:00+00:00,6.0,6.083397388458252
2022-11-12 18:00:00+00:00,5.0,4.6722588539123535
2022-11-12 19:00:00+00:00,3.0,3.0760838985443115
2022-11-12 20:00:00+00:00,6.0,2.5206851959228516
2022-11-12 21:00:00+00:00,4.5,5.335062503814697
2022-11-12 22:00:00+00:00,3.0,4.5008087158203125
2022-11-12 23:00:00+00:00,0.0,3.4020795822143555
2022-11-13 00:00:00+00:00,0.0,-0.24264007806777954
2022-11-13 01:00:00+00:00,0.0,-0.7524890303611755
2022-11-13 02:00:00+00:00,0.0,-0.8587806820869446
2022-11-13 03:00:00+00:00,1.0,0.26491302251815796
2022-11-13 04:00:00+00:00,3.0,3.77323842048645
2022-11-13 05:00:00+00:00,4.0,10.057123184204102
2022-11-13 06:00:00+00:00,9.0,8.788992881774902
2022-11-13 07:00:00+00:00,16.0,19.68792724609375
2022-11-13 08:00:00+00:00,22.0,30.02912712097168
2022-11-13 09:00:00+00:00,44.0,31.39255714416504
2022-11-13 10:00:00+00:00,47.0,63.553367614746094
2022-11-13 11:00:00+00:00,48.0,60.33076858520508
2022-11-13 12:00:00+00:00,46.0,57.20944595336914
2022-11-13 13:00:00+00:00,48.0,49.97087860107422
2022-11-13 14:00:00+00:00,52.0,46.17997741699219
2022-11-13 15:00:00+00:00,43.0,54.755680084228516
2022-11-13 16:00:00+00:00,42.0,41.06122589111328
2022-11-13 17:00:00+00:00,33.0,37.70412063598633
2022-11-13 18:00:00+00:00,9.0,25.397939682006836
2022-11-13 19:00:00+00:00,6.0,4.2901611328125
2022-11-13 20:00:00+00:00,6.0,3.063932180404663
2022-11-13 21:00:00+00:00,3.0,2.706061363220215
2022-11-13 22:00:00+00:00,0.0,1.033951997756958
2022-11-13 23:00:00+00:00,0.0,0.5361182689666748
2022-11-14 00:00:00+00:00,0.0,-0.20463627576828003
2022-11-14 01:00:00+00:00,0.0,0.4862295091152191
2022-11-14 02:00:00+00:00,3.0,1.7842748165130615
2022-11-14 03:00:00+00:00,14.0,12.860623359680176
2022-11-14 04:00:00+00:00,48.0,56.57676315307617
2022-11-14 05:00:00+00:00,37.0,68.3030014038086
2022-11-14 06:00:00+00:00,37.0,41.548458099365234
2022-11-14 07:00:00+00:00,25.0,46.17354202270508
2022-11-14 08:00:00+00:00,21.0,25.57638168334961
2022-11-14 09:00:00+00:00,32.0,21.794984817504883
2022-11-14 10:00:00+00:00,14.0,29.612472534179688
2022-11-14 11:00:00+00:00,25.0,14.763849258422852
2022-11-14 12:00:00+00:00,33.0,25.880292892456055
2022-11-14 13:00:00+00:00,47.0,44.38117218017578
2022-11-14 14:00:00+00:00,33.0,41.29283905029297
2022-11-14 15:00:00+00:00,28.0,26.130949020385742
2022-11-14 16:00:00+00:00,19.0,24.159189224243164
2022-11-14 17:00:00+00:00,11.0,15.015768051147461
2022-11-14 18:00:00+00:00,16.0,10.544441223144531
2022-11-14 19:00:00+00:00,4.0,12.633163452148438
2022-11-14 20:00:00+00:00,6.0,2.9562222957611084
2022-11-14 21:00:00+00:00,3.5,4.931090354919434
2022-11-14 22:00:00+00:00,1.0,1.5221383571624756
2022-11-14 23:00:00+00:00,3.0,0.5568341016769409
2022-11-15 00:00:00+00:00,3.0,3.8993642330169678
2022-11-15 01:00:00+00:00,1.0,4.537538528442383
2022-11-15 02:00:00+00:00,3.0,4.113223075866699
2022-11-15 03:00:00+00:00,16.0,12.357428550720215
2022-11-15 04:00:00+00:00,47.0,62.13335037231445
2022-11-15 05:00:00+00:00,40.0,69.3717041015625
2022-11-15 06:00:00+00:00,41.0,50.14748764038086
2022-11-15 07:00:00+00:00,30.0,52.2086296081543
2022-11-15 08:00:00+00:00,29.0,29.434598922729492
2022-11-15 09:00:00+00:00,32.0,30.04294776916504
2022-11-15 10:00:00+00:00,31.0,33.039283752441406
2022-11-15 11:00:00+00:00,43.0,31.08013343811035
2022-11-15 12:00:00+00:00,34.0,50.42724609375
2022-11-15 13:00:00+00:00,40.0,49.37123107910156
2022-11-15 14:00:00+00:00,36.0,33.2186393737793
2022-11-15 15:00:00+00:00,15.0,28.56230354309082
2022-11-15 16:00:00+00:00,12.0,14.020007133483887
2022-11-15 17:00:00+00:00,17.0,11.82800006866455
2022-11-15 18:00:00+00:00,4.0,13.683995246887207
2022-11-15 19:00:00+00:00,10.0,2.0948736667633057
2022-11-15 20:00:00+00:00,12.0,6.55980920791626
2022-11-15 21:00:00+00:00,6.5,7.521269798278809
2022-11-15 22:00:00+00:00,1.0,3.30389666557312
2022-11-15 23:00:00+00:00,1.0,0.6668714284896851
2022-11-16 00:00:00+00:00,2.0,0.8954801559448242
2022-11-16 01:00:00+00:00,0.0,3.585198402404785
2022-11-16 02:00:00+00:00,8.0,1.5407589673995972
2022-11-16 03:00:00+00:00,7.0,21.12311553955078
2022-11-16 04:00:00+00:00,43.0,33.691558837890625
2022-11-16 05:00:00+00:00,43.0,64.93753814697266
2022-11-16 06:00:00+00:00,34.0,55.62050247192383
2022-11-16 07:00:00+00:00,30.0,43.33428955078125
2022-11-16 08:00:00+00:00,26.0,30.007247924804688
2022-11-16 09:00:00+00:00,29.0,26.565017700195312
2022-11-16 10:00:00+00:00,23.0,27.321285247802734
2022-11-16 11:00:00+00:00,30.0,22.688276290893555
2022-11-16 12:00:00+00:00,35.0,34.25161361694336
2022-11-16 13:00:00+00:00,58.0,51.91724395751953
2022-11-16 14:00:00+00:00,33.0,50.69341278076172
2022-11-16 15:00:00+00:00,27.0,26.37590217590332
2022-11-16 16:00:00+00:00,19.0,24.118885040283203
2022-11-16 17:00:00+00:00,22.0,15.360400199890137
2022-11-16 18:00:00+00:00,8.0,16.09134864807129
2022-11-16 19:00:00+00:00,4.0,6.174118995666504
2022-11-16 20:00:00+00:00,5.0,2.3495283126831055
2022-11-16 21:00:00+00:00,4.5,3.817429542541504
2022-11-16 22:00:00+00:00,4.0,2.536257028579712
2022-11-16 23:00:00+00:00,2.0,3.60538649559021
2022-11-17 00:00:00+00:00,0.0,2.7139317989349365
2022-11-17 01:00:00+00:00,1.0,-0.07821005582809448
2022-11-17 02:00:00+00:00,6.0,4.179582595825195
2022-11-17 03:00:00+00:00,7.0,18.44852066040039
2022-11-17 04:00:00+00:00,38.0,33.88978958129883
2022-11-17 05:00:00+00:00,42.0,58.21904373168945
2022-11-17 06:00:00+00:00,37.0,54.315181732177734
2022-11-17 07:00:00+00:00,25.0,49.69901657104492
2022-11-17 08:00:00+00:00,22.0,28.46346664428711
2022-11-17 09:00:00+00:00,33.0,23.8387508392334
2022-11-17 10:00:00+00:00,31.0,34.65584945678711
2022-11-17 11:00:00+00:00,39.0,32.57731246948242
2022-11-17 12:00:00+00:00,40.0,45.587120056152344
2022-11-17 13:00:00+00:00,37.0,59.71379089355469
2022-11-17 14:00:00+00:00,43.0,30.725540161132812
2022-11-17 15:00:00+00:00,23.0,38.92498016357422
2022-11-17 16:00:00+00:00,17.0,19.680021286010742
2022-11-17 17:00:00+00:00,13.0,13.865358352661133
2022-11-17 18:00:00+00:00,11.0,10.797442436218262
2022-11-17 19:00:00+00:00,6.0,8.018189430236816
2022-11-17 20:00:00+00:00,5.0,3.9111111164093018
2022-11-17 21:00:00+00:00,3.0,3.2042102813720703
2022-11-17 22:00:00+00:00,1.0,1.630096197128296
2022-11-17 23:00:00+00:00,6.0,0.6759768128395081
2022-11-18 00:00:00+00:00,7.0,6.051372528076172
2022-11-18 01:00:00+00:00,0.0,7.99601411819458
2022-11-18 02:00:00+00:00,1.0,1.3533941507339478
2022-11-18 03:00:00+00:00,9.0,11.128098487854004
2022-11-18 04:00:00+00:00,25.0,38.782405853271484
2022-11-18 05:00:00+00:00,37.0,41.95022964477539
2022-11-18 06:00:00+00:00,30.0,51.79210662841797
2022-11-18 07:00:00+00:00,37.0,34.08169937133789
2022-11-18 08:00:00+00:00,39.0,47.57172393798828
2022-11-18 09:00:00+00:00,43.0,47.26536560058594
2022-11-18 10:00:00+00:00,53.0,56.198585510253906
2022-11-18 11:00:00+00:00,50.0,72.94405364990234
2022-11-18 12:00:00+00:00,58.0,62.71745300292969
2022-11-18 13:00:00+00:00,65.0,75.05631256103516
2022-11-18 14:00:00+00:00,69.0,62.8909912109375
2022-11-18 15:00:00+00:00,41.0,67.03728485107422
2022-11-18 16:00:00+00:00,23.0,34.86233901977539
2022-11-18 17:00:00+00:00,14.0,16.595603942871094
2022-11-18 18:00:00+00:00,15.0,10.843184471130371
2022-11-18 19:00:00+00:00,2.0,11.787235260009766
2022-11-18 20:00:00+00:00,0.0,1.575858473777771
2022-11-18 21:00:00+00:00,1.5,0.15427035093307495
2022-11-18 22:00:00+00:00,3.0,1.556506872177124
2022-11-18 23:00:00+00:00,2.0,2.5047714710235596
2022-11-19 00:00:00+00:00,2.0,1.2130885124206543
2022-11-19 01:00:00+00:00,0.0,1.8499798774719238
2022-11-19 02:00:00+00:00,0.0,-0.8392552733421326
2022-11-19 03:00:00+00:00,3.0,1.76871657371521
2022-11-19 04:00:00+00:00,6.0,11.605097770690918
2022-11-19 05:00:00+00:00,9.0,13.012139320373535
2022-11-19 06:00:00+00:00,19.0,18.08782958984375
2022-11-19 07:00:00+00:00,19.0,41.93412399291992
2022-11-19 08:00:00+00:00,44.0,30.6406192779541
2022-11-19 09:00:00+00:00,37.0,58.21553039550781
2022-11-19 10:00:00+00:00,36.0,42.00640106201172
2022-11-19 11:00:00+00:00,24.0,35.7136344909668
2022-11-19 12:00:00+00:00,40.0,21.92474365234375
2022-11-19 13:00:00+00:00,25.0,34.649532318115234
2022-11-19 14:00:00+00:00,34.0,23.30620002746582
2022-11-19 15:00:00+00:00,17.0,30.68777847290039
2022-11-19 16:00:00+00:00,15.0,16.27739906311035
2022-11-19 17:00:00+00:00,10.0,10.08364486694336
2022-11-19 18:00:00+00:00,7.0,7.148880958557129
2022-11-19 19:00:00+00:00,7.0,4.938950538635254
2022-11-19 20:00:00+00:00,7.0,6.457746505737305
2022-11-19 21:00:00+00:00,4.5,6.403932571411133
2022-11-19 22:00:00+00:00,2.0,4.780283451080322
2022-11-19 23:00:00+00:00,3.0,2.3999080657958984
2022-11-20 00:00:00+00:00,2.0,2.9358131885528564
2022-11-20 01:00:00+00:00,0.0,2.2378978729248047
2022-11-20 02:00:00+00:00,1.0,-0.9965898394584656
2022-11-20 03:00:00+00:00,4.0,1.0617132186889648
2022-11-20 04:00:00+00:00,4.0,9.117984771728516
2022-11-20 05:00:00+00:00,5.0,11.13847541809082
2022-11-20 06:00:00+00:00,10.0,10.595625877380371
2022-11-20 07:00:00+00:00,6.0,20.911123275756836
2022-11-20 08:00:00+00:00,26.0,17.58587074279785
2022-11-20 09:00:00+00:00,26.0,40.215572357177734
2022-11-20 10:00:00+00:00,47.0,33.2961540222168
2022-11-20 11:00:00+00:00,34.0,60.537147521972656
2022-11-20 12:00:00+00:00,51.0,36.540157318115234
2022-11-20 13:00:00+00:00,54.0,55.17873764038086
2022-11-20 14:00:00+00:00,42.0,54.79802703857422
2022-11-20 15:00:00+00:00,42.0,40.83332061767578
2022-11-20 16:00:00+00:00,27.0,41.19931411743164
2022-11-20 17:00:00+00:00,16.0,26.637104034423828
2022-11-20 18:00:00+00:00,16.0,13.422197341918945
2022-11-20 19:00:00+00:00,5.0,9.613777160644531
2022-11-20 20:00:00+00:00,8.0,2.433790445327759
2022-11-20 21:00:00+00:00,4.5,3.7460415363311768
2022-11-20 22:00:00+00:00,1.0,1.8452749252319336
2022-11-20 23:00:00+00:00,0.0,1.5074539184570312
2022-11-21 00:00:00+00:00,0.0,-0.26718825101852417
2022-11-21 01:00:00+00:00,0.0,0.4268800616264343
2022-11-21 02:00:00+00:00,8.0,1.6085156202316284
2022-11-21 03:00:00+00:00,13.0,20.358312606811523
2022-11-21 04:00:00+00:00,50.0,54.189029693603516
2022-11-21 05:00:00+00:00,44.0,72.4354248046875
2022-11-21 06:00:00+00:00,28.0,55.73533248901367
2022-11-21 07:00:00+00:00,22.0,26.606693267822266
2022-11-21 08:00:00+00:00,30.0,22.32689666748047
2022-11-21 09:00:00+00:00,30.0,31.44805908203125
2022-11-21 10:00:00+00:00,31.0,27.06794548034668
2022-11-21 11:00:00+00:00,23.0,30.10383415222168
2022-11-21 12:00:00+00:00,43.0,25.45351791381836
2022-11-21 13:00:00+00:00,60.0,61.80049133300781
2022-11-21 14:00:00+00:00,31.0,48.87411880493164
2022-11-21 15:00:00+00:00,29.0,24.36443519592285
2022-11-21 16:00:00+00:00,18.0,25.443878173828125
2022-11-21 17:00:00+00:00,17.0,15.08565902709961
2022-11-21 18:00:00+00:00,7.0,13.830141067504883
2022-11-21 19:00:00+00:00,5.0,5.065014362335205
2022-11-21 20:00:00+00:00,5.0,4.088548183441162
2022-11-21 21:00:00+00:00,2.5,4.03857946395874
2022-11-21 22:00:00+00:00,0.0,0.9745508432388306
2022-11-21 23:00:00+00:00,0.0,-0.27766650915145874
2022-11-22 00:00:00+00:00,0.0,-0.27193957567214966
2022-11-22 01:00:00+00:00,1.0,0.03182142972946167
2022-11-22 02:00:00+00:00,8.0,4.15872859954834
2022-11-22 03:00:00+00:00,11.0,20.515399932861328
2022-11-22 04:00:00+00:00,42.0,45.07282638549805
2022-11-22 05:00:00+00:00,41.0,63.799102783203125
2022-11-22 06:00:00+00:00,29.0,52.54745864868164
2022-11-22 07:00:00+00:00,23.0,28.93332290649414
2022-11-22 08:00:00+00:00,26.0,25.0468807220459
2022-11-22 09:00:00+00:00,28.0,27.751245498657227
2022-11-22 10:00:00+00:00,32.0,26.684314727783203
2022-11-22 11:00:00+00:00,33.0,32.836341857910156
2022-11-22 12:00:00+00:00,42.0,37.5058708190918
2022-11-22 13:00:00+00:00,52.0,59.51392364501953
2022-11-22 14:00:00+00:00,33.0,46.4979362487793
2022-11-22 15:00:00+00:00,23.0,26.213653564453125
2022-11-22 16:00:00+00:00,17.0,20.430997848510742
2022-11-22 17:00:00+00:00,12.0,14.242289543151855
2022-11-22 18:00:00+00:00,9.0,10.755929946899414
2022-11-22 19:00:00+00:00,5.0,7.061811447143555
2022-11-22 20:00:00+00:00,5.0,3.779960870742798
2022-11-22 21:00:00+00:00,2.5,3.843074321746826
2022-11-22 22:00:00+00:00,0.0,1.0983983278274536
2022-11-22 23:00:00+00:00,1.0,-0.2696529030799866
2022-11-23 00:00:00+00:00,0.0,1.0883480310440063
2022-11-23 01:00:00+00:00,2.0,-0.12934130430221558
2022-11-23 02:00:00+00:00,2.0,6.197439670562744
2022-11-23 03:00:00+00:00,6.0,11.719992637634277
2022-11-23 04:00:00+00:00,43.0,30.46161651611328
2022-11-23 05:00:00+00:00,40.0,65.05487060546875
2022-11-23 06:00:00+00:00,28.0,50.28763961791992
2022-11-23 07:00:00+00:00,24.0,29.201078414916992
2022-11-23 08:00:00+00:00,35.0,25.846567153930664
2022-11-23 09:00:00+00:00,35.0,37.8653450012207
2022-11-23 10:00:00+00:00,46.0,36.35204315185547
2022-11-23 11:00:00+00:00,32.0,60.13783264160156
2022-11-23 12:00:00+00:00,42.0,36.210994720458984
2022-11-23 13:00:00+00:00,50.0,60.99898910522461
2022-11-23 14:00:00+00:00,30.0,43.41403579711914
2022-11-23 15:00:00+00:00,24.0,24.43221664428711
2022-11-23 16:00:00+00:00,22.0,21.28881072998047
2022-11-23 17:00:00+00:00,24.0,17.356969833374023
2022-11-23 18:00:00+00:00,16.0,17.83135986328125
2022-11-23 19:00:00+00:00,5.0,12.115636825561523
2022-11-23 20:00:00+00:00,2.0,3.3546297550201416
2022-11-23 21:00:00+00:00,1.0,1.0946509838104248
2022-11-23 22:00:00+00:00,0.0,0.30102652311325073
2022-11-23 23:00:00+00:00,1.0,-0.22162431478500366
2022-11-24 00:00:00+00:00,0.0,0.9983376860618591
2022-11-24 01:00:00+00:00,0.0,-0.058219969272613525
2022-11-24 02:00:00+00:00,0.0,1.3409082889556885
2022-11-24 03:00:00+00:00,5.0,5.164485931396484
2022-11-24 04:00:00+00:00,40.0,27.568378448486328
2022-11-24 05:00:00+00:00,39.0,60.41593933105469
2022-11-24 06:00:00+00:00,35.0,50.462615966796875
2022-11-24 07:00:00+00:00,46.0,45.4699821472168
2022-11-24 08:00:00+00:00,31.0,60.72420883178711
2022-11-24 09:00:00+00:00,35.0,32.07453536987305
2022-11-24 10:00:00+00:00,35.0,38.47987365722656
2022-11-24 11:00:00+00:00,37.0,41.21522521972656
2022-11-24 12:00:00+00:00,36.0,43.244842529296875
2022-11-24 13:00:00+00:00,47.0,53.22670364379883
2022-11-24 14:00:00+00:00,35.0,43.221893310546875
2022-11-24 15:00:00+00:00,23.0,29.419458389282227
2022-11-24 16:00:00+00:00,19.0,20.15460205078125
2022-11-24 17:00:00+00:00,9.0,15.491902351379395
2022-11-24 18:00:00+00:00,9.0,8.06725025177002
2022-11-24 19:00:00+00:00,7.0,6.549465656280518
2022-11-24 20:00:00+00:00,6.0,4.400915145874023
2022-11-24 21:00:00+00:00,4.0,3.6579551696777344
2022-11-24 22:00:00+00:00,2.0,2.6496388912200928
2022-11-24 23:00:00+00:00,1.0,1.4270212650299072
2022-11-25 00:00:00+00:00,0.0,0.2245904803276062
2022-11-25 01:00:00+00:00,0.0,-0.08696532249450684
2022-11-25 02:00:00+00:00,1.0,1.2004497051239014
2022-11-25 03:00:00+00:00,8.0,9.744550704956055
2022-11-25 04:00:00+00:00,41.0,35.89713668823242
2022-11-25 05:00:00+00:00,26.0,61.94786071777344
2022-11-25 06:00:00+00:00,25.0,29.85490608215332
2022-11-25 07:00:00+00:00,35.0,29.097684860229492
2022-11-25 08:00:00+00:00,38.0,40.61661911010742
2022-11-25 09:00:00+00:00,41.0,47.88603210449219
2022-11-25 10:00:00+00:00,49.0,52.850494384765625
2022-11-25 11:00:00+00:00,42.0,67.58287048339844
2022-11-25 12:00:00+00:00,46.0,51.87373352050781
2022-11-25 13:00:00+00:00,62.0,58.19538497924805
2022-11-25 14:00:00+00:00,36.0,61.783206939697266
2022-11-25 15:00:00+00:00,35.0,32.92601776123047
2022-11-25 16:00:00+00:00,15.0,29.349557876586914
2022-11-25 17:00:00+00:00,14.0,11.719402313232422
2022-11-25 18:00:00+00:00,4.0,10.581913948059082
2022-11-25 19:00:00+00:00,5.0,2.931269884109497
2022-11-25 20:00:00+00:00,15.0,3.4952516555786133
2022-11-25 21:00:00+00:00,9.0,11.605319023132324
2022-11-25 22:00:00+00:00,3.0,6.864010810852051
2022-11-25 23:00:00+00:00,3.0,2.5549352169036865
2022-11-26 00:00:00+00:00,2.0,2.366992712020874
2022-11-26 01:00:00+00:00,1.0,1.6639297008514404
2022-11-26 02:00:00+00:00,0.0,0.04739433526992798
2022-11-26 03:00:00+00:00,1.0,0.7754355072975159
2022-11-26 04:00:00+00:00,7.0,8.264673233032227
2022-11-26 05:00:00+00:00,13.0,14.233492851257324
2022-11-26 06:00:00+00:00,18.0,23.709959030151367
2022-11-26 07:00:00+00:00,37.0,40.37227249145508
2022-11-26 08:00:00+00:00,43.0,58.09864807128906
2022-11-26 09:00:00+00:00,23.0,59.31611633300781
2022-11-26 10:00:00+00:00,31.0,25.74728012084961
2022-11-26 11:00:00+00:00,31.0,29.935985565185547
2022-11-26 12:00:00+00:00,29.0,28.23876190185547
2022-11-26 13:00:00+00:00,26.0,26.768686294555664
2022-11-26 14:00:00+00:00,22.0,23.676176071166992
2022-11-26 15:00:00+00:00,28.0,19.798587799072266
2022-11-26 16:00:00+00:00,24.0,22.55502700805664
2022-11-26 17:00:00+00:00,11.0,15.205972671508789
2022-11-26 18:00:00+00:00,8.0,7.755489826202393
2022-11-26 19:00:00+00:00,7.0,5.667367935180664
2022-11-26 20:00:00+00:00,1.0,6.271859645843506
2022-11-26 21:00:00+00:00,1.5,1.1439722776412964
2022-11-26 22:00:00+00:00,2.0,1.8986663818359375
2022-11-26 23:00:00+00:00,1.0,2.1752326488494873
2022-11-27 00:00:00+00:00,0.0,0.5971391797065735
2022-11-27 01:00:00+00:00,0.0,-0.44525808095932007
2022-11-27 02:00:00+00:00,0.0,-0.9841808676719666
2022-11-27 03:00:00+00:00,0.0,0.27637916803359985
2022-11-27 04:00:00+00:00,5.0,1.9831154346466064
2022-11-27 05:00:00+00:00,1.0,13.398983001708984
2022-11-27 06:00:00+00:00,13.0,3.812091588973999
2022-11-27 07:00:00+00:00,10.0,23.1934871673584
2022-11-27 08:00:00+00:00,10.0,25.075077056884766
2022-11-27 09:00:00+00:00,33.0,17.69432258605957
2022-11-27 10:00:00+00:00,42.0,41.41707992553711
2022-11-27 11:00:00+00:00,36.0,54.169837951660156
2022-11-27 12:00:00+00:00,44.0,36.97709274291992
2022-11-27 13:00:00+00:00,58.0,43.35350036621094
2022-11-27 14:00:00+00:00,41.0,56.83341979980469
2022-11-27 15:00:00+00:00,35.0,39.19591522216797
2022-11-27 16:00:00+00:00,21.0,36.09796905517578
2022-11-27 17:00:00+00:00,27.0,19.837650299072266
2022-11-27 18:00:00+00:00,19.0,21.889541625976562
2022-11-27 19:00:00+00:00,10.0,12.003397941589355
2022-11-27 20:00:00+00:00,7.0,5.274170875549316
2022-11-27 21:00:00+00:00,3.5,3.1102914810180664
2022-11-27 22:00:00+00:00,0.0,1.374556303024292
2022-11-27 23:00:00+00:00,0.0,0.4614782929420471
2022-11-28 00:00:00+00:00,0.0,-0.16205483675003052
2022-11-28 01:00:00+00:00,0.0,0.45646095275878906
2022-11-28 02:00:00+00:00,7.0,1.9451196193695068
2022-11-28 03:00:00+00:00,13.0,18.65402603149414
2022-11-28 04:00:00+00:00,58.0,54.19559097290039
2022-11-28 05:00:00+00:00,31.0,82.2312240600586
2022-11-28 06:00:00+00:00,36.0,33.698951721191406
2022-11-28 07:00:00+00:00,31.0,43.597381591796875
2022-11-28 08:00:00+00:00,26.0,30.213605880737305
2022-11-28 09:00:00+00:00,24.0,26.279094696044922
2022-11-28 10:00:00+00:00,29.0,22.00720977783203
2022-11-28 11:00:00+00:00,25.0,29.17932891845703
2022-11-28 12:00:00+00:00,27.0,26.40395736694336
2022-11-28 13:00:00+00:00,46.0,36.36869812011719
2022-11-28 14:00:00+00:00,26.0,39.37999725341797
2022-11-28 15:00:00+00:00,18.0,20.547489166259766
2022-11-28 16:00:00+00:00,23.0,16.50224494934082
2022-11-28 17:00:00+00:00,11.0,17.387187957763672
2022-11-28 18:00:00+00:00,9.0,9.548853874206543
2022-11-28 19:00:00+00:00,10.0,6.892403602600098
2022-11-28 20:00:00+00:00,2.0,7.06310510635376
2022-11-28 21:00:00+00:00,1.0,1.3098528385162354
2022-11-28 22:00:00+00:00,0.0,0.2533356547355652
2022-11-28 23:00:00+00:00,0.0,-0.38379043340682983
2022-11-29 00:00:00+00:00,0.0,-0.6341212391853333
2022-11-29 01:00:00+00:00,0.0,-0.15720242261886597
2022-11-29 02:00:00+00:00,2.0,1.5554485321044922
2022-11-29 03:00:00+00:00,16.0,11.539451599121094
2022-11-29 04:00:00+00:00,42.0,65.404296875
2022-11-29 05:00:00+00:00,41.0,52.583740234375
2022-11-29 06:00:00+00:00,24.0,52.511600494384766
2022-11-29 07:00:00+00:00,21.0,21.3968448638916
2022-11-29 08:00:00+00:00,30.0,21.741016387939453
2022-11-29 09:00:00+00:00,28.0,31.160701751708984
2022-11-29 10:00:00+00:00,20.0,28.42593765258789
2022-11-29 11:00:00+00:00,34.0,20.73796272277832
2022-11-29 12:00:00+00:00,48.0,38.531333923339844
2022-11-29 13:00:00+00:00,51.0,66.19380187988281
2022-11-29 14:00:00+00:00,36.0,39.42931365966797
2022-11-29 15:00:00+00:00,12.0,28.795886993408203
2022-11-29 16:00:00+00:00,20.0,13.230634689331055
2022-11-29 17:00:00+00:00,16.0,16.03577995300293
2022-11-29 18:00:00+00:00,6.0,13.221085548400879
2022-11-29 19:00:00+00:00,3.0,4.065433502197266
2022-11-29 20:00:00+00:00,5.0,2.2507317066192627
2022-11-29 21:00:00+00:00,3.0,3.8070642948150635
2022-11-29 22:00:00+00:00,1.0,1.082495093345642
2022-11-29 23:00:00+00:00,0.0,0.5319371819496155
2022-11-30 00:00:00+00:00,0.0,-0.7172837853431702
2022-11-30 01:00:00+00:00,0.0,-0.32876354455947876
2022-11-30 02:00:00+00:00,3.0,1.1774598360061646
2022-11-30 03:00:00+00:00,7.0,13.451115608215332
2022-11-30 04:00:00+00:00,47.0,33.8900032043457
2022-11-30 05:00:00+00:00,35.0,58.23520278930664
2022-11-30 06:00:00+00:00,26.0,43.853355407714844
2022-11-30 07:00:00+00:00,36.0,24.822525024414062
2022-11-30 08:00:00+00:00,26.0,34.36064147949219
2022-11-30 09:00:00+00:00,42.0,28.01054573059082
2022-11-30 10:00:00+00:00,30.0,45.930870056152344
2022-11-30 11:00:00+00:00,34.0,30.781843185424805
2022-11-30 12:00:00+00:00,37.0,38.988285064697266
2022-11-30 13:00:00+00:00,39.0,52.97580337524414
2022-11-30 14:00:00+00:00,31.0,32.210655212402344
2022-11-30 15:00:00+00:00,15.0,23.936559677124023
2022-11-30 16:00:00+00:00,17.0,14.661056518554688
2022-11-30 17:00:00+00:00,11.0,14.858719825744629
2022-11-30 18:00:00+00:00,12.0,9.193646430969238
2022-11-30 19:00:00+00:00,8.0,9.260083198547363
2022-11-30 20:00:00+00:00,1.0,5.589605331420898
2022-11-30 21:00:00+00:00,2.0,0.2734551429748535
2022-11-30 22:00:00+00:00,3.0,0.6167149543762207
2022-11-30 23:00:00+00:00,3.0,2.4497592449188232
2022-12-01 00:00:00+00:00,0.0,2.8966219425201416
2022-12-01 01:00:00+00:00,0.0,-0.8379294276237488
2022-12-01 02:00:00+00:00,2.0,0.8097019195556641
2022-12-01 03:00:00+00:00,10.0,9.771114349365234
2022-12-01 04:00:00+00:00,35.0,39.90680694580078
2022-12-01 05:00:00+00:00,42.0,44.3243293762207
2022-12-01 06:00:00+00:00,35.0,54.210506439208984
2022-12-01 07:00:00+00:00,31.0,36.167781829833984
2022-12-01 08:00:00+00:00,22.0,32.486148834228516
2022-12-01 09:00:00+00:00,26.0,25.077768325805664
2022-12-01 10:00:00+00:00,31.0,25.532331466674805
2022-12-01 11:00:00+00:00,28.0,30.068220138549805
2022-12-01 12:00:00+00:00,45.0,30.642255783081055
2022-12-01 13:00:00+00:00,62.0,59.31786346435547
2022-12-01 14:00:00+00:00,26.0,49.97222137451172
2022-12-01 15:00:00+00:00,23.0,21.4038028717041
2022-12-01 16:00:00+00:00,10.0,20.26106071472168
2022-12-01 17:00:00+00:00,11.0,10.532221794128418
2022-12-01 18:00:00+00:00,11.0,9.3984956741333
2022-12-01 19:00:00+00:00,8.0,8.990348815917969
2022-12-01 20:00:00+00:00,5.0,5.627610206604004
2022-12-01 21:00:00+00:00,2.5,3.686466932296753
2022-12-01 22:00:00+00:00,0.0,1.3527694940567017
2022-12-01 23:00:00+00:00,4.0,-0.32251471281051636
2022-12-02 00:00:00+00:00,0.0,4.037652015686035
2022-12-02 01:00:00+00:00,0.0,-0.8163668513298035
2022-12-02 02:00:00+00:00,1.0,-0.3239261507987976
2022-12-02 03:00:00+00:00,7.0,6.8423943519592285
2022-12-02 04:00:00+00:00,36.0,33.72770690917969
2022-12-02 05:00:00+00:00,25.0,47.155189514160156
2022-12-02 06:00:00+00:00,32.0,27.84380340576172
2022-12-02 07:00:00+00:00,30.0,30.344839096069336
2022-12-02 08:00:00+00:00,30.0,33.766815185546875
2022-12-02 09:00:00+00:00,27.0,32.1336784362793
2022-12-02 10:00:00+00:00,32.0,26.908510208129883
2022-12-02 11:00:00+00:00,36.0,30.671142578125
2022-12-02 12:00:00+00:00,59.0,40.4309196472168
2022-12-02 13:00:00+00:00,53.0,70.9677505493164
2022-12-02 14:00:00+00:00,56.0,47.34694290161133
2022-12-02 15:00:00+00:00,28.0,45.2984504699707
2022-12-02 16:00:00+00:00,28.0,22.695898056030273
2022-12-02 17:00:00+00:00,10.0,20.72933006286621
2022-12-02 18:00:00+00:00,9.0,7.604737281799316
2022-12-02 19:00:00+00:00,8.0,7.463517665863037
2022-12-02 20:00:00+00:00,5.0,6.283515930175781
2022-12-02 21:00:00+00:00,5.0,4.532919406890869
2022-12-02 22:00:00+00:00,5.0,4.6294145584106445
2022-12-02 23:00:00+00:00,3.0,4.556236743927002
2022-12-03 00:00:00+00:00,0.0,3.87650990486145
2022-12-03 01:00:00+00:00,2.0,-0.5833612084388733
2022-12-03 02:00:00+00:00,0.0,0.3285854458808899
2022-12-03 03:00:00+00:00,3.0,-0.815647542476654
2022-12-03 04:00:00+00:00,8.0,11.050353050231934
2022-12-03 05:00:00+00:00,9.0,15.915679931640625
2022-12-03 06:00:00+00:00,13.0,18.50005531311035
2022-12-03 07:00:00+00:00,24.0,30.066673278808594
2022-12-03 08:00:00+00:00,35.0,42.576473236083984
2022-12-03 09:00:00+00:00,21.0,47.97463607788086
2022-12-03 10:00:00+00:00,32.0,24.87285041809082
2022-12-03 11:00:00+00:00,28.0,31.006681442260742
2022-12-03 12:00:00+00:00,21.0,28.532541275024414
2022-12-03 13:00:00+00:00,24.0,19.350494384765625
2022-12-03 14:00:00+00:00,22.0,23.108993530273438
2022-12-03 15:00:00+00:00,18.0,20.382633209228516
2022-12-03 16:00:00+00:00,9.0,15.472580909729004
2022-12-03 17:00:00+00:00,5.0,5.518729209899902
2022-12-03 18:00:00+00:00,4.0,3.7729384899139404
2022-12-03 19:00:00+00:00,4.0,2.5958032608032227
2022-12-03 20:00:00+00:00,3.0,3.8604159355163574
2022-12-03 21:00:00+00:00,2.0,2.7316088676452637
2022-12-03 22:00:00+00:00,1.0,2.122401237487793
2022-12-03 23:00:00+00:00,3.0,0.2580806016921997
2022-12-04 00:00:00+00:00,1.0,3.1978166103363037
2022-12-04 01:00:00+00:00,0.0,0.9501999616622925
2022-12-04 02:00:00+00:00,1.0,-1.108701229095459
2022-12-04 03:00:00+00:00,1.0,0.9826542139053345
2022-12-04 04:00:00+00:00,11.0,3.3156611919403076
2022-12-04 05:00:00+00:00,9.0,20.62164306640625
2022-12-04 06:00:00+00:00,4.0,15.83328628540039
2022-12-04 07:00:00+00:00,7.0,8.993714332580566
2022-12-04 08:00:00+00:00,20.0,20.001663208007812
2022-12-04 09:00:00+00:00,31.0,29.799165725708008
2022-12-04 10:00:00+00:00,34.0,39.35475540161133
2022-12-04 11:00:00+00:00,37.0,37.457435607910156
2022-12-04 12:00:00+00:00,42.0,36.992759704589844
2022-12-04 13:00:00+00:00,36.0,39.70421600341797
2022-12-04 14:00:00+00:00,41.0,38.64668273925781
2022-12-04 15:00:00+00:00,44.0,39.83457565307617
2022-12-04 16:00:00+00:00,34.0,41.465091705322266
2022-12-04 17:00:00+00:00,18.0,30.98841667175293
2022-12-04 18:00:00+00:00,18.0,16.23212242126465
2022-12-04 19:00:00+00:00,14.0,11.955873489379883
2022-12-04 20:00:00+00:00,4.0,7.860352516174316
2022-12-04 21:00:00+00:00,2.0,1.41318678855896
2022-12-04 22:00:00+00:00,0.0,0.6240386962890625
2022-12-04 23:00:00+00:00,0.0,0.28077423572540283
2022-12-05 00:00:00+00:00,1.0,-0.7159439921379089
2022-12-05 01:00:00+00:00,2.0,1.1569626331329346
2022-12-05 02:00:00+00:00,6.0,5.6662187576293945
2022-12-05 03:00:00+00:00,12.0,17.13686180114746
2022-12-05 04:00:00+00:00,40.0,44.46229553222656
2022-12-05 05:00:00+00:00,40.0,47.98414611816406
2022-12-05 06:00:00+00:00,30.0,51.00260925292969
2022-12-05 07:00:00+00:00,31.0,26.500150680541992
2022-12-05 08:00:00+00:00,28.0,31.341876983642578
2022-12-05 09:00:00+00:00,24.0,30.6638240814209
2022-12-05 10:00:00+00:00,25.0,24.690500259399414
2022-12-05 11:00:00+00:00,30.0,25.281496047973633
2022-12-05 12:00:00+00:00,51.0,33.529109954833984
2022-12-05 13:00:00+00:00,49.0,61.764183044433594
2022-12-05 14:00:00+00:00,43.0,36.84351348876953
2022-12-05 15:00:00+00:00,23.0,32.98738479614258
2022-12-05 16:00:00+00:00,19.0,20.34309196472168
2022-12-05 17:00:00+00:00,5.0,15.874373435974121
2022-12-05 18:00:00+00:00,1.0,4.053223609924316
2022-12-05 19:00:00+00:00,3.0,-0.5113207697868347
2022-12-05 20:00:00+00:00,5.0,3.0557515621185303
2022-12-05 21:00:00+00:00,2.5,4.955225467681885
2022-12-05 22:00:00+00:00,0.0,1.0893120765686035
2022-12-05 23:00:00+00:00,0.0,-0.3640914559364319
2022-12-06 00:00:00+00:00,0.0,-0.8701046109199524
2022-12-06 01:00:00+00:00,0.0,-0.8067312836647034
2022-12-06 02:00:00+00:00,2.0,1.1063532829284668
2022-12-06 03:00:00+00:00,10.0,9.974087715148926
2022-12-06 04:00:00+00:00,40.0,40.08649826049805
2022-12-06 05:00:00+00:00,38.0,51.13243103027344
2022-12-06 06:00:00+00:00,32.0,47.79720687866211
2022-12-06 07:00:00+00:00,31.0,28.368934631347656
2022-12-06 08:00:00+00:00,24.0,32.83607864379883
2022-12-06 09:00:00+00:00,24.0,26.06492042541504
2022-12-06 10:00:00+00:00,31.0,25.041610717773438
2022-12-06 11:00:00+00:00,42.0,30.051677703857422
2022-12-06 12:00:00+00:00,46.0,42.845760345458984
2022-12-06 13:00:00+00:00,56.0,57.51225280761719
2022-12-06 14:00:00+00:00,38.0,38.358612060546875
2022-12-06 15:00:00+00:00,20.0,30.530670166015625
2022-12-06 16:00:00+00:00,16.0,18.22146987915039
2022-12-06 17:00:00+00:00,9.0,13.752236366271973
2022-12-06 18:00:00+00:00,8.0,8.258079528808594
2022-12-06 19:00:00+00:00,8.0,6.845770835876465
2022-12-06 20:00:00+00:00,3.0,6.047399044036865
2022-12-06 21:00:00+00:00,2.0,2.8491485118865967
2022-12-06 22:00:00+00:00,1.0,0.6827778816223145
2022-12-06 23:00:00+00:00,1.0,0.5546869039535522
2022-12-07 00:00:00+00:00,0.0,0.09470397233963013
2022-12-07 01:00:00+00:00,2.0,-0.8614094853401184
2022-12-07 02:00:00+00:00,2.0,5.384605884552002
2022-12-07 03:00:00+00:00,8.0,8.858404159545898
2022-12-07 04:00:00+00:00,40.0,36.422855377197266
2022-12-07 05:00:00+00:00,35.0,50.718204498291016
2022-12-07 06:00:00+00:00,33.0,43.116519927978516
2022-12-07 07:00:00+00:00,32.0,29.775367736816406
2022-12-07 08:00:00+00:00,39.0,32.949432373046875
2022-12-07 09:00:00+00:00,38.0,36.98934555053711
2022-12-07 10:00:00+00:00,30.0,35.922428131103516
2022-12-07 11:00:00+00:00,42.0,29.601106643676758
2022-12-07 12:00:00+00:00,33.0,45.003135681152344
2022-12-07 13:00:00+00:00,61.0,44.68342971801758
2022-12-07 14:00:00+00:00,52.0,45.217350006103516
2022-12-07 15:00:00+00:00,20.0,35.8974609375
2022-12-07 16:00:00+00:00,15.0,18.144025802612305
2022-12-07 17:00:00+00:00,16.0,13.853706359863281
2022-12-07 18:00:00+00:00,6.0,13.330751419067383
2022-12-07 19:00:00+00:00,3.0,5.104538440704346
2022-12-07 20:00:00+00:00,7.0,2.2013072967529297
2022-12-07 21:00:00+00:00,4.0,5.262905597686768
2022-12-07 22:00:00+00:00,1.0,2.1306004524230957
2022-12-07 23:00:00+00:00,1.0,0.6177741289138794
2022-12-08 00:00:00+00:00,0.0,0.23623120784759521
2022-12-08 01:00:00+00:00,2.0,-0.8603495955467224
2022-12-08 02:00:00+00:00,3.0,4.858287811279297
2022-12-08 03:00:00+00:00,3.0,12.006017684936523
2022-12-08 04:00:00+00:00,50.0,19.382938385009766
2022-12-08 05:00:00+00:00,45.0,65.44947052001953
2022-12-08 06:00:00+00:00,31.0,56.79664611816406
2022-12-08 07:00:00+00:00,27.0,27.290372848510742
2022-12-08 08:00:00+00:00,26.0,28.58184814453125
2022-12-08 09:00:00+00:00,26.0,29.696008682250977
2022-12-08 10:00:00+00:00,36.0,26.34705924987793
2022-12-08 11:00:00+00:00,30.0,34.77346420288086
2022-12-08 12:00:00+00:00,44.0,33.32770538330078
2022-12-08 13:00:00+00:00,56.0,55.326377868652344
2022-12-08 14:00:00+00:00,29.0,43.04706954956055
2022-12-08 15:00:00+00:00,33.0,23.910741806030273
2022-12-08 16:00:00+00:00,15.0,28.53557014465332
2022-12-08 17:00:00+00:00,9.0,13.209115028381348
2022-12-08 18:00:00+00:00,13.0,7.725996017456055
2022-12-08 19:00:00+00:00,7.0,10.310698509216309
2022-12-08 20:00:00+00:00,3.0,5.217890739440918
2022-12-08 21:00:00+00:00,3.0,1.8150355815887451
2022-12-08 22:00:00+00:00,3.0,1.5452978610992432
2022-12-08 23:00:00+00:00,1.0,2.5033624172210693
2022-12-09 00:00:00+00:00,0.0,-0.2295507788658142
2022-12-09 01:00:00+00:00,1.0,-0.8207834362983704
2022-12-09 02:00:00+00:00,5.0,1.390796422958374
2022-12-09 03:00:00+00:00,9.0,16.395071029663086
2022-12-09 04:00:00+00:00,27.0,37.89970016479492
2022-12-09 05:00:00+00:00,31.0,39.57568359375
2022-12-09 06:00:00+00:00,28.0,36.464378356933594
2022-12-09 07:00:00+00:00,32.0,30.21095085144043
2022-12-09 08:00:00+00:00,23.0,36.132877349853516
2022-12-09 09:00:00+00:00,33.0,26.16022300720215
2022-12-09 10:00:00+00:00,44.0,31.785728454589844
2022-12-09 11:00:00+00:00,35.0,48.867958068847656
2022-12-09 12:00:00+00:00,48.0,40.609893798828125
2022-12-09 13:00:00+00:00,63.0,57.4003791809082
2022-12-09 14:00:00+00:00,45.0,58.0772590637207
2022-12-09 15:00:00+00:00,22.0,39.539608001708984
2022-12-09 16:00:00+00:00,17.0,18.346200942993164
2022-12-09 17:00:00+00:00,11.0,13.334986686706543
2022-12-09 18:00:00+00:00,3.0,7.98696231842041
2022-12-09 19:00:00+00:00,5.0,2.5218822956085205
2022-12-09 20:00:00+00:00,8.0,3.8141510486602783
2022-12-09 21:00:00+00:00,4.5,6.746819496154785
2022-12-09 22:00:00+00:00,1.0,4.480920314788818
2022-12-09 23:00:00+00:00,0.0,-0.1513414978981018
2022-12-10 00:00:00+00:00,0.0,-0.356778085231781
2022-12-10 01:00:00+00:00,1.0,-0.6060575842857361
2022-12-10 02:00:00+00:00,0.0,-0.7142705321311951
2022-12-10 03:00:00+00:00,2.0,-0.8879393935203552
2022-12-10 04:00:00+00:00,4.0,8.74409008026123
2022-12-10 05:00:00+00:00,9.0,8.05941104888916
2022-12-10 06:00:00+00:00,13.0,18.65619468688965
2022-12-10 07:00:00+00:00,26.0,29.803083419799805
2022-12-10 08:00:00+00:00,30.0,41.25130844116211
2022-12-10 09:00:00+00:00,32.0,43.7974967956543
2022-12-10 10:00:00+00:00,41.0,35.80809783935547
2022-12-10 11:00:00+00:00,26.0,44.20357131958008
2022-12-10 12:00:00+00:00,19.0,26.57355308532715
2022-12-10 13:00:00+00:00,31.0,18.255678176879883
2022-12-10 14:00:00+00:00,28.0,28.070192337036133
2022-12-10 15:00:00+00:00,25.0,25.848173141479492
2022-12-10 16:00:00+00:00,21.0,20.758651733398438
2022-12-10 17:00:00+00:00,16.0,13.753507614135742
2022-12-10 18:00:00+00:00,9.0,11.509941101074219
2022-12-10 19:00:00+00:00,4.0,6.258388996124268
2022-12-10 20:00:00+00:00,2.0,3.684859275817871
2022-12-10 21:00:00+00:00,2.5,2.1047074794769287
2022-12-10 22:00:00+00:00,3.0,2.680191993713379
2022-12-10 23:00:00+00:00,3.0,3.0165061950683594
2022-12-11 00:00:00+00:00,1.0,3.119854688644409
2022-12-11 01:00:00+00:00,1.0,0.8021235466003418
2022-12-11 02:00:00+00:00,0.0,-0.5296375155448914
2022-12-11 03:00:00+00:00,3.0,-0.8433837294578552
2022-12-11 04:00:00+00:00,4.0,6.134050369262695
2022-12-11 05:00:00+00:00,2.0,10.37215805053711
2022-12-11 06:00:00+00:00,12.0,3.831592559814453
2022-12-11 07:00:00+00:00,13.0,21.031869888305664
2022-12-11 08:00:00+00:00,25.0,27.368940353393555
2022-12-11 09:00:00+00:00,37.0,38.89491271972656
2022-12-11 10:00:00+00:00,38.0,49.451759338378906
2022-12-11 11:00:00+00:00,47.0,39.879730224609375
2022-12-11 12:00:00+00:00,34.0,54.88813018798828
2022-12-11 13:00:00+00:00,37.0,38.05316925048828
2022-12-11 14:00:00+00:00,31.0,38.8283576965332
2022-12-11 15:00:00+00:00,34.0,33.52468490600586
2022-12-11 16:00:00+00:00,29.0,33.7931022644043
2022-12-11 17:00:00+00:00,22.0,28.84865379333496
2022-12-11 18:00:00+00:00,20.0,19.189756393432617
2022-12-11 19:00:00+00:00,8.0,14.076550483703613
2022-12-11 20:00:00+00:00,4.0,4.318365573883057
2022-12-11 21:00:00+00:00,2.0,1.5450596809387207
2022-12-11 22:00:00+00:00,0.0,0.5225934386253357
2022-12-11 23:00:00+00:00,1.0,0.33091801404953003
2022-12-12 00:00:00+00:00,1.0,0.23907464742660522
2022-12-12 01:00:00+00:00,1.0,1.3120731115341187
2022-12-12 02:00:00+00:00,9.0,3.645982503890991
2022-12-12 03:00:00+00:00,9.0,22.323959350585938
2022-12-12 04:00:00+00:00,41.0,38.30522537231445
2022-12-12 05:00:00+00:00,36.0,49.584495544433594
2022-12-12 06:00:00+00:00,28.0,42.170066833496094
2022-12-12 07:00:00+00:00,27.0,25.800060272216797
2022-12-12 08:00:00+00:00,36.0,27.743743896484375
2022-12-12 09:00:00+00:00,40.0,33.271156311035156
2022-12-12 10:00:00+00:00,24.0,36.639137268066406
2022-12-12 11:00:00+00:00,31.0,23.739057540893555
2022-12-12 12:00:00+00:00,41.0,34.838016510009766
2022-12-12 13:00:00+00:00,40.0,48.76470947265625
2022-12-12 14:00:00+00:00,34.0,32.80422592163086
2022-12-12 15:00:00+00:00,22.0,25.11182975769043
2022-12-12 16:00:00+00:00,16.0,19.79996109008789
2022-12-12 17:00:00+00:00,20.0,14.942219734191895
2022-12-12 18:00:00+00:00,9.0,15.906063079833984
2022-12-12 19:00:00+00:00,6.0,7.592626094818115
2022-12-12 20:00:00+00:00,4.0,4.881106376647949
2022-12-12 21:00:00+00:00,2.0,3.940157175064087
2022-12-12 22:00:00+00:00,0.0,0.9137401580810547
2022-12-12 23:00:00+00:00,0.0,-0.39849990606307983
2022-12-13 00:00:00+00:00,1.0,-0.9396851658821106
2022-12-13 01:00:00+00:00,0.0,0.629433810710907
2022-12-13 02:00:00+00:00,4.0,0.2595704197883606
2022-12-13 03:00:00+00:00,5.0,14.551196098327637
2022-12-13 04:00:00+00:00,29.0,27.74556541442871
2022-12-13 05:00:00+00:00,34.0,45.383506774902344
2022-12-13 06:00:00+00:00,18.0,38.91425704956055
2022-12-13 07:00:00+00:00,36.0,17.155256271362305
2022-12-13 08:00:00+00:00,22.0,36.97583770751953
2022-12-13 09:00:00+00:00,30.0,25.995500564575195
2022-12-13 10:00:00+00:00,23.0,34.231082916259766
2022-12-13 11:00:00+00:00,30.0,22.015865325927734
2022-12-13 12:00:00+00:00,22.0,33.51361846923828
2022-12-13 13:00:00+00:00,43.0,23.972888946533203
2022-12-13 14:00:00+00:00,36.0,46.34807205200195
2022-12-13 15:00:00+00:00,17.0,31.26680564880371
2022-12-13 16:00:00+00:00,15.0,16.585250854492188
2022-12-13 17:00:00+00:00,12.0,13.517970085144043
2022-12-13 18:00:00+00:00,13.0,10.627765655517578
2022-12-13 19:00:00+00:00,6.0,10.623857498168945
2022-12-13 20:00:00+00:00,3.0,5.200347900390625
2022-12-13 21:00:00+00:00,2.0,2.7296946048736572
2022-12-13 22:00:00+00:00,1.0,0.704627513885498
2022-12-13 23:00:00+00:00,1.0,0.5066947340965271
2022-12-14 00:00:00+00:00,0.0,0.030217528343200684
2022-12-14 01:00:00+00:00,0.0,-0.8212553858757019
2022-12-14 02:00:00+00:00,5.0,0.2143954038619995
2022-12-14 03:00:00+00:00,7.0,15.790696144104004
2022-12-14 04:00:00+00:00,24.0,34.3182258605957
2022-12-14 05:00:00+00:00,36.0,26.969823837280273
2022-12-14 06:00:00+00:00,24.0,44.12287521362305
2022-12-14 07:00:00+00:00,33.0,21.563919067382812
2022-12-14 08:00:00+00:00,31.0,35.572269439697266
2022-12-14 09:00:00+00:00,34.0,33.64087677001953
2022-12-14 10:00:00+00:00,27.0,32.74351119995117
2022-12-14 11:00:00+00:00,27.0,26.947179794311523
2022-12-14 12:00:00+00:00,31.0,28.674760818481445
2022-12-14 13:00:00+00:00,58.0,36.95288848876953
2022-12-14 14:00:00+00:00,23.0,47.06898880004883
2022-12-14 15:00:00+00:00,11.0,20.142406463623047
2022-12-14 16:00:00+00:00,15.0,12.942303657531738
2022-12-14 17:00:00+00:00,16.0,13.569343566894531
2022-12-14 18:00:00+00:00,10.0,13.334988594055176
2022-12-14 19:00:00+00:00,4.0,8.637687683105469
2022-12-14 20:00:00+00:00,3.0,3.1879043579101562
2022-12-14 21:00:00+00:00,2.0,2.472115993499756
2022-12-14 22:00:00+00:00,1.0,0.5707104802131653
2022-12-14 23:00:00+00:00,1.0,0.6414211392402649
2022-12-15 00:00:00+00:00,1.0,-0.2687835097312927
2022-12-15 01:00:00+00:00,1.0,0.30573058128356934
2022-12-15 02:00:00+00:00,2.0,2.3102190494537354
2022-12-15 03:00:00+00:00,4.0,9.332877159118652
2022-12-15 04:00:00+00:00,39.0,24.48173713684082
2022-12-15 05:00:00+00:00,31.0,52.72593688964844
2022-12-15 06:00:00+00:00,40.0,32.53217315673828
2022-12-15 07:00:00+00:00,24.0,42.346763610839844
2022-12-15 08:00:00+00:00,37.0,28.080509185791016
2022-12-15 09:00:00+00:00,31.0,36.25840759277344
2022-12-15 10:00:00+00:00,24.0,29.481895446777344
2022-12-15 11:00:00+00:00,43.0,24.542163848876953
2022-12-15 12:00:00+00:00,46.0,44.6491813659668
2022-12-15 13:00:00+00:00,40.0,60.23494338989258
2022-12-15 14:00:00+00:00,40.0,35.16676330566406
2022-12-15 15:00:00+00:00,25.0,33.00784683227539
2022-12-15 16:00:00+00:00,16.0,22.340795516967773
2022-12-15 17:00:00+00:00,13.0,14.422866821289062
2022-12-15 18:00:00+00:00,12.0,10.993319511413574
2022-12-15 19:00:00+00:00,8.0,9.602784156799316
2022-12-15 20:00:00+00:00,2.0,5.613267421722412
2022-12-15 21:00:00+00:00,1.0,1.2710427045822144
2022-12-15 22:00:00+00:00,0.0,-0.0715188980102539
2022-12-15 23:00:00+00:00,2.0,-0.33579856157302856
2022-12-16 00:00:00+00:00,0.0,0.9555216431617737
2022-12-16 01:00:00+00:00,1.0,-0.8491762280464172
2022-12-16 02:00:00+00:00,2.0,0.902540922164917
2022-12-16 03:00:00+00:00,3.0,9.551158905029297
2022-12-16 04:00:00+00:00,31.0,15.463767051696777
2022-12-16 05:00:00+00:00,22.0,45.42540740966797
2022-12-16 06:00:00+00:00,20.0,26.282005310058594
2022-12-16 07:00:00+00:00,28.0,21.69280242919922
2022-12-16 08:00:00+00:00,38.0,33.51685333251953
2022-12-16 09:00:00+00:00,29.0,39.4802360534668
2022-12-16 10:00:00+00:00,38.0,30.099563598632812
2022-12-16 11:00:00+00:00,30.0,38.534420013427734
2022-12-16 12:00:00+00:00,48.0,32.996212005615234
2022-12-16 13:00:00+00:00,44.0,58.12348937988281
2022-12-16 14:00:00+00:00,32.0,49.58845520019531
2022-12-16 15:00:00+00:00,31.0,27.06601905822754
2022-12-16 16:00:00+00:00,14.0,25.38299560546875
2022-12-16 17:00:00+00:00,14.0,11.791930198669434
2022-12-16 18:00:00+00:00,4.0,10.640090942382812
2022-12-16 19:00:00+00:00,7.0,3.4587466716766357
2022-12-16 20:00:00+00:00,6.0,5.60280179977417
2022-12-16 21:00:00+00:00,5.0,5.2031097412109375
2022-12-16 22:00:00+00:00,4.0,4.533378601074219
2022-12-16 23:00:00+00:00,4.0,3.156960964202881
2022-12-17 00:00:00+00:00,2.0,4.67563009262085
2022-12-17 01:00:00+00:00,1.0,1.2991974353790283
2022-12-17 02:00:00+00:00,1.0,-0.6710451245307922
2022-12-17 03:00:00+00:00,1.0,0.2214970588684082
2022-12-17 04:00:00+00:00,4.0,5.824140548706055
2022-12-17 05:00:00+00:00,4.0,8.765487670898438
2022-12-17 06:00:00+00:00,18.0,8.223814010620117
2022-12-17 07:00:00+00:00,24.0,38.935462951660156
2022-12-17 08:00:00+00:00,48.0,42.54701232910156
2022-12-17 09:00:00+00:00,50.0,67.65324401855469
2022-12-17 10:00:00+00:00,25.0,63.23704528808594
2022-12-17 11:00:00+00:00,35.0,27.641483306884766
2022-12-17 12:00:00+00:00,27.0,31.35234260559082
2022-12-17 13:00:00+00:00,19.0,25.119977951049805
2022-12-17 14:00:00+00:00,21.0,18.753070831298828
2022-12-17 15:00:00+00:00,16.0,19.989351272583008
2022-12-17 16:00:00+00:00,12.0,13.908638954162598
2022-12-17 17:00:00+00:00,13.0,7.938446998596191
2022-12-17 18:00:00+00:00,6.0,9.370878219604492
2022-12-17 19:00:00+00:00,9.0,4.091273784637451
2022-12-17 20:00:00+00:00,5.0,8.23052978515625
2022-12-17 21:00:00+00:00,4.5,4.627272129058838
2022-12-17 22:00:00+00:00,4.0,4.407351493835449
2022-12-17 23:00:00+00:00,0.0,3.971857786178589
2022-12-18 00:00:00+00:00,2.0,-0.24394530057907104
2022-12-18 01:00:00+00:00,1.0,1.9829914569854736
2022-12-18 02:00:00+00:00,1.0,-0.48299843072891235
2022-12-18 03:00:00+00:00,2.0,0.4165998101234436
2022-12-18 04:00:00+00:00,1.0,4.7481794357299805
2022-12-18 05:00:00+00:00,5.0,2.8872110843658447
2022-12-18 06:00:00+00:00,4.0,9.367902755737305
2022-12-18 07:00:00+00:00,9.0,8.757450103759766
2022-12-18 08:00:00+00:00,13.0,22.645780563354492
2022-12-18 09:00:00+00:00,24.0,24.44998550415039
2022-12-18 10:00:00+00:00,27.0,30.203149795532227
2022-12-18 11:00:00+00:00,54.0,31.734323501586914
2022-12-18 12:00:00+00:00,39.0,65.65583038330078
2022-12-18 13:00:00+00:00,25.0,37.25071716308594
2022-12-18 14:00:00+00:00,28.0,28.402908325195312
2022-12-18 15:00:00+00:00,22.0,30.469100952148438
2022-12-18 16:00:00+00:00,20.0,23.970399856567383
2022-12-18 17:00:00+00:00,30.0,20.60759162902832
2022-12-18 18:00:00+00:00,22.0,25.756746292114258
2022-12-18 19:00:00+00:00,8.0,14.926956176757812
2022-12-18 20:00:00+00:00,4.0,4.006234169006348
2022-12-18 21:00:00+00:00,3.5,1.9157214164733887
2022-12-18 22:00:00+00:00,3.0,1.2578856945037842
2022-12-18 23:00:00+00:00,2.0,2.879899263381958
2022-12-19 00:00:00+00:00,0.0,0.925926685333252
2022-12-19 01:00:00+00:00,0.0,-0.6648052334785461
2022-12-19 02:00:00+00:00,5.0,1.5980489253997803
2022-12-19 03:00:00+00:00,9.0,15.608606338500977
2022-12-19 04:00:00+00:00,39.0,38.381072998046875
2022-12-19 05:00:00+00:00,31.0,52.52177429199219
2022-12-19 06:00:00+00:00,24.0,29.659557342529297
2022-12-19 07:00:00+00:00,28.0,21.41106414794922
2022-12-19 08:00:00+00:00,34.0,29.09799575805664
2022-12-19 09:00:00+00:00,37.0,33.263092041015625
2022-12-19 10:00:00+00:00,34.0,34.15309143066406
2022-12-19 11:00:00+00:00,27.0,30.0722713470459
2022-12-19 12:00:00+00:00,38.0,28.2916202545166
2022-12-19 13:00:00+00:00,56.0,49.52971649169922
2022-12-19 14:00:00+00:00,34.0,37.8267707824707
2022-12-19 15:00:00+00:00,20.0,24.870210647583008
2022-12-19 16:00:00+00:00,25.0,17.350425720214844
2022-12-19 17:00:00+00:00,13.0,19.98140525817871
2022-12-19 18:00:00+00:00,11.0,11.29221248626709
2022-12-19 19:00:00+00:00,4.0,9.36111831665039
2022-12-19 20:00:00+00:00,4.0,2.873993158340454
2022-12-19 21:00:00+00:00,2.0,4.103754997253418
2022-12-19 22:00:00+00:00,0.0,0.6320134401321411
2022-12-19 23:00:00+00:00,1.0,-0.31030362844467163
2022-12-20 00:00:00+00:00,0.0,0.08128190040588379
2022-12-20 01:00:00+00:00,0.0,-0.7995519042015076
2022-12-20 02:00:00+00:00,4.0,0.49655085802078247
2022-12-20 03:00:00+00:00,5.0,13.829488754272461
2022-12-20 04:00:00+00:00,40.0,27.8109188079834
2022-12-20 05:00:00+00:00,24.0,53.75646209716797
2022-12-20 06:00:00+00:00,24.0,24.138826370239258
2022-12-20 07:00:00+00:00,37.0,21.5687255859375
2022-12-20 08:00:00+00:00,45.0,34.065521240234375
2022-12-20 09:00:00+00:00,38.0,47.406742095947266
2022-12-20 10:00:00+00:00,33.0,35.35889434814453
2022-12-20 11:00:00+00:00,43.0,30.050689697265625
2022-12-20 12:00:00+00:00,38.0,43.39455032348633
2022-12-20 13:00:00+00:00,59.0,47.00936508178711
2022-12-20 14:00:00+00:00,30.0,40.07029342651367
2022-12-20 15:00:00+00:00,27.0,22.821474075317383
2022-12-20 16:00:00+00:00,21.0,23.36155128479004
2022-12-20 17:00:00+00:00,8.0,18.179683685302734
2022-12-20 18:00:00+00:00,16.0,8.979934692382812
2022-12-20 19:00:00+00:00,10.0,13.235194206237793
2022-12-20 20:00:00+00:00,3.0,6.922476291656494
2022-12-20 21:00:00+00:00,2.5,3.166367530822754
2022-12-20 22:00:00+00:00,2.0,1.159210443496704
2022-12-20 23:00:00+00:00,0.0,1.2557295560836792
2022-12-21 00:00:00+00:00,0.0,-0.8824033141136169
2022-12-21 01:00:00+00:00,0.0,-0.799110472202301
2022-12-21 02:00:00+00:00,3.0,0.6333725452423096
2022-12-21 03:00:00+00:00,8.0,12.771988868713379
2022-12-21 04:00:00+00:00,27.0,37.58601379394531
2022-12-21 05:00:00+00:00,33.0,36.549434661865234
2022-12-21 06:00:00+00:00,29.0,39.218772888183594
2022-12-21 07:00:00+00:00,31.0,29.501358032226562
2022-12-21 08:00:00+00:00,38.0,31.6987247467041
2022-12-21 09:00:00+00:00,41.0,33.18694305419922
2022-12-21 10:00:00+00:00,55.0,38.802490234375
2022-12-21 11:00:00+00:00,35.0,66.72733306884766
2022-12-21 12:00:00+00:00,56.0,38.2640380859375
2022-12-21 13:00:00+00:00,63.0,70.27631378173828
2022-12-21 14:00:00+00:00,43.0,49.670936584472656
2022-12-21 15:00:00+00:00,33.0,33.934532165527344
2022-12-21 16:00:00+00:00,23.0,29.162826538085938
2022-12-21 17:00:00+00:00,15.0,18.636674880981445
2022-12-21 18:00:00+00:00,14.0,13.065120697021484
2022-12-21 19:00:00+00:00,12.0,11.859199523925781
2022-12-21 20:00:00+00:00,6.0,8.920953750610352
2022-12-21 21:00:00+00:00,3.0,4.480221271514893
2022-12-21 22:00:00+00:00,0.0,1.712738037109375
2022-12-21 23:00:00+00:00,2.0,-0.48147791624069214
2022-12-22 00:00:00+00:00,1.0,0.5652689933776855
2022-12-22 01:00:00+00:00,0.0,-0.09130275249481201
2022-12-22 02:00:00+00:00,0.0,-0.44281846284866333
2022-12-22 03:00:00+00:00,8.0,2.61689829826355
2022-12-22 04:00:00+00:00,28.0,37.502506256103516
2022-12-22 05:00:00+00:00,21.0,42.79475402832031
2022-12-22 06:00:00+00:00,27.0,21.921470642089844
2022-12-22 07:00:00+00:00,35.0,29.692230224609375
2022-12-22 08:00:00+00:00,43.0,36.52025604248047
2022-12-22 09:00:00+00:00,45.0,43.98740005493164
2022-12-22 10:00:00+00:00,44.0,46.91044616699219
2022-12-22 11:00:00+00:00,43.0,43.27510070800781
2022-12-22 12:00:00+00:00,46.0,43.55064392089844
2022-12-22 13:00:00+00:00,51.0,45.35272216796875
2022-12-22 14:00:00+00:00,40.0,42.17903137207031
2022-12-22 15:00:00+00:00,37.0,35.763343811035156
2022-12-22 16:00:00+00:00,22.0,32.51906204223633
2022-12-22 17:00:00+00:00,19.0,18.052053451538086
2022-12-22 18:00:00+00:00,12.0,15.037283897399902
2022-12-22 19:00:00+00:00,9.0,9.342214584350586
2022-12-22 20:00:00+00:00,4.0,7.280185699462891
2022-12-22 21:00:00+00:00,2.0,3.1219515800476074
2022-12-22 22:00:00+00:00,0.0,0.7534592151641846
2022-12-22 23:00:00+00:00,0.0,-0.45886582136154175
2022-12-23 00:00:00+00:00,0.0,-0.27565497159957886
2022-12-23 01:00:00+00:00,1.0,-0.5662947297096252
2022-12-23 02:00:00+00:00,1.0,-0.45020490884780884
2022-12-23 03:00:00+00:00,4.0,6.2696404457092285
2022-12-23 04:00:00+00:00,12.0,17.057092666625977
2022-12-23 05:00:00+00:00,16.0,18.712644577026367
2022-12-23 06:00:00+00:00,22.0,18.935176849365234
2022-12-23 07:00:00+00:00,39.0,29.32195472717285
2022-12-23 08:00:00+00:00,29.0,47.917457580566406
2022-12-23 09:00:00+00:00,41.0,32.00437927246094
2022-12-23 10:00:00+00:00,67.0,43.45301818847656
2022-12-23 11:00:00+00:00,52.0,82.1614761352539
2022-12-23 12:00:00+00:00,49.0,52.92821502685547
2022-12-23 13:00:00+00:00,39.0,51.74078369140625
2022-12-23 14:00:00+00:00,36.0,44.15544128417969
2022-12-23 15:00:00+00:00,30.0,30.818681716918945
2022-12-23 16:00:00+00:00,17.0,24.077713012695312
2022-12-23 17:00:00+00:00,20.0,13.291438102722168
2022-12-23 18:00:00+00:00,9.0,14.15941047668457
2022-12-23 19:00:00+00:00,4.0,7.292510986328125
2022-12-23 20:00:00+00:00,3.0,3.135084390640259
2022-12-23 21:00:00+00:00,3.0,2.609218120574951
2022-12-23 22:00:00+00:00,3.0,2.2273290157318115
2022-12-23 23:00:00+00:00,1.0,2.454096555709839
2022-12-24 00:00:00+00:00,0.0,0.622411847114563
2022-12-24 01:00:00+00:00,1.0,-0.8999946713447571
2022-12-24 02:00:00+00:00,0.0,0.8807673454284668
2022-12-24 03:00:00+00:00,2.0,1.3549635410308838
2022-12-24 04:00:00+00:00,1.0,6.929064750671387
2022-12-24 05:00:00+00:00,2.0,2.683138132095337
2022-12-24 06:00:00+00:00,5.0,2.1401634216308594
2022-12-24 07:00:00+00:00,8.0,9.756327629089355
2022-12-24 08:00:00+00:00,19.0,16.516706466674805
2022-12-24 09:00:00+00:00,18.0,31.771772384643555
2022-12-24 10:00:00+00:00,15.0,20.423885345458984
2022-12-24 11:00:00+00:00,21.0,15.910650253295898
2022-12-24 12:00:00+00:00,23.0,19.639102935791016
2022-12-24 13:00:00+00:00,25.0,20.116477966308594
2022-12-24 14:00:00+00:00,22.0,21.748062133789062
2022-12-24 15:00:00+00:00,9.0,17.449602127075195
2022-12-24 16:00:00+00:00,0.0,6.898952960968018
2022-12-24 17:00:00+00:00,4.0,-0.9173116087913513
2022-12-24 18:00:00+00:00,3.0,0.6153327226638794
2022-12-24 19:00:00+00:00,15.0,0.2959504723548889
2022-12-24 20:00:00+00:00,14.0,11.907710075378418
2022-12-24 21:00:00+00:00,10.5,10.961352348327637
2022-12-24 22:00:00+00:00,7.0,8.735066413879395
2022-12-24 23:00:00+00:00,1.0,6.652059555053711
2022-12-25 00:00:00+00:00,0.0,1.224817156791687
2022-12-25 01:00:00+00:00,0.0,-0.9630988240242004
2022-12-25 02:00:00+00:00,0.0,-0.5863383412361145
2022-12-25 03:00:00+00:00,0.0,1.412156105041504
2022-12-25 04:00:00+00:00,2.0,2.6965537071228027
2022-12-25 05:00:00+00:00,5.0,4.651896953582764
2022-12-25 06:00:00+00:00,3.0,12.223793029785156
2022-12-25 07:00:00+00:00,7.0,9.426959991455078
2022-12-25 08:00:00+00:00,9.0,15.798922538757324
2022-12-25 09:00:00+00:00,18.0,21.49260711669922
2022-12-25 10:00:00+00:00,30.0,29.914670944213867
2022-12-25 11:00:00+00:00,41.0,38.883026123046875
2022-12-25 12:00:00+00:00,32.0,47.00725555419922
2022-12-25 13:00:00+00:00,20.0,36.30894470214844
2022-12-25 14:00:00+00:00,20.0,20.816999435424805
2022-12-25 15:00:00+00:00,28.0,21.408605575561523
2022-12-25 16:00:00+00:00,18.0,24.964311599731445
2022-12-25 17:00:00+00:00,18.0,14.55005168914795
2022-12-25 18:00:00+00:00,18.0,12.124478340148926
2022-12-25 19:00:00+00:00,4.0,10.456777572631836
2022-12-25 20:00:00+00:00,3.0,2.008629083633423
2022-12-25 21:00:00+00:00,3.5,0.9643821716308594
2022-12-25 22:00:00+00:00,4.0,1.512850046157837
2022-12-25 23:00:00+00:00,1.0,2.969897985458374
2022-12-26 00:00:00+00:00,0.0,-0.16471809148788452
2022-12-26 01:00:00+00:00,0.0,-0.6227301955223083
2022-12-26 02:00:00+00:00,0.0,1.7208502292633057
2022-12-26 03:00:00+00:00,0.0,1.6352062225341797
2022-12-26 04:00:00+00:00,1.0,4.675193786621094
2022-12-26 05:00:00+00:00,10.0,3.897143602371216
2022-12-26 06:00:00+00:00,9.0,17.974445343017578
2022-12-26 07:00:00+00:00,17.0,18.611690521240234
2022-12-26 08:00:00+00:00,26.0,35.28691101074219
2022-12-26 09:00:00+00:00,34.0,43.43669891357422
2022-12-26 10:00:00+00:00,38.0,49.85874938964844
2022-12-26 11:00:00+00:00,41.0,46.37647247314453
2022-12-26 12:00:00+00:00,24.0,40.4180793762207
2022-12-26 13:00:00+00:00,40.0,24.206157684326172
2022-12-26 14:00:00+00:00,23.0,40.31498336791992
2022-12-26 15:00:00+00:00,29.0,21.506027221679688
2022-12-26 16:00:00+00:00,33.0,26.36924934387207
2022-12-26 17:00:00+00:00,29.0,28.043527603149414
2022-12-26 18:00:00+00:00,14.0,22.8040828704834
2022-12-26 19:00:00+00:00,13.0,11.68558120727539
2022-12-26 20:00:00+00:00,5.0,9.105510711669922
2022-12-26 21:00:00+00:00,3.0,5.021030902862549
2022-12-26 22:00:00+00:00,1.0,1.4924898147583008
2022-12-26 23:00:00+00:00,1.0,0.012925326824188232
2022-12-27 00:00:00+00:00,1.0,0.4287759065628052
2022-12-27 01:00:00+00:00,2.0,0.03531914949417114
2022-12-27 02:00:00+00:00,1.0,0.871208667755127
2022-12-27 03:00:00+00:00,5.0,6.282687187194824
2022-12-27 04:00:00+00:00,12.0,16.72719383239746
2022-12-27 05:00:00+00:00,16.0,26.789718627929688
2022-12-27 06:00:00+00:00,11.0,22.172521591186523
2022-12-27 07:00:00+00:00,25.0,19.12384605407715
2022-12-27 08:00:00+00:00,31.0,39.52824020385742
2022-12-27 09:00:00+00:00,40.0,42.612518310546875
2022-12-27 10:00:00+00:00,50.0,43.79494857788086
2022-12-27 11:00:00+00:00,36.0,52.814781188964844
2022-12-27 12:00:00+00:00,35.0,34.602603912353516
2022-12-27 13:00:00+00:00,50.0,37.951595306396484
2022-12-27 14:00:00+00:00,38.0,45.74268341064453
2022-12-27 15:00:00+00:00,25.0,32.214229583740234
2022-12-27 16:00:00+00:00,15.0,21.869003295898438
2022-12-27 17:00:00+00:00,12.0,13.27952766418457
2022-12-27 18:00:00+00:00,13.0,10.830899238586426
2022-12-27 19:00:00+00:00,8.0,10.783894538879395
2022-12-27 20:00:00+00:00,4.0,6.542552471160889
2022-12-27 21:00:00+00:00,3.0,3.996464490890503
2022-12-27 22:00:00+00:00,2.0,1.2448253631591797
2022-12-27 23:00:00+00:00,1.0,0.8899780511856079
2022-12-28 00:00:00+00:00,2.0,-0.1367998719215393
2022-12-28 01:00:00+00:00,1.0,1.3986713886260986
2022-12-28 02:00:00+00:00,0.0,1.9686028957366943
2022-12-28 03:00:00+00:00,7.0,2.5597026348114014
2022-12-28 04:00:00+00:00,10.0,21.0737361907959
2022-12-28 05:00:00+00:00,17.0,22.319364547729492
2022-12-28 06:00:00+00:00,20.0,22.852712631225586
2022-12-28 07:00:00+00:00,33.0,29.397069931030273
2022-12-28 08:00:00+00:00,37.0,49.22289276123047
2022-12-28 09:00:00+00:00,38.0,51.92936706542969
2022-12-28 10:00:00+00:00,39.0,37.576446533203125
2022-12-28 11:00:00+00:00,37.0,36.108970642089844
2022-12-28 12:00:00+00:00,23.0,34.17124938964844
2022-12-28 13:00:00+00:00,34.0,23.893512725830078
2022-12-28 14:00:00+00:00,36.0,31.484731674194336
2022-12-28 15:00:00+00:00,21.0,29.31304359436035
2022-12-28 16:00:00+00:00,15.0,19.143293380737305
2022-12-28 17:00:00+00:00,16.0,12.412848472595215
2022-12-28 18:00:00+00:00,7.0,13.314870834350586
2022-12-28 19:00:00+00:00,5.0,6.327471733093262
2022-12-28 20:00:00+00:00,7.0,4.521847248077393
2022-12-28 21:00:00+00:00,4.5,6.106189250946045
2022-12-28 22:00:00+00:00,2.0,2.3612518310546875
2022-12-28 23:00:00+00:00,1.0,0.7176161408424377
2022-12-29 00:00:00+00:00,0.0,-0.1283976435661316
2022-12-29 01:00:00+00:00,1.0,-0.8047663569450378
2022-12-29 02:00:00+00:00,2.0,1.7823415994644165
2022-12-29 03:00:00+00:00,6.0,10.01711654663086
2022-12-29 04:00:00+00:00,15.0,14.87742805480957
2022-12-29 05:00:00+00:00,19.0,33.241615295410156
2022-12-29 06:00:00+00:00,20.0,28.309001922607422
2022-12-29 07:00:00+00:00,26.0,33.14535903930664
2022-12-29 08:00:00+00:00,37.0,37.27408981323242
2022-12-29 09:00:00+00:00,38.0,48.88840866088867
2022-12-29 10:00:00+00:00,50.0,37.06361770629883
2022-12-29 11:00:00+00:00,48.0,56.91322326660156
2022-12-29 12:00:00+00:00,36.0,47.727115631103516
2022-12-29 13:00:00+00:00,42.0,43.606163024902344
2022-12-29 14:00:00+00:00,37.0,43.0595703125
2022-12-29 15:00:00+00:00,24.0,31.289894104003906
2022-12-29 16:00:00+00:00,17.0,20.74144172668457
2022-12-29 17:00:00+00:00,18.0,13.621498107910156
2022-12-29 18:00:00+00:00,9.0,14.156559944152832
2022-12-29 19:00:00+00:00,4.0,7.324934959411621
2022-12-29 20:00:00+00:00,6.0,3.425933837890625
2022-12-29 21:00:00+00:00,3.5,5.097546100616455
2022-12-29 22:00:00+00:00,1.0,2.0943920612335205
2022-12-29 23:00:00+00:00,3.0,-0.013245999813079834
2022-12-30 00:00:00+00:00,1.0,2.0289862155914307
2022-12-30 01:00:00+00:00,0.0,-0.4685606360435486
2022-12-30 02:00:00+00:00,2.0,-0.763897716999054
2022-12-30 03:00:00+00:00,5.0,10.157898902893066
2022-12-30 04:00:00+00:00,9.0,11.80572509765625
2022-12-30 05:00:00+00:00,10.0,23.464067459106445
2022-12-30 06:00:00+00:00,13.0,16.09283447265625
2022-12-30 07:00:00+00:00,28.0,20.830129623413086
2022-12-30 08:00:00+00:00,31.0,40.20475387573242
2022-12-30 09:00:00+00:00,39.0,44.355594635009766
2022-12-30 10:00:00+00:00,39.0,40.3597297668457
2022-12-30 11:00:00+00:00,50.0,39.19509506225586
2022-12-30 12:00:00+00:00,33.0,52.88629913330078
2022-12-30 13:00:00+00:00,20.0,37.07282257080078
2022-12-30 14:00:00+00:00,24.0,20.15830421447754
2022-12-30 15:00:00+00:00,12.0,21.2149600982666
2022-12-30 16:00:00+00:00,26.0,11.668962478637695
2022-12-30 17:00:00+00:00,52.0,19.5775146484375
2022-12-30 18:00:00+00:00,22.0,42.76705551147461
2022-12-30 19:00:00+00:00,2.0,16.405229568481445
2022-12-30 20:00:00+00:00,0.0,0.9508316516876221
2022-12-30 21:00:00+00:00,4.5,-0.4255785346031189
2022-12-30 22:00:00+00:00,9.0,3.849860429763794
2022-12-30 23:00:00+00:00,0.0,6.560316562652588
2022-12-31 00:00:00+00:00,0.0,-0.36369436979293823
2022-12-31 01:00:00+00:00,1.0,-0.9666959643363953
2022-12-31 02:00:00+00:00,0.0,0.5057985782623291
2022-12-31 03:00:00+00:00,2.0,-0.006546735763549805
2022-12-31 04:00:00+00:00,3.0,7.928868293762207
2022-12-31 05:00:00+00:00,3.0,8.077448844909668
2022-12-31 06:00:00+00:00,8.0,5.611788749694824
2022-12-31 07:00:00+00:00,18.0,16.61852264404297
2022-12-31 08:00:00+00:00,15.0,39.834991455078125
2022-12-31 09:00:00+00:00,42.0,28.45001220703125
2022-12-31 10:00:00+00:00,40.0,56.854835510253906
2022-12-31 11:00:00+00:00,25.0,46.573490142822266
2022-12-31 12:00:00+00:00,25.0,24.60399627685547
2022-12-31 13:00:00+00:00,24.0,22.83584213256836
2022-12-31 14:00:00+00:00,11.0,22.52016830444336
2022-12-31 15:00:00+00:00,16.0,9.86645793914795
2022-12-31 16:00:00+00:00,9.0,11.928485870361328
2022-12-31 17:00:00+00:00,4.0,7.148988246917725
2022-12-31 18:00:00+00:00,7.0,2.0369374752044678
2022-12-31 19:00:00+00:00,2.0,4.979495525360107
2022-12-31 20:00:00+00:00,4.0,1.4581058025360107
